[2024-12-30 18:33:02] Error: 1024 - 2 - La dirección (URL) del controlador no existe. en /opt/lampp/htdocs/bitacora_oriental/index.php:91
[2025-01-03 12:33:08] Error: 2 - Trying to access array offset on value of type bool en C:\xampp\htdocs\bitacora_oriental\view\trip\editTrip.php:7
[2025-01-03 12:33:08] Error: 2 - Trying to access array offset on value of type bool en C:\xampp\htdocs\bitacora_oriental\view\trip\editTrip.php:30
[2025-01-03 12:33:08] Error: 2 - Trying to access array offset on value of type bool en C:\xampp\htdocs\bitacora_oriental\view\trip\editTrip.php:35
[2025-01-03 12:33:08] Error: 2 - Trying to access array offset on value of type bool en C:\xampp\htdocs\bitacora_oriental\view\trip\editTrip.php:42
[2025-01-03 12:33:08] Error: 2 - Trying to access array offset on value of type bool en C:\xampp\htdocs\bitacora_oriental\view\trip\editTrip.php:47
[2025-01-03 12:33:08] Error: 2 - Trying to access array offset on value of type bool en C:\xampp\htdocs\bitacora_oriental\view\trip\editTrip.php:53
[2025-01-03 12:33:08] Error: 2 - Trying to access array offset on value of type bool en C:\xampp\htdocs\bitacora_oriental\view\trip\editTrip.php:54
[2025-01-03 12:33:08] Error: 2 - Trying to access array offset on value of type bool en C:\xampp\htdocs\bitacora_oriental\view\trip\editTrip.php:59
[2025-01-03 12:33:08] Error: 2 - Trying to access array offset on value of type bool en C:\xampp\htdocs\bitacora_oriental\view\trip\editTrip.php:66
[2025-01-03 12:33:08] Error: 2 - Trying to access array offset on value of type bool en C:\xampp\htdocs\bitacora_oriental\view\trip\editTrip.php:71
[2025-01-03 12:33:08] Error: 2 - Trying to access array offset on value of type bool en C:\xampp\htdocs\bitacora_oriental\view\trip\editTrip2.php:29
[2025-01-03 12:33:08] Error: 2 - Trying to access array offset on value of type bool en C:\xampp\htdocs\bitacora_oriental\view\trip\editTrip2.php:29
[2025-01-03 12:33:08] Error: 2 - Trying to access array offset on value of type bool en C:\xampp\htdocs\bitacora_oriental\view\trip\editTrip2.php:29
[2025-01-03 12:33:08] Error: 2 - Trying to access array offset on value of type bool en C:\xampp\htdocs\bitacora_oriental\view\trip\editTrip2.php:29
[2025-01-03 12:33:08] Error: 2 - Trying to access array offset on value of type bool en C:\xampp\htdocs\bitacora_oriental\view\trip\editTrip2.php:29
[2025-01-03 12:33:08] Error: 2 - Trying to access array offset on value of type bool en C:\xampp\htdocs\bitacora_oriental\view\trip\editTrip2.php:29
[2025-01-03 12:33:08] Error: 2 - Trying to access array offset on value of type bool en C:\xampp\htdocs\bitacora_oriental\view\trip\editTrip2.php:29
[2025-01-03 12:33:08] Error: 2 - Trying to access array offset on value of type bool en C:\xampp\htdocs\bitacora_oriental\view\trip\editTrip2.php:29
[2025-01-03 12:33:08] Error: 2 - Trying to access array offset on value of type bool en C:\xampp\htdocs\bitacora_oriental\view\trip\editTrip2.php:29
[2025-01-03 12:33:08] Error: 2 - Trying to access array offset on value of type bool en C:\xampp\htdocs\bitacora_oriental\view\trip\editTrip2.php:29
[2025-01-03 12:33:08] Error: 2 - Trying to access array offset on value of type bool en C:\xampp\htdocs\bitacora_oriental\view\trip\editTrip2.php:29
[2025-01-03 12:33:08] Error: 2 - Trying to access array offset on value of type bool en C:\xampp\htdocs\bitacora_oriental\view\trip\editTrip2.php:29
[2025-01-03 12:33:08] Error: 2 - Trying to access array offset on value of type bool en C:\xampp\htdocs\bitacora_oriental\view\trip\editTrip2.php:29
[2025-01-03 12:33:08] Error: 2 - Trying to access array offset on value of type bool en C:\xampp\htdocs\bitacora_oriental\view\trip\editTrip2.php:29
[2025-01-03 12:33:08] Error: 2 - Trying to access array offset on value of type bool en C:\xampp\htdocs\bitacora_oriental\view\trip\editTrip2.php:29
[2025-01-03 12:33:08] Error: 2 - Trying to access array offset on value of type bool en C:\xampp\htdocs\bitacora_oriental\view\trip\editTrip2.php:29
[2025-01-03 12:33:08] Error: 2 - Trying to access array offset on value of type bool en C:\xampp\htdocs\bitacora_oriental\view\trip\editTrip2.php:29
[2025-01-03 12:35:53] Error: 2 - Trying to access array offset on value of type bool en C:\xampp\htdocs\bitacora_oriental\view\trip\editTrip.php:7
[2025-01-03 12:35:53] Error: 2 - Trying to access array offset on value of type bool en C:\xampp\htdocs\bitacora_oriental\view\trip\editTrip.php:30
[2025-01-03 12:35:53] Error: 2 - Trying to access array offset on value of type bool en C:\xampp\htdocs\bitacora_oriental\view\trip\editTrip.php:35
[2025-01-03 12:35:53] Error: 2 - Trying to access array offset on value of type bool en C:\xampp\htdocs\bitacora_oriental\view\trip\editTrip.php:42
[2025-01-03 12:35:53] Error: 2 - Trying to access array offset on value of type bool en C:\xampp\htdocs\bitacora_oriental\view\trip\editTrip.php:47
[2025-01-03 12:35:53] Error: 2 - Trying to access array offset on value of type bool en C:\xampp\htdocs\bitacora_oriental\view\trip\editTrip.php:53
[2025-01-03 12:35:53] Error: 2 - Trying to access array offset on value of type bool en C:\xampp\htdocs\bitacora_oriental\view\trip\editTrip.php:54
[2025-01-03 12:35:53] Error: 2 - Trying to access array offset on value of type bool en C:\xampp\htdocs\bitacora_oriental\view\trip\editTrip.php:59
[2025-01-03 12:35:53] Error: 2 - Trying to access array offset on value of type bool en C:\xampp\htdocs\bitacora_oriental\view\trip\editTrip.php:66
[2025-01-03 12:35:53] Error: 2 - Trying to access array offset on value of type bool en C:\xampp\htdocs\bitacora_oriental\view\trip\editTrip.php:71
[2025-01-03 12:35:53] Error: 2 - Trying to access array offset on value of type bool en C:\xampp\htdocs\bitacora_oriental\view\trip\editTrip2.php:29
[2025-01-03 12:35:53] Error: 2 - Trying to access array offset on value of type bool en C:\xampp\htdocs\bitacora_oriental\view\trip\editTrip2.php:29
[2025-01-03 12:35:53] Error: 2 - Trying to access array offset on value of type bool en C:\xampp\htdocs\bitacora_oriental\view\trip\editTrip2.php:29
[2025-01-03 12:35:53] Error: 2 - Trying to access array offset on value of type bool en C:\xampp\htdocs\bitacora_oriental\view\trip\editTrip2.php:29
[2025-01-03 12:35:53] Error: 2 - Trying to access array offset on value of type bool en C:\xampp\htdocs\bitacora_oriental\view\trip\editTrip2.php:29
[2025-01-03 12:35:53] Error: 2 - Trying to access array offset on value of type bool en C:\xampp\htdocs\bitacora_oriental\view\trip\editTrip2.php:29
[2025-01-03 12:35:53] Error: 2 - Trying to access array offset on value of type bool en C:\xampp\htdocs\bitacora_oriental\view\trip\editTrip2.php:29
[2025-01-03 12:35:53] Error: 2 - Trying to access array offset on value of type bool en C:\xampp\htdocs\bitacora_oriental\view\trip\editTrip2.php:29
[2025-01-03 12:35:53] Error: 2 - Trying to access array offset on value of type bool en C:\xampp\htdocs\bitacora_oriental\view\trip\editTrip2.php:29
[2025-01-03 12:35:53] Error: 2 - Trying to access array offset on value of type bool en C:\xampp\htdocs\bitacora_oriental\view\trip\editTrip2.php:29
[2025-01-03 12:35:53] Error: 2 - Trying to access array offset on value of type bool en C:\xampp\htdocs\bitacora_oriental\view\trip\editTrip2.php:29
[2025-01-03 12:35:53] Error: 2 - Trying to access array offset on value of type bool en C:\xampp\htdocs\bitacora_oriental\view\trip\editTrip2.php:29
[2025-01-03 12:35:53] Error: 2 - Trying to access array offset on value of type bool en C:\xampp\htdocs\bitacora_oriental\view\trip\editTrip2.php:29
[2025-01-03 12:35:53] Error: 2 - Trying to access array offset on value of type bool en C:\xampp\htdocs\bitacora_oriental\view\trip\editTrip2.php:29
[2025-01-03 12:35:53] Error: 2 - Trying to access array offset on value of type bool en C:\xampp\htdocs\bitacora_oriental\view\trip\editTrip2.php:29
[2025-01-03 12:35:53] Error: 2 - Trying to access array offset on value of type bool en C:\xampp\htdocs\bitacora_oriental\view\trip\editTrip2.php:29
[2025-01-03 12:35:53] Error: 2 - Trying to access array offset on value of type bool en C:\xampp\htdocs\bitacora_oriental\view\trip\editTrip2.php:29
[2025-01-03 12:47:35] Error: 1024 - 256 - El conjunto de datos de la oferta de viaje que se intenta editar no es válido. en C:\xampp\htdocs\bitacora_oriental\model\trip.php:154
[2025-01-03 12:48:38] Error: 1024 - 256 - El conjunto de datos de la oferta de viaje que se intenta editar no es válido. en C:\xampp\htdocs\bitacora_oriental\model\trip.php:154
[2025-01-03 12:50:37] Error: 2 - Undefined array key "returnDate" en C:\xampp\htdocs\bitacora_oriental\model\trip.php:169
[2025-01-03 12:55:26] Error: 2 - Undefined array key "returnDate" en C:\xampp\htdocs\bitacora_oriental\model\trip.php:169
[2025-01-03 12:58:27] Error: 2 - Undefined array key "returnDate" en C:\xampp\htdocs\bitacora_oriental\model\trip.php:171
[2025-01-03 13:04:26] Error: 2 - Undefined array key "returnDate" en C:\xampp\htdocs\bitacora_oriental\model\trip.php:171
[2025-01-03 13:04:58] Error: 2 - Undefined array key "returnDate" en C:\xampp\htdocs\bitacora_oriental\model\trip.php:171
[2025-01-03 13:09:49] Error: 2 - Undefined array key "returnDate" en C:\xampp\htdocs\bitacora_oriental\model\trip.php:171
[2025-01-03 13:16:09] Error: 2 - Undefined array key "returnDate" en C:\xampp\htdocs\bitacora_oriental\model\trip.php:171
[2025-01-03 13:28:46] Error: 2 - Undefined array key "returnDateedit" en C:\xampp\htdocs\bitacora_oriental\model\trip.php:171
[2025-01-03 13:28:56] Error: 2 - Undefined array key "returnDateedit" en C:\xampp\htdocs\bitacora_oriental\model\trip.php:171
[2025-01-03 13:33:43] Error: 2 - Undefined array key "idPackages" en C:\xampp\htdocs\bitacora_oriental\model\trip.php:166
[2025-01-03 13:36:08] Error: 1024 - 256 - El conjunto de datos de la ruta de viaje que se intenta insertar no es válido. en C:\xampp\htdocs\bitacora_oriental\model\route.php:120
[2025-01-03 13:36:35] Error: 1024 - 256 - El conjunto de datos de la ruta de viaje que se intenta insertar no es válido. en C:\xampp\htdocs\bitacora_oriental\model\route.php:120
[2025-01-03 13:36:50] Error: 1024 - 256 - El conjunto de datos de la oferta de viaje que se intenta editar no es válido. en C:\xampp\htdocs\bitacora_oriental\model\trip.php:154
[2025-01-03 13:42:30] Error: 1024 - 256 - El conjunto de datos del paquete de viaje que se intenta editar no es válido. en C:\xampp\htdocs\bitacora_oriental\model\packages.php:125
[2025-01-03 19:13:56] Error: 1024 - 2 - La dirección (URL) del controlador no existe. en C:\xampp\htdocs\bitacora_oriental\index.php:91
[2025-01-03 19:16:49] Error: 1024 - 2 - La dirección (URL) del controlador no existe. en C:\xampp\htdocs\bitacora_oriental\index.php:91
[2025-01-03 19:17:38] Error: 1024 - 2 - La dirección (URL) del controlador no existe. en C:\xampp\htdocs\bitacora_oriental\index.php:91
[2025-01-03 20:20:52] Error: 2 - mail(): Failed to connect to mailserver at &quot;localhost&quot; port 25, verify your &quot;SMTP&quot; and &quot;smtp_port&quot; setting in php.ini or use ini_set() en C:\xampp\htdocs\bitacora_oriental\model\user.php:512
[2025-01-03 20:25:48] Error: 2 - mail(): Failed to connect to mailserver at &quot;localhost&quot; port 25, verify your &quot;SMTP&quot; and &quot;smtp_port&quot; setting in php.ini or use ini_set() en C:\xampp\htdocs\bitacora_oriental\model\user.php:512
[2025-01-03 20:26:05] Error: 2 - mail(): Failed to connect to mailserver at &quot;localhost&quot; port 25, verify your &quot;SMTP&quot; and &quot;smtp_port&quot; setting in php.ini or use ini_set() en C:\xampp\htdocs\bitacora_oriental\model\user.php:512
[2025-01-03 20:28:06] Error: 2 - mail(): Failed to connect to mailserver at &quot;localhost&quot; port 25, verify your &quot;SMTP&quot; and &quot;smtp_port&quot; setting in php.ini or use ini_set() en C:\xampp\htdocs\bitacora_oriental\model\user.php:512
[2025-01-03 20:28:18] Error: 2 - mail(): Failed to connect to mailserver at &quot;localhost&quot; port 25, verify your &quot;SMTP&quot; and &quot;smtp_port&quot; setting in php.ini or use ini_set() en C:\xampp\htdocs\bitacora_oriental\model\user.php:512
[2025-01-03 20:28:36] Error: 2 - mail(): Failed to connect to mailserver at &quot;localhost&quot; port 25, verify your &quot;SMTP&quot; and &quot;smtp_port&quot; setting in php.ini or use ini_set() en C:\xampp\htdocs\bitacora_oriental\model\user.php:512
[2025-01-03 20:33:08] Error: 2 - mail(): Failed to connect to mailserver at &quot;localhost&quot; port 25, verify your &quot;SMTP&quot; and &quot;smtp_port&quot; setting in php.ini or use ini_set() en C:\xampp\htdocs\bitacora_oriental\model\user.php:512
[2025-01-03 20:33:44] Error: 2 - mail(): Failed to connect to mailserver at &quot;localhost&quot; port 25, verify your &quot;SMTP&quot; and &quot;smtp_port&quot; setting in php.ini or use ini_set() en C:\xampp\htdocs\bitacora_oriental\model\user.php:512
[2025-01-03 20:34:05] Error: 2 - mail(): Failed to connect to mailserver at &quot;localhost&quot; port 25, verify your &quot;SMTP&quot; and &quot;smtp_port&quot; setting in php.ini or use ini_set() en C:\xampp\htdocs\bitacora_oriental\model\user.php:512
[2025-01-03 20:34:13] Error: 2 - mail(): Failed to connect to mailserver at &quot;localhost&quot; port 25, verify your &quot;SMTP&quot; and &quot;smtp_port&quot; setting in php.ini or use ini_set() en C:\xampp\htdocs\bitacora_oriental\model\user.php:512
[2025-01-03 20:35:31] Error: 2 - mail(): Failed to connect to mailserver at &quot;localhost&quot; port 25, verify your &quot;SMTP&quot; and &quot;smtp_port&quot; setting in php.ini or use ini_set() en C:\xampp\htdocs\bitacora_oriental\model\user.php:512
[2025-01-03 20:39:00] Error: 2 - mail(): Failed to connect to mailserver at &quot;localhost&quot; port 25, verify your &quot;SMTP&quot; and &quot;smtp_port&quot; setting in php.ini or use ini_set() en C:\xampp\htdocs\bitacora_oriental\model\user.php:512
[2025-01-03 20:39:25] Error: 2 - mail(): Failed to connect to mailserver at &quot;localhost&quot; port 25, verify your &quot;SMTP&quot; and &quot;smtp_port&quot; setting in php.ini or use ini_set() en C:\xampp\htdocs\bitacora_oriental\model\user.php:512
[2025-01-03 20:43:22] Error: 2 - mail(): Failed to connect to mailserver at &quot;localhost&quot; port 25, verify your &quot;SMTP&quot; and &quot;smtp_port&quot; setting in php.ini or use ini_set() en C:\xampp\htdocs\bitacora_oriental\model\user.php:512
[2025-01-03 21:17:49] Error: 2 - mail(): Failed to connect to mailserver at &quot;localhost&quot; port 25, verify your &quot;SMTP&quot; and &quot;smtp_port&quot; setting in php.ini or use ini_set() en C:\xampp\htdocs\bitacora_oriental\model\user.php:401
[2025-01-03 21:18:13] Error: 2 - mail(): Failed to connect to mailserver at &quot;localhost&quot; port 25, verify your &quot;SMTP&quot; and &quot;smtp_port&quot; setting in php.ini or use ini_set() en C:\xampp\htdocs\bitacora_oriental\model\user.php:470
[2025-01-03 21:28:56] Error: 2 - require_once(C:\xampp\htdocs\bitacora_oriental\config/../view/reservation/a.php): Failed to open stream: No such file or directory en C:\xampp\htdocs\bitacora_oriental\index.php:116
[2025-01-04 10:15:32] Error: 2 - require_once(C:\xampp\htdocs\bitacora_oriental\config/../view/reservation/a.php): Failed to open stream: No such file or directory en C:\xampp\htdocs\bitacora_oriental\index.php:116
[2025-01-04 10:15:35] Error: 2 - require_once(C:\xampp\htdocs\bitacora_oriental\config/../view/reservation/a.php): Failed to open stream: No such file or directory en C:\xampp\htdocs\bitacora_oriental\index.php:116
[2025-01-04 11:13:43] Error: 2 - mail(): Failed to connect to mailserver at &quot;localhost&quot; port 25, verify your &quot;SMTP&quot; and &quot;smtp_port&quot; setting in php.ini or use ini_set() en C:\xampp\htdocs\bitacora_oriental\model\user.php:512
[2025-01-04 11:13:49] Error: 2 - mail(): Failed to connect to mailserver at &quot;localhost&quot; port 25, verify your &quot;SMTP&quot; and &quot;smtp_port&quot; setting in php.ini or use ini_set() en C:\xampp\htdocs\bitacora_oriental\model\user.php:512
[2025-01-04 11:14:38] Error: 2 - mail(): Failed to connect to mailserver at &quot;localhost&quot; port 25, verify your &quot;SMTP&quot; and &quot;smtp_port&quot; setting in php.ini or use ini_set() en C:\xampp\htdocs\bitacora_oriental\model\user.php:512
[2025-01-04 11:14:46] Error: 2 - mail(): Failed to connect to mailserver at &quot;localhost&quot; port 25, verify your &quot;SMTP&quot; and &quot;smtp_port&quot; setting in php.ini or use ini_set() en C:\xampp\htdocs\bitacora_oriental\model\user.php:512
[2025-01-04 11:15:27] Error: 2 - mail(): Failed to connect to mailserver at &quot;localhost&quot; port 25, verify your &quot;SMTP&quot; and &quot;smtp_port&quot; setting in php.ini or use ini_set() en C:\xampp\htdocs\bitacora_oriental\model\user.php:512
[2025-01-04 16:56:46] Error: 2 - Undefined array key "numbersSlots" en C:\xampp\htdocs\bitacora_oriental\view\reservation\listRequestsReservation.php:53
[2025-01-04 16:56:46] Error: 2 - Undefined array key "numbersSlots" en C:\xampp\htdocs\bitacora_oriental\view\reservation\listRequestsReservation.php:53
[2025-01-04 16:56:46] Error: 2 - Undefined array key "numbersSlots" en C:\xampp\htdocs\bitacora_oriental\view\reservation\listRequestsReservation.php:53
[2025-01-04 16:56:46] Error: 2 - Undefined array key "numbersSlots" en C:\xampp\htdocs\bitacora_oriental\view\reservation\listRequestsReservation.php:53
[2025-01-04 16:56:46] Error: 2 - Undefined array key "numbersSlots" en C:\xampp\htdocs\bitacora_oriental\view\reservation\listRequestsReservation.php:53
[2025-01-04 16:56:46] Error: 2 - Undefined array key "numbersSlots" en C:\xampp\htdocs\bitacora_oriental\view\reservation\listRequestsReservation.php:53
[2025-01-04 16:56:46] Error: 2 - Undefined array key "numbersSlots" en C:\xampp\htdocs\bitacora_oriental\view\reservation\listRequestsReservation.php:53
[2025-01-04 16:56:46] Error: 2 - Undefined array key "numbersSlots" en C:\xampp\htdocs\bitacora_oriental\view\reservation\listRequestsReservation.php:53
[2025-01-04 16:56:46] Error: 2 - Undefined array key "numbersSlots" en C:\xampp\htdocs\bitacora_oriental\view\reservation\listRequestsReservation.php:53
[2025-01-04 16:56:46] Error: 2 - Undefined array key "numbersSlots" en C:\xampp\htdocs\bitacora_oriental\view\reservation\listRequestsReservation.php:53
[2025-01-04 16:56:46] Error: 2 - Undefined array key "numbersSlots" en C:\xampp\htdocs\bitacora_oriental\view\reservation\listRequestsReservation.php:53
[2025-01-04 17:16:48] Error: 2 - Undefined array key "idTrip" en C:\xampp\htdocs\bitacora_oriental\view\reservation\listRequestsReservation.php:56
[2025-01-04 17:16:48] Error: 2 - Undefined array key "idTrip" en C:\xampp\htdocs\bitacora_oriental\view\reservation\listRequestsReservation.php:59
[2025-01-04 17:16:48] Error: 2 - Undefined array key "idPackages" en C:\xampp\htdocs\bitacora_oriental\view\reservation\listRequestsReservation.php:59
[2025-01-04 17:16:48] Error: 2 - Undefined array key "idTrip" en C:\xampp\htdocs\bitacora_oriental\view\reservation\listRequestsReservation.php:62
[2025-01-04 17:16:48] Error: 2 - Undefined array key "idPackages" en C:\xampp\htdocs\bitacora_oriental\view\reservation\listRequestsReservation.php:62
[2025-01-04 17:16:48] Error: 2 - Undefined array key "idTrip" en C:\xampp\htdocs\bitacora_oriental\view\reservation\listRequestsReservation.php:56
[2025-01-04 17:16:48] Error: 2 - Undefined array key "idTrip" en C:\xampp\htdocs\bitacora_oriental\view\reservation\listRequestsReservation.php:59
[2025-01-04 17:16:48] Error: 2 - Undefined array key "idPackages" en C:\xampp\htdocs\bitacora_oriental\view\reservation\listRequestsReservation.php:59
[2025-01-04 17:16:48] Error: 2 - Undefined array key "idTrip" en C:\xampp\htdocs\bitacora_oriental\view\reservation\listRequestsReservation.php:62
[2025-01-04 17:16:48] Error: 2 - Undefined array key "idPackages" en C:\xampp\htdocs\bitacora_oriental\view\reservation\listRequestsReservation.php:62
[2025-01-04 17:16:48] Error: 2 - Undefined array key "idTrip" en C:\xampp\htdocs\bitacora_oriental\view\reservation\listRequestsReservation.php:56
[2025-01-04 17:16:48] Error: 2 - Undefined array key "idTrip" en C:\xampp\htdocs\bitacora_oriental\view\reservation\listRequestsReservation.php:59
[2025-01-04 17:16:48] Error: 2 - Undefined array key "idPackages" en C:\xampp\htdocs\bitacora_oriental\view\reservation\listRequestsReservation.php:59
[2025-01-04 17:16:48] Error: 2 - Undefined array key "idTrip" en C:\xampp\htdocs\bitacora_oriental\view\reservation\listRequestsReservation.php:62
[2025-01-04 17:16:48] Error: 2 - Undefined array key "idPackages" en C:\xampp\htdocs\bitacora_oriental\view\reservation\listRequestsReservation.php:62
[2025-01-04 17:16:48] Error: 2 - Undefined array key "idTrip" en C:\xampp\htdocs\bitacora_oriental\view\reservation\listRequestsReservation.php:56
[2025-01-04 17:16:48] Error: 2 - Undefined array key "idTrip" en C:\xampp\htdocs\bitacora_oriental\view\reservation\listRequestsReservation.php:59
[2025-01-04 17:16:48] Error: 2 - Undefined array key "idPackages" en C:\xampp\htdocs\bitacora_oriental\view\reservation\listRequestsReservation.php:59
[2025-01-04 17:16:48] Error: 2 - Undefined array key "idTrip" en C:\xampp\htdocs\bitacora_oriental\view\reservation\listRequestsReservation.php:62
[2025-01-04 17:16:48] Error: 2 - Undefined array key "idPackages" en C:\xampp\htdocs\bitacora_oriental\view\reservation\listRequestsReservation.php:62
[2025-01-04 17:16:48] Error: 2 - Undefined array key "idTrip" en C:\xampp\htdocs\bitacora_oriental\view\reservation\listRequestsReservation.php:56
[2025-01-04 17:16:48] Error: 2 - Undefined array key "idTrip" en C:\xampp\htdocs\bitacora_oriental\view\reservation\listRequestsReservation.php:59
[2025-01-04 17:16:48] Error: 2 - Undefined array key "idPackages" en C:\xampp\htdocs\bitacora_oriental\view\reservation\listRequestsReservation.php:59
[2025-01-04 17:16:48] Error: 2 - Undefined array key "idTrip" en C:\xampp\htdocs\bitacora_oriental\view\reservation\listRequestsReservation.php:62
[2025-01-04 17:16:48] Error: 2 - Undefined array key "idPackages" en C:\xampp\htdocs\bitacora_oriental\view\reservation\listRequestsReservation.php:62
[2025-01-04 17:16:48] Error: 2 - Undefined array key "idTrip" en C:\xampp\htdocs\bitacora_oriental\view\reservation\listRequestsReservation.php:56
[2025-01-04 17:16:48] Error: 2 - Undefined array key "idTrip" en C:\xampp\htdocs\bitacora_oriental\view\reservation\listRequestsReservation.php:59
[2025-01-04 17:16:48] Error: 2 - Undefined array key "idPackages" en C:\xampp\htdocs\bitacora_oriental\view\reservation\listRequestsReservation.php:59
[2025-01-04 17:16:48] Error: 2 - Undefined array key "idTrip" en C:\xampp\htdocs\bitacora_oriental\view\reservation\listRequestsReservation.php:62
[2025-01-04 17:16:48] Error: 2 - Undefined array key "idPackages" en C:\xampp\htdocs\bitacora_oriental\view\reservation\listRequestsReservation.php:62
[2025-01-04 17:16:48] Error: 2 - Undefined array key "idTrip" en C:\xampp\htdocs\bitacora_oriental\view\reservation\listRequestsReservation.php:56
[2025-01-04 17:16:48] Error: 2 - Undefined array key "idTrip" en C:\xampp\htdocs\bitacora_oriental\view\reservation\listRequestsReservation.php:59
[2025-01-04 17:16:48] Error: 2 - Undefined array key "idPackages" en C:\xampp\htdocs\bitacora_oriental\view\reservation\listRequestsReservation.php:59
[2025-01-04 17:16:48] Error: 2 - Undefined array key "idTrip" en C:\xampp\htdocs\bitacora_oriental\view\reservation\listRequestsReservation.php:62
[2025-01-04 17:16:48] Error: 2 - Undefined array key "idPackages" en C:\xampp\htdocs\bitacora_oriental\view\reservation\listRequestsReservation.php:62
[2025-01-04 17:16:48] Error: 2 - Undefined array key "idTrip" en C:\xampp\htdocs\bitacora_oriental\view\reservation\listRequestsReservation.php:56
[2025-01-04 17:16:48] Error: 2 - Undefined array key "idTrip" en C:\xampp\htdocs\bitacora_oriental\view\reservation\listRequestsReservation.php:59
[2025-01-04 17:16:48] Error: 2 - Undefined array key "idPackages" en C:\xampp\htdocs\bitacora_oriental\view\reservation\listRequestsReservation.php:59
[2025-01-04 17:16:48] Error: 2 - Undefined array key "idTrip" en C:\xampp\htdocs\bitacora_oriental\view\reservation\listRequestsReservation.php:62
[2025-01-04 17:16:48] Error: 2 - Undefined array key "idPackages" en C:\xampp\htdocs\bitacora_oriental\view\reservation\listRequestsReservation.php:62
[2025-01-04 17:16:48] Error: 2 - Undefined array key "idTrip" en C:\xampp\htdocs\bitacora_oriental\view\reservation\listRequestsReservation.php:56
[2025-01-04 17:16:48] Error: 2 - Undefined array key "idTrip" en C:\xampp\htdocs\bitacora_oriental\view\reservation\listRequestsReservation.php:59
[2025-01-04 17:16:48] Error: 2 - Undefined array key "idPackages" en C:\xampp\htdocs\bitacora_oriental\view\reservation\listRequestsReservation.php:59
[2025-01-04 17:16:48] Error: 2 - Undefined array key "idTrip" en C:\xampp\htdocs\bitacora_oriental\view\reservation\listRequestsReservation.php:62
[2025-01-04 17:16:48] Error: 2 - Undefined array key "idPackages" en C:\xampp\htdocs\bitacora_oriental\view\reservation\listRequestsReservation.php:62
[2025-01-04 17:16:48] Error: 2 - Undefined array key "idTrip" en C:\xampp\htdocs\bitacora_oriental\view\reservation\listRequestsReservation.php:56
[2025-01-04 17:16:48] Error: 2 - Undefined array key "idTrip" en C:\xampp\htdocs\bitacora_oriental\view\reservation\listRequestsReservation.php:59
[2025-01-04 17:16:48] Error: 2 - Undefined array key "idPackages" en C:\xampp\htdocs\bitacora_oriental\view\reservation\listRequestsReservation.php:59
[2025-01-04 17:16:48] Error: 2 - Undefined array key "idTrip" en C:\xampp\htdocs\bitacora_oriental\view\reservation\listRequestsReservation.php:62
[2025-01-04 17:16:48] Error: 2 - Undefined array key "idPackages" en C:\xampp\htdocs\bitacora_oriental\view\reservation\listRequestsReservation.php:62
[2025-01-04 17:16:48] Error: 2 - Undefined array key "idTrip" en C:\xampp\htdocs\bitacora_oriental\view\reservation\listRequestsReservation.php:56
[2025-01-04 17:16:48] Error: 2 - Undefined array key "idTrip" en C:\xampp\htdocs\bitacora_oriental\view\reservation\listRequestsReservation.php:59
[2025-01-04 17:16:48] Error: 2 - Undefined array key "idPackages" en C:\xampp\htdocs\bitacora_oriental\view\reservation\listRequestsReservation.php:59
[2025-01-04 17:16:48] Error: 2 - Undefined array key "idTrip" en C:\xampp\htdocs\bitacora_oriental\view\reservation\listRequestsReservation.php:62
[2025-01-04 17:16:48] Error: 2 - Undefined array key "idPackages" en C:\xampp\htdocs\bitacora_oriental\view\reservation\listRequestsReservation.php:62
[2025-01-04 17:18:23] Error: 2 - Undefined array key "idTrip" en C:\xampp\htdocs\bitacora_oriental\view\reservation\listRequestsReservation.php:56
[2025-01-04 17:18:23] Error: 2 - Undefined array key "idTrip" en C:\xampp\htdocs\bitacora_oriental\view\reservation\listRequestsReservation.php:59
[2025-01-04 17:18:23] Error: 2 - Undefined array key "idPackages" en C:\xampp\htdocs\bitacora_oriental\view\reservation\listRequestsReservation.php:59
[2025-01-04 17:18:23] Error: 2 - Undefined array key "idTrip" en C:\xampp\htdocs\bitacora_oriental\view\reservation\listRequestsReservation.php:64
[2025-01-04 17:18:23] Error: 2 - Undefined array key "idPackages" en C:\xampp\htdocs\bitacora_oriental\view\reservation\listRequestsReservation.php:64
[2025-01-04 17:18:23] Error: 2 - Undefined array key "idTrip" en C:\xampp\htdocs\bitacora_oriental\view\reservation\listRequestsReservation.php:56
[2025-01-04 17:18:23] Error: 2 - Undefined array key "idTrip" en C:\xampp\htdocs\bitacora_oriental\view\reservation\listRequestsReservation.php:59
[2025-01-04 17:18:23] Error: 2 - Undefined array key "idPackages" en C:\xampp\htdocs\bitacora_oriental\view\reservation\listRequestsReservation.php:59
[2025-01-04 17:18:23] Error: 2 - Undefined array key "idTrip" en C:\xampp\htdocs\bitacora_oriental\view\reservation\listRequestsReservation.php:64
[2025-01-04 17:18:23] Error: 2 - Undefined array key "idPackages" en C:\xampp\htdocs\bitacora_oriental\view\reservation\listRequestsReservation.php:64
[2025-01-04 17:18:23] Error: 2 - Undefined array key "idTrip" en C:\xampp\htdocs\bitacora_oriental\view\reservation\listRequestsReservation.php:56
[2025-01-04 17:18:23] Error: 2 - Undefined array key "idTrip" en C:\xampp\htdocs\bitacora_oriental\view\reservation\listRequestsReservation.php:59
[2025-01-04 17:18:23] Error: 2 - Undefined array key "idPackages" en C:\xampp\htdocs\bitacora_oriental\view\reservation\listRequestsReservation.php:59
[2025-01-04 17:18:23] Error: 2 - Undefined array key "idTrip" en C:\xampp\htdocs\bitacora_oriental\view\reservation\listRequestsReservation.php:64
[2025-01-04 17:18:23] Error: 2 - Undefined array key "idPackages" en C:\xampp\htdocs\bitacora_oriental\view\reservation\listRequestsReservation.php:64
[2025-01-04 17:18:23] Error: 2 - Undefined array key "idTrip" en C:\xampp\htdocs\bitacora_oriental\view\reservation\listRequestsReservation.php:56
[2025-01-04 17:18:23] Error: 2 - Undefined array key "idTrip" en C:\xampp\htdocs\bitacora_oriental\view\reservation\listRequestsReservation.php:59
[2025-01-04 17:18:23] Error: 2 - Undefined array key "idPackages" en C:\xampp\htdocs\bitacora_oriental\view\reservation\listRequestsReservation.php:59
[2025-01-04 17:18:23] Error: 2 - Undefined array key "idTrip" en C:\xampp\htdocs\bitacora_oriental\view\reservation\listRequestsReservation.php:64
[2025-01-04 17:18:23] Error: 2 - Undefined array key "idPackages" en C:\xampp\htdocs\bitacora_oriental\view\reservation\listRequestsReservation.php:64
[2025-01-04 17:18:23] Error: 2 - Undefined array key "idTrip" en C:\xampp\htdocs\bitacora_oriental\view\reservation\listRequestsReservation.php:56
[2025-01-04 17:18:23] Error: 2 - Undefined array key "idTrip" en C:\xampp\htdocs\bitacora_oriental\view\reservation\listRequestsReservation.php:59
[2025-01-04 17:18:23] Error: 2 - Undefined array key "idPackages" en C:\xampp\htdocs\bitacora_oriental\view\reservation\listRequestsReservation.php:59
[2025-01-04 17:18:23] Error: 2 - Undefined array key "idTrip" en C:\xampp\htdocs\bitacora_oriental\view\reservation\listRequestsReservation.php:64
[2025-01-04 17:18:23] Error: 2 - Undefined array key "idPackages" en C:\xampp\htdocs\bitacora_oriental\view\reservation\listRequestsReservation.php:64
[2025-01-04 17:18:23] Error: 2 - Undefined array key "idTrip" en C:\xampp\htdocs\bitacora_oriental\view\reservation\listRequestsReservation.php:56
[2025-01-04 17:18:23] Error: 2 - Undefined array key "idTrip" en C:\xampp\htdocs\bitacora_oriental\view\reservation\listRequestsReservation.php:59
[2025-01-04 17:18:23] Error: 2 - Undefined array key "idPackages" en C:\xampp\htdocs\bitacora_oriental\view\reservation\listRequestsReservation.php:59
[2025-01-04 17:18:23] Error: 2 - Undefined array key "idTrip" en C:\xampp\htdocs\bitacora_oriental\view\reservation\listRequestsReservation.php:64
[2025-01-04 17:18:23] Error: 2 - Undefined array key "idPackages" en C:\xampp\htdocs\bitacora_oriental\view\reservation\listRequestsReservation.php:64
[2025-01-04 17:18:23] Error: 2 - Undefined array key "idTrip" en C:\xampp\htdocs\bitacora_oriental\view\reservation\listRequestsReservation.php:56
[2025-01-04 17:18:23] Error: 2 - Undefined array key "idTrip" en C:\xampp\htdocs\bitacora_oriental\view\reservation\listRequestsReservation.php:59
[2025-01-04 17:18:23] Error: 2 - Undefined array key "idPackages" en C:\xampp\htdocs\bitacora_oriental\view\reservation\listRequestsReservation.php:59
[2025-01-04 17:18:23] Error: 2 - Undefined array key "idTrip" en C:\xampp\htdocs\bitacora_oriental\view\reservation\listRequestsReservation.php:64
[2025-01-04 17:18:23] Error: 2 - Undefined array key "idPackages" en C:\xampp\htdocs\bitacora_oriental\view\reservation\listRequestsReservation.php:64
[2025-01-04 17:18:23] Error: 2 - Undefined array key "idTrip" en C:\xampp\htdocs\bitacora_oriental\view\reservation\listRequestsReservation.php:56
[2025-01-04 17:18:23] Error: 2 - Undefined array key "idTrip" en C:\xampp\htdocs\bitacora_oriental\view\reservation\listRequestsReservation.php:59
[2025-01-04 17:18:23] Error: 2 - Undefined array key "idPackages" en C:\xampp\htdocs\bitacora_oriental\view\reservation\listRequestsReservation.php:59
[2025-01-04 17:18:23] Error: 2 - Undefined array key "idTrip" en C:\xampp\htdocs\bitacora_oriental\view\reservation\listRequestsReservation.php:64
[2025-01-04 17:18:23] Error: 2 - Undefined array key "idPackages" en C:\xampp\htdocs\bitacora_oriental\view\reservation\listRequestsReservation.php:64
[2025-01-04 17:18:23] Error: 2 - Undefined array key "idTrip" en C:\xampp\htdocs\bitacora_oriental\view\reservation\listRequestsReservation.php:56
[2025-01-04 17:18:23] Error: 2 - Undefined array key "idTrip" en C:\xampp\htdocs\bitacora_oriental\view\reservation\listRequestsReservation.php:59
[2025-01-04 17:18:23] Error: 2 - Undefined array key "idPackages" en C:\xampp\htdocs\bitacora_oriental\view\reservation\listRequestsReservation.php:59
[2025-01-04 17:18:23] Error: 2 - Undefined array key "idTrip" en C:\xampp\htdocs\bitacora_oriental\view\reservation\listRequestsReservation.php:64
[2025-01-04 17:18:23] Error: 2 - Undefined array key "idPackages" en C:\xampp\htdocs\bitacora_oriental\view\reservation\listRequestsReservation.php:64
[2025-01-04 17:18:23] Error: 2 - Undefined array key "idTrip" en C:\xampp\htdocs\bitacora_oriental\view\reservation\listRequestsReservation.php:56
[2025-01-04 17:18:23] Error: 2 - Undefined array key "idTrip" en C:\xampp\htdocs\bitacora_oriental\view\reservation\listRequestsReservation.php:59
[2025-01-04 17:18:23] Error: 2 - Undefined array key "idPackages" en C:\xampp\htdocs\bitacora_oriental\view\reservation\listRequestsReservation.php:59
[2025-01-04 17:18:23] Error: 2 - Undefined array key "idTrip" en C:\xampp\htdocs\bitacora_oriental\view\reservation\listRequestsReservation.php:64
[2025-01-04 17:18:23] Error: 2 - Undefined array key "idPackages" en C:\xampp\htdocs\bitacora_oriental\view\reservation\listRequestsReservation.php:64
[2025-01-04 17:18:23] Error: 2 - Undefined array key "idTrip" en C:\xampp\htdocs\bitacora_oriental\view\reservation\listRequestsReservation.php:56
[2025-01-04 17:18:23] Error: 2 - Undefined array key "idTrip" en C:\xampp\htdocs\bitacora_oriental\view\reservation\listRequestsReservation.php:59
[2025-01-04 17:18:23] Error: 2 - Undefined array key "idPackages" en C:\xampp\htdocs\bitacora_oriental\view\reservation\listRequestsReservation.php:59
[2025-01-04 17:18:23] Error: 2 - Undefined array key "idTrip" en C:\xampp\htdocs\bitacora_oriental\view\reservation\listRequestsReservation.php:64
[2025-01-04 17:18:23] Error: 2 - Undefined array key "idPackages" en C:\xampp\htdocs\bitacora_oriental\view\reservation\listRequestsReservation.php:64
[2025-01-04 17:18:37] Error: 2 - Undefined array key "idTrip" en C:\xampp\htdocs\bitacora_oriental\view\reservation\listRequestsReservation.php:56
[2025-01-04 17:18:37] Error: 2 - Undefined array key "idTrip" en C:\xampp\htdocs\bitacora_oriental\view\reservation\listRequestsReservation.php:59
[2025-01-04 17:18:37] Error: 2 - Undefined array key "idPackages" en C:\xampp\htdocs\bitacora_oriental\view\reservation\listRequestsReservation.php:59
[2025-01-04 17:18:37] Error: 2 - Undefined array key "idTrip" en C:\xampp\htdocs\bitacora_oriental\view\reservation\listRequestsReservation.php:64
[2025-01-04 17:18:37] Error: 2 - Undefined array key "idPackages" en C:\xampp\htdocs\bitacora_oriental\view\reservation\listRequestsReservation.php:64
[2025-01-04 17:18:37] Error: 2 - Undefined array key "idTrip" en C:\xampp\htdocs\bitacora_oriental\view\reservation\listRequestsReservation.php:56
[2025-01-04 17:18:37] Error: 2 - Undefined array key "idTrip" en C:\xampp\htdocs\bitacora_oriental\view\reservation\listRequestsReservation.php:59
[2025-01-04 17:18:37] Error: 2 - Undefined array key "idPackages" en C:\xampp\htdocs\bitacora_oriental\view\reservation\listRequestsReservation.php:59
[2025-01-04 17:18:37] Error: 2 - Undefined array key "idTrip" en C:\xampp\htdocs\bitacora_oriental\view\reservation\listRequestsReservation.php:64
[2025-01-04 17:18:37] Error: 2 - Undefined array key "idPackages" en C:\xampp\htdocs\bitacora_oriental\view\reservation\listRequestsReservation.php:64
[2025-01-04 17:18:37] Error: 2 - Undefined array key "idTrip" en C:\xampp\htdocs\bitacora_oriental\view\reservation\listRequestsReservation.php:56
[2025-01-04 17:18:37] Error: 2 - Undefined array key "idTrip" en C:\xampp\htdocs\bitacora_oriental\view\reservation\listRequestsReservation.php:59
[2025-01-04 17:18:37] Error: 2 - Undefined array key "idPackages" en C:\xampp\htdocs\bitacora_oriental\view\reservation\listRequestsReservation.php:59
[2025-01-04 17:18:37] Error: 2 - Undefined array key "idTrip" en C:\xampp\htdocs\bitacora_oriental\view\reservation\listRequestsReservation.php:64
[2025-01-04 17:18:37] Error: 2 - Undefined array key "idPackages" en C:\xampp\htdocs\bitacora_oriental\view\reservation\listRequestsReservation.php:64
[2025-01-04 17:18:37] Error: 2 - Undefined array key "idTrip" en C:\xampp\htdocs\bitacora_oriental\view\reservation\listRequestsReservation.php:56
[2025-01-04 17:18:37] Error: 2 - Undefined array key "idTrip" en C:\xampp\htdocs\bitacora_oriental\view\reservation\listRequestsReservation.php:59
[2025-01-04 17:18:37] Error: 2 - Undefined array key "idPackages" en C:\xampp\htdocs\bitacora_oriental\view\reservation\listRequestsReservation.php:59
[2025-01-04 17:18:37] Error: 2 - Undefined array key "idTrip" en C:\xampp\htdocs\bitacora_oriental\view\reservation\listRequestsReservation.php:64
[2025-01-04 17:18:37] Error: 2 - Undefined array key "idPackages" en C:\xampp\htdocs\bitacora_oriental\view\reservation\listRequestsReservation.php:64
[2025-01-04 17:18:37] Error: 2 - Undefined array key "idTrip" en C:\xampp\htdocs\bitacora_oriental\view\reservation\listRequestsReservation.php:56
[2025-01-04 17:18:37] Error: 2 - Undefined array key "idTrip" en C:\xampp\htdocs\bitacora_oriental\view\reservation\listRequestsReservation.php:59
[2025-01-04 17:18:37] Error: 2 - Undefined array key "idPackages" en C:\xampp\htdocs\bitacora_oriental\view\reservation\listRequestsReservation.php:59
[2025-01-04 17:18:37] Error: 2 - Undefined array key "idTrip" en C:\xampp\htdocs\bitacora_oriental\view\reservation\listRequestsReservation.php:64
[2025-01-04 17:18:37] Error: 2 - Undefined array key "idPackages" en C:\xampp\htdocs\bitacora_oriental\view\reservation\listRequestsReservation.php:64
[2025-01-04 17:18:37] Error: 2 - Undefined array key "idTrip" en C:\xampp\htdocs\bitacora_oriental\view\reservation\listRequestsReservation.php:56
[2025-01-04 17:18:37] Error: 2 - Undefined array key "idTrip" en C:\xampp\htdocs\bitacora_oriental\view\reservation\listRequestsReservation.php:59
[2025-01-04 17:18:37] Error: 2 - Undefined array key "idPackages" en C:\xampp\htdocs\bitacora_oriental\view\reservation\listRequestsReservation.php:59
[2025-01-04 17:18:37] Error: 2 - Undefined array key "idTrip" en C:\xampp\htdocs\bitacora_oriental\view\reservation\listRequestsReservation.php:64
[2025-01-04 17:18:37] Error: 2 - Undefined array key "idPackages" en C:\xampp\htdocs\bitacora_oriental\view\reservation\listRequestsReservation.php:64
[2025-01-04 17:18:37] Error: 2 - Undefined array key "idTrip" en C:\xampp\htdocs\bitacora_oriental\view\reservation\listRequestsReservation.php:56
[2025-01-04 17:18:37] Error: 2 - Undefined array key "idTrip" en C:\xampp\htdocs\bitacora_oriental\view\reservation\listRequestsReservation.php:59
[2025-01-04 17:18:37] Error: 2 - Undefined array key "idPackages" en C:\xampp\htdocs\bitacora_oriental\view\reservation\listRequestsReservation.php:59
[2025-01-04 17:18:37] Error: 2 - Undefined array key "idTrip" en C:\xampp\htdocs\bitacora_oriental\view\reservation\listRequestsReservation.php:64
[2025-01-04 17:18:37] Error: 2 - Undefined array key "idPackages" en C:\xampp\htdocs\bitacora_oriental\view\reservation\listRequestsReservation.php:64
[2025-01-04 17:18:37] Error: 2 - Undefined array key "idTrip" en C:\xampp\htdocs\bitacora_oriental\view\reservation\listRequestsReservation.php:56
[2025-01-04 17:18:37] Error: 2 - Undefined array key "idTrip" en C:\xampp\htdocs\bitacora_oriental\view\reservation\listRequestsReservation.php:59
[2025-01-04 17:18:37] Error: 2 - Undefined array key "idPackages" en C:\xampp\htdocs\bitacora_oriental\view\reservation\listRequestsReservation.php:59
[2025-01-04 17:18:37] Error: 2 - Undefined array key "idTrip" en C:\xampp\htdocs\bitacora_oriental\view\reservation\listRequestsReservation.php:64
[2025-01-04 17:18:37] Error: 2 - Undefined array key "idPackages" en C:\xampp\htdocs\bitacora_oriental\view\reservation\listRequestsReservation.php:64
[2025-01-04 17:18:37] Error: 2 - Undefined array key "idTrip" en C:\xampp\htdocs\bitacora_oriental\view\reservation\listRequestsReservation.php:56
[2025-01-04 17:18:37] Error: 2 - Undefined array key "idTrip" en C:\xampp\htdocs\bitacora_oriental\view\reservation\listRequestsReservation.php:59
[2025-01-04 17:18:37] Error: 2 - Undefined array key "idPackages" en C:\xampp\htdocs\bitacora_oriental\view\reservation\listRequestsReservation.php:59
[2025-01-04 17:18:37] Error: 2 - Undefined array key "idTrip" en C:\xampp\htdocs\bitacora_oriental\view\reservation\listRequestsReservation.php:64
[2025-01-04 17:18:37] Error: 2 - Undefined array key "idPackages" en C:\xampp\htdocs\bitacora_oriental\view\reservation\listRequestsReservation.php:64
[2025-01-04 17:18:37] Error: 2 - Undefined array key "idTrip" en C:\xampp\htdocs\bitacora_oriental\view\reservation\listRequestsReservation.php:56
[2025-01-04 17:18:37] Error: 2 - Undefined array key "idTrip" en C:\xampp\htdocs\bitacora_oriental\view\reservation\listRequestsReservation.php:59
[2025-01-04 17:18:37] Error: 2 - Undefined array key "idPackages" en C:\xampp\htdocs\bitacora_oriental\view\reservation\listRequestsReservation.php:59
[2025-01-04 17:18:37] Error: 2 - Undefined array key "idTrip" en C:\xampp\htdocs\bitacora_oriental\view\reservation\listRequestsReservation.php:64
[2025-01-04 17:18:37] Error: 2 - Undefined array key "idPackages" en C:\xampp\htdocs\bitacora_oriental\view\reservation\listRequestsReservation.php:64
[2025-01-04 17:18:37] Error: 2 - Undefined array key "idTrip" en C:\xampp\htdocs\bitacora_oriental\view\reservation\listRequestsReservation.php:56
[2025-01-04 17:18:37] Error: 2 - Undefined array key "idTrip" en C:\xampp\htdocs\bitacora_oriental\view\reservation\listRequestsReservation.php:59
[2025-01-04 17:18:37] Error: 2 - Undefined array key "idPackages" en C:\xampp\htdocs\bitacora_oriental\view\reservation\listRequestsReservation.php:59
[2025-01-04 17:18:37] Error: 2 - Undefined array key "idTrip" en C:\xampp\htdocs\bitacora_oriental\view\reservation\listRequestsReservation.php:64
[2025-01-04 17:18:37] Error: 2 - Undefined array key "idPackages" en C:\xampp\htdocs\bitacora_oriental\view\reservation\listRequestsReservation.php:64
[2025-01-04 17:19:30] Error: 2 - Undefined array key "idTrip" en C:\xampp\htdocs\bitacora_oriental\view\reservation\listRequestsReservation.php:56
[2025-01-04 17:19:30] Error: 2 - Undefined array key "idTrip" en C:\xampp\htdocs\bitacora_oriental\view\reservation\listRequestsReservation.php:59
[2025-01-04 17:19:30] Error: 2 - Undefined array key "idPackages" en C:\xampp\htdocs\bitacora_oriental\view\reservation\listRequestsReservation.php:59
[2025-01-04 17:19:30] Error: 2 - Undefined array key "idTrip" en C:\xampp\htdocs\bitacora_oriental\view\reservation\listRequestsReservation.php:64
[2025-01-04 17:19:30] Error: 2 - Undefined array key "idPackages" en C:\xampp\htdocs\bitacora_oriental\view\reservation\listRequestsReservation.php:64
[2025-01-04 17:19:30] Error: 2 - Undefined array key "idTrip" en C:\xampp\htdocs\bitacora_oriental\view\reservation\listRequestsReservation.php:56
[2025-01-04 17:19:30] Error: 2 - Undefined array key "idTrip" en C:\xampp\htdocs\bitacora_oriental\view\reservation\listRequestsReservation.php:59
[2025-01-04 17:19:30] Error: 2 - Undefined array key "idPackages" en C:\xampp\htdocs\bitacora_oriental\view\reservation\listRequestsReservation.php:59
[2025-01-04 17:19:30] Error: 2 - Undefined array key "idTrip" en C:\xampp\htdocs\bitacora_oriental\view\reservation\listRequestsReservation.php:64
[2025-01-04 17:19:30] Error: 2 - Undefined array key "idPackages" en C:\xampp\htdocs\bitacora_oriental\view\reservation\listRequestsReservation.php:64
[2025-01-04 17:19:30] Error: 2 - Undefined array key "idTrip" en C:\xampp\htdocs\bitacora_oriental\view\reservation\listRequestsReservation.php:56
[2025-01-04 17:19:30] Error: 2 - Undefined array key "idTrip" en C:\xampp\htdocs\bitacora_oriental\view\reservation\listRequestsReservation.php:59
[2025-01-04 17:19:30] Error: 2 - Undefined array key "idPackages" en C:\xampp\htdocs\bitacora_oriental\view\reservation\listRequestsReservation.php:59
[2025-01-04 17:19:30] Error: 2 - Undefined array key "idTrip" en C:\xampp\htdocs\bitacora_oriental\view\reservation\listRequestsReservation.php:64
[2025-01-04 17:19:30] Error: 2 - Undefined array key "idPackages" en C:\xampp\htdocs\bitacora_oriental\view\reservation\listRequestsReservation.php:64
[2025-01-04 17:19:30] Error: 2 - Undefined array key "idTrip" en C:\xampp\htdocs\bitacora_oriental\view\reservation\listRequestsReservation.php:56
[2025-01-04 17:19:30] Error: 2 - Undefined array key "idTrip" en C:\xampp\htdocs\bitacora_oriental\view\reservation\listRequestsReservation.php:59
[2025-01-04 17:19:30] Error: 2 - Undefined array key "idPackages" en C:\xampp\htdocs\bitacora_oriental\view\reservation\listRequestsReservation.php:59
[2025-01-04 17:19:30] Error: 2 - Undefined array key "idTrip" en C:\xampp\htdocs\bitacora_oriental\view\reservation\listRequestsReservation.php:64
[2025-01-04 17:19:30] Error: 2 - Undefined array key "idPackages" en C:\xampp\htdocs\bitacora_oriental\view\reservation\listRequestsReservation.php:64
[2025-01-04 17:19:30] Error: 2 - Undefined array key "idTrip" en C:\xampp\htdocs\bitacora_oriental\view\reservation\listRequestsReservation.php:56
[2025-01-04 17:19:30] Error: 2 - Undefined array key "idTrip" en C:\xampp\htdocs\bitacora_oriental\view\reservation\listRequestsReservation.php:59
[2025-01-04 17:19:30] Error: 2 - Undefined array key "idPackages" en C:\xampp\htdocs\bitacora_oriental\view\reservation\listRequestsReservation.php:59
[2025-01-04 17:19:30] Error: 2 - Undefined array key "idTrip" en C:\xampp\htdocs\bitacora_oriental\view\reservation\listRequestsReservation.php:64
[2025-01-04 17:19:30] Error: 2 - Undefined array key "idPackages" en C:\xampp\htdocs\bitacora_oriental\view\reservation\listRequestsReservation.php:64
[2025-01-04 17:19:30] Error: 2 - Undefined array key "idTrip" en C:\xampp\htdocs\bitacora_oriental\view\reservation\listRequestsReservation.php:56
[2025-01-04 17:19:30] Error: 2 - Undefined array key "idTrip" en C:\xampp\htdocs\bitacora_oriental\view\reservation\listRequestsReservation.php:59
[2025-01-04 17:19:30] Error: 2 - Undefined array key "idPackages" en C:\xampp\htdocs\bitacora_oriental\view\reservation\listRequestsReservation.php:59
[2025-01-04 17:19:30] Error: 2 - Undefined array key "idTrip" en C:\xampp\htdocs\bitacora_oriental\view\reservation\listRequestsReservation.php:64
[2025-01-04 17:19:30] Error: 2 - Undefined array key "idPackages" en C:\xampp\htdocs\bitacora_oriental\view\reservation\listRequestsReservation.php:64
[2025-01-04 17:19:30] Error: 2 - Undefined array key "idTrip" en C:\xampp\htdocs\bitacora_oriental\view\reservation\listRequestsReservation.php:56
[2025-01-04 17:19:30] Error: 2 - Undefined array key "idTrip" en C:\xampp\htdocs\bitacora_oriental\view\reservation\listRequestsReservation.php:59
[2025-01-04 17:19:30] Error: 2 - Undefined array key "idPackages" en C:\xampp\htdocs\bitacora_oriental\view\reservation\listRequestsReservation.php:59
[2025-01-04 17:19:30] Error: 2 - Undefined array key "idTrip" en C:\xampp\htdocs\bitacora_oriental\view\reservation\listRequestsReservation.php:64
[2025-01-04 17:19:30] Error: 2 - Undefined array key "idPackages" en C:\xampp\htdocs\bitacora_oriental\view\reservation\listRequestsReservation.php:64
[2025-01-04 17:19:30] Error: 2 - Undefined array key "idTrip" en C:\xampp\htdocs\bitacora_oriental\view\reservation\listRequestsReservation.php:56
[2025-01-04 17:19:30] Error: 2 - Undefined array key "idTrip" en C:\xampp\htdocs\bitacora_oriental\view\reservation\listRequestsReservation.php:59
[2025-01-04 17:19:30] Error: 2 - Undefined array key "idPackages" en C:\xampp\htdocs\bitacora_oriental\view\reservation\listRequestsReservation.php:59
[2025-01-04 17:19:30] Error: 2 - Undefined array key "idTrip" en C:\xampp\htdocs\bitacora_oriental\view\reservation\listRequestsReservation.php:64
[2025-01-04 17:19:30] Error: 2 - Undefined array key "idPackages" en C:\xampp\htdocs\bitacora_oriental\view\reservation\listRequestsReservation.php:64
[2025-01-04 17:19:30] Error: 2 - Undefined array key "idTrip" en C:\xampp\htdocs\bitacora_oriental\view\reservation\listRequestsReservation.php:56
[2025-01-04 17:19:30] Error: 2 - Undefined array key "idTrip" en C:\xampp\htdocs\bitacora_oriental\view\reservation\listRequestsReservation.php:59
[2025-01-04 17:19:30] Error: 2 - Undefined array key "idPackages" en C:\xampp\htdocs\bitacora_oriental\view\reservation\listRequestsReservation.php:59
[2025-01-04 17:19:30] Error: 2 - Undefined array key "idTrip" en C:\xampp\htdocs\bitacora_oriental\view\reservation\listRequestsReservation.php:64
[2025-01-04 17:19:30] Error: 2 - Undefined array key "idPackages" en C:\xampp\htdocs\bitacora_oriental\view\reservation\listRequestsReservation.php:64
[2025-01-04 17:19:30] Error: 2 - Undefined array key "idTrip" en C:\xampp\htdocs\bitacora_oriental\view\reservation\listRequestsReservation.php:56
[2025-01-04 17:19:30] Error: 2 - Undefined array key "idTrip" en C:\xampp\htdocs\bitacora_oriental\view\reservation\listRequestsReservation.php:59
[2025-01-04 17:19:30] Error: 2 - Undefined array key "idPackages" en C:\xampp\htdocs\bitacora_oriental\view\reservation\listRequestsReservation.php:59
[2025-01-04 17:19:30] Error: 2 - Undefined array key "idTrip" en C:\xampp\htdocs\bitacora_oriental\view\reservation\listRequestsReservation.php:64
[2025-01-04 17:19:30] Error: 2 - Undefined array key "idPackages" en C:\xampp\htdocs\bitacora_oriental\view\reservation\listRequestsReservation.php:64
[2025-01-04 17:19:30] Error: 2 - Undefined array key "idTrip" en C:\xampp\htdocs\bitacora_oriental\view\reservation\listRequestsReservation.php:56
[2025-01-04 17:19:30] Error: 2 - Undefined array key "idTrip" en C:\xampp\htdocs\bitacora_oriental\view\reservation\listRequestsReservation.php:59
[2025-01-04 17:19:30] Error: 2 - Undefined array key "idPackages" en C:\xampp\htdocs\bitacora_oriental\view\reservation\listRequestsReservation.php:59
[2025-01-04 17:19:30] Error: 2 - Undefined array key "idTrip" en C:\xampp\htdocs\bitacora_oriental\view\reservation\listRequestsReservation.php:64
[2025-01-04 17:19:30] Error: 2 - Undefined array key "idPackages" en C:\xampp\htdocs\bitacora_oriental\view\reservation\listRequestsReservation.php:64
[2025-01-04 17:19:56] Error: 2 - Undefined array key "idTrip" en C:\xampp\htdocs\bitacora_oriental\view\reservation\listRequestsReservation.php:56
[2025-01-04 17:19:56] Error: 2 - Undefined array key "idTrip" en C:\xampp\htdocs\bitacora_oriental\view\reservation\listRequestsReservation.php:59
[2025-01-04 17:19:56] Error: 2 - Undefined array key "idPackages" en C:\xampp\htdocs\bitacora_oriental\view\reservation\listRequestsReservation.php:59
[2025-01-04 17:19:56] Error: 2 - Undefined array key "idTrip" en C:\xampp\htdocs\bitacora_oriental\view\reservation\listRequestsReservation.php:64
[2025-01-04 17:19:56] Error: 2 - Undefined array key "idPackages" en C:\xampp\htdocs\bitacora_oriental\view\reservation\listRequestsReservation.php:64
[2025-01-04 17:19:56] Error: 2 - Undefined array key "idTrip" en C:\xampp\htdocs\bitacora_oriental\view\reservation\listRequestsReservation.php:56
[2025-01-04 17:19:56] Error: 2 - Undefined array key "idTrip" en C:\xampp\htdocs\bitacora_oriental\view\reservation\listRequestsReservation.php:59
[2025-01-04 17:19:56] Error: 2 - Undefined array key "idPackages" en C:\xampp\htdocs\bitacora_oriental\view\reservation\listRequestsReservation.php:59
[2025-01-04 17:19:56] Error: 2 - Undefined array key "idTrip" en C:\xampp\htdocs\bitacora_oriental\view\reservation\listRequestsReservation.php:64
[2025-01-04 17:19:56] Error: 2 - Undefined array key "idPackages" en C:\xampp\htdocs\bitacora_oriental\view\reservation\listRequestsReservation.php:64
[2025-01-04 17:19:56] Error: 2 - Undefined array key "idTrip" en C:\xampp\htdocs\bitacora_oriental\view\reservation\listRequestsReservation.php:56
[2025-01-04 17:19:56] Error: 2 - Undefined array key "idTrip" en C:\xampp\htdocs\bitacora_oriental\view\reservation\listRequestsReservation.php:59
[2025-01-04 17:19:56] Error: 2 - Undefined array key "idPackages" en C:\xampp\htdocs\bitacora_oriental\view\reservation\listRequestsReservation.php:59
[2025-01-04 17:19:56] Error: 2 - Undefined array key "idTrip" en C:\xampp\htdocs\bitacora_oriental\view\reservation\listRequestsReservation.php:64
[2025-01-04 17:19:56] Error: 2 - Undefined array key "idPackages" en C:\xampp\htdocs\bitacora_oriental\view\reservation\listRequestsReservation.php:64
[2025-01-04 17:19:56] Error: 2 - Undefined array key "idTrip" en C:\xampp\htdocs\bitacora_oriental\view\reservation\listRequestsReservation.php:56
[2025-01-04 17:19:56] Error: 2 - Undefined array key "idTrip" en C:\xampp\htdocs\bitacora_oriental\view\reservation\listRequestsReservation.php:59
[2025-01-04 17:19:56] Error: 2 - Undefined array key "idPackages" en C:\xampp\htdocs\bitacora_oriental\view\reservation\listRequestsReservation.php:59
[2025-01-04 17:19:56] Error: 2 - Undefined array key "idTrip" en C:\xampp\htdocs\bitacora_oriental\view\reservation\listRequestsReservation.php:64
[2025-01-04 17:19:56] Error: 2 - Undefined array key "idPackages" en C:\xampp\htdocs\bitacora_oriental\view\reservation\listRequestsReservation.php:64
[2025-01-04 17:19:56] Error: 2 - Undefined array key "idTrip" en C:\xampp\htdocs\bitacora_oriental\view\reservation\listRequestsReservation.php:56
[2025-01-04 17:19:56] Error: 2 - Undefined array key "idTrip" en C:\xampp\htdocs\bitacora_oriental\view\reservation\listRequestsReservation.php:59
[2025-01-04 17:19:56] Error: 2 - Undefined array key "idPackages" en C:\xampp\htdocs\bitacora_oriental\view\reservation\listRequestsReservation.php:59
[2025-01-04 17:19:56] Error: 2 - Undefined array key "idTrip" en C:\xampp\htdocs\bitacora_oriental\view\reservation\listRequestsReservation.php:64
[2025-01-04 17:19:56] Error: 2 - Undefined array key "idPackages" en C:\xampp\htdocs\bitacora_oriental\view\reservation\listRequestsReservation.php:64
[2025-01-04 17:19:56] Error: 2 - Undefined array key "idTrip" en C:\xampp\htdocs\bitacora_oriental\view\reservation\listRequestsReservation.php:56
[2025-01-04 17:19:56] Error: 2 - Undefined array key "idTrip" en C:\xampp\htdocs\bitacora_oriental\view\reservation\listRequestsReservation.php:59
[2025-01-04 17:19:56] Error: 2 - Undefined array key "idPackages" en C:\xampp\htdocs\bitacora_oriental\view\reservation\listRequestsReservation.php:59
[2025-01-04 17:19:56] Error: 2 - Undefined array key "idTrip" en C:\xampp\htdocs\bitacora_oriental\view\reservation\listRequestsReservation.php:64
[2025-01-04 17:19:56] Error: 2 - Undefined array key "idPackages" en C:\xampp\htdocs\bitacora_oriental\view\reservation\listRequestsReservation.php:64
[2025-01-04 17:19:56] Error: 2 - Undefined array key "idTrip" en C:\xampp\htdocs\bitacora_oriental\view\reservation\listRequestsReservation.php:56
[2025-01-04 17:19:56] Error: 2 - Undefined array key "idTrip" en C:\xampp\htdocs\bitacora_oriental\view\reservation\listRequestsReservation.php:59
[2025-01-04 17:19:56] Error: 2 - Undefined array key "idPackages" en C:\xampp\htdocs\bitacora_oriental\view\reservation\listRequestsReservation.php:59
[2025-01-04 17:19:56] Error: 2 - Undefined array key "idTrip" en C:\xampp\htdocs\bitacora_oriental\view\reservation\listRequestsReservation.php:64
[2025-01-04 17:19:56] Error: 2 - Undefined array key "idPackages" en C:\xampp\htdocs\bitacora_oriental\view\reservation\listRequestsReservation.php:64
[2025-01-04 17:19:56] Error: 2 - Undefined array key "idTrip" en C:\xampp\htdocs\bitacora_oriental\view\reservation\listRequestsReservation.php:56
[2025-01-04 17:19:56] Error: 2 - Undefined array key "idTrip" en C:\xampp\htdocs\bitacora_oriental\view\reservation\listRequestsReservation.php:59
[2025-01-04 17:19:56] Error: 2 - Undefined array key "idPackages" en C:\xampp\htdocs\bitacora_oriental\view\reservation\listRequestsReservation.php:59
[2025-01-04 17:19:56] Error: 2 - Undefined array key "idTrip" en C:\xampp\htdocs\bitacora_oriental\view\reservation\listRequestsReservation.php:64
[2025-01-04 17:19:56] Error: 2 - Undefined array key "idPackages" en C:\xampp\htdocs\bitacora_oriental\view\reservation\listRequestsReservation.php:64
[2025-01-04 17:19:56] Error: 2 - Undefined array key "idTrip" en C:\xampp\htdocs\bitacora_oriental\view\reservation\listRequestsReservation.php:56
[2025-01-04 17:19:56] Error: 2 - Undefined array key "idTrip" en C:\xampp\htdocs\bitacora_oriental\view\reservation\listRequestsReservation.php:59
[2025-01-04 17:19:56] Error: 2 - Undefined array key "idPackages" en C:\xampp\htdocs\bitacora_oriental\view\reservation\listRequestsReservation.php:59
[2025-01-04 17:19:56] Error: 2 - Undefined array key "idTrip" en C:\xampp\htdocs\bitacora_oriental\view\reservation\listRequestsReservation.php:64
[2025-01-04 17:19:56] Error: 2 - Undefined array key "idPackages" en C:\xampp\htdocs\bitacora_oriental\view\reservation\listRequestsReservation.php:64
[2025-01-04 17:19:56] Error: 2 - Undefined array key "idTrip" en C:\xampp\htdocs\bitacora_oriental\view\reservation\listRequestsReservation.php:56
[2025-01-04 17:19:56] Error: 2 - Undefined array key "idTrip" en C:\xampp\htdocs\bitacora_oriental\view\reservation\listRequestsReservation.php:59
[2025-01-04 17:19:56] Error: 2 - Undefined array key "idPackages" en C:\xampp\htdocs\bitacora_oriental\view\reservation\listRequestsReservation.php:59
[2025-01-04 17:19:56] Error: 2 - Undefined array key "idTrip" en C:\xampp\htdocs\bitacora_oriental\view\reservation\listRequestsReservation.php:64
[2025-01-04 17:19:56] Error: 2 - Undefined array key "idPackages" en C:\xampp\htdocs\bitacora_oriental\view\reservation\listRequestsReservation.php:64
[2025-01-04 17:19:56] Error: 2 - Undefined array key "idTrip" en C:\xampp\htdocs\bitacora_oriental\view\reservation\listRequestsReservation.php:56
[2025-01-04 17:19:56] Error: 2 - Undefined array key "idTrip" en C:\xampp\htdocs\bitacora_oriental\view\reservation\listRequestsReservation.php:59
[2025-01-04 17:19:56] Error: 2 - Undefined array key "idPackages" en C:\xampp\htdocs\bitacora_oriental\view\reservation\listRequestsReservation.php:59
[2025-01-04 17:19:56] Error: 2 - Undefined array key "idTrip" en C:\xampp\htdocs\bitacora_oriental\view\reservation\listRequestsReservation.php:64
[2025-01-04 17:19:56] Error: 2 - Undefined array key "idPackages" en C:\xampp\htdocs\bitacora_oriental\view\reservation\listRequestsReservation.php:64
[2025-01-04 17:22:20] Error: 2 - Undefined array key "idTrip" en C:\xampp\htdocs\bitacora_oriental\view\reservation\listRequestsReservation.php:56
[2025-01-04 17:22:20] Error: 2 - Undefined array key "idTrip" en C:\xampp\htdocs\bitacora_oriental\view\reservation\listRequestsReservation.php:59
[2025-01-04 17:22:20] Error: 2 - Undefined array key "idPackages" en C:\xampp\htdocs\bitacora_oriental\view\reservation\listRequestsReservation.php:59
[2025-01-04 17:22:20] Error: 2 - Undefined array key "idTrip" en C:\xampp\htdocs\bitacora_oriental\view\reservation\listRequestsReservation.php:64
[2025-01-04 17:22:20] Error: 2 - Undefined array key "idPackages" en C:\xampp\htdocs\bitacora_oriental\view\reservation\listRequestsReservation.php:64
[2025-01-04 17:22:20] Error: 2 - Undefined array key "idTrip" en C:\xampp\htdocs\bitacora_oriental\view\reservation\listRequestsReservation.php:56
[2025-01-04 17:22:20] Error: 2 - Undefined array key "idTrip" en C:\xampp\htdocs\bitacora_oriental\view\reservation\listRequestsReservation.php:59
[2025-01-04 17:22:20] Error: 2 - Undefined array key "idPackages" en C:\xampp\htdocs\bitacora_oriental\view\reservation\listRequestsReservation.php:59
[2025-01-04 17:22:20] Error: 2 - Undefined array key "idTrip" en C:\xampp\htdocs\bitacora_oriental\view\reservation\listRequestsReservation.php:64
[2025-01-04 17:22:20] Error: 2 - Undefined array key "idPackages" en C:\xampp\htdocs\bitacora_oriental\view\reservation\listRequestsReservation.php:64
[2025-01-04 17:22:20] Error: 2 - Undefined array key "idTrip" en C:\xampp\htdocs\bitacora_oriental\view\reservation\listRequestsReservation.php:56
[2025-01-04 17:22:20] Error: 2 - Undefined array key "idTrip" en C:\xampp\htdocs\bitacora_oriental\view\reservation\listRequestsReservation.php:59
[2025-01-04 17:22:20] Error: 2 - Undefined array key "idPackages" en C:\xampp\htdocs\bitacora_oriental\view\reservation\listRequestsReservation.php:59
[2025-01-04 17:22:20] Error: 2 - Undefined array key "idTrip" en C:\xampp\htdocs\bitacora_oriental\view\reservation\listRequestsReservation.php:64
[2025-01-04 17:22:20] Error: 2 - Undefined array key "idPackages" en C:\xampp\htdocs\bitacora_oriental\view\reservation\listRequestsReservation.php:64
[2025-01-04 17:22:20] Error: 2 - Undefined array key "idTrip" en C:\xampp\htdocs\bitacora_oriental\view\reservation\listRequestsReservation.php:56
[2025-01-04 17:22:20] Error: 2 - Undefined array key "idTrip" en C:\xampp\htdocs\bitacora_oriental\view\reservation\listRequestsReservation.php:59
[2025-01-04 17:22:20] Error: 2 - Undefined array key "idPackages" en C:\xampp\htdocs\bitacora_oriental\view\reservation\listRequestsReservation.php:59
[2025-01-04 17:22:20] Error: 2 - Undefined array key "idTrip" en C:\xampp\htdocs\bitacora_oriental\view\reservation\listRequestsReservation.php:64
[2025-01-04 17:22:20] Error: 2 - Undefined array key "idPackages" en C:\xampp\htdocs\bitacora_oriental\view\reservation\listRequestsReservation.php:64
[2025-01-04 17:22:20] Error: 2 - Undefined array key "idTrip" en C:\xampp\htdocs\bitacora_oriental\view\reservation\listRequestsReservation.php:56
[2025-01-04 17:22:20] Error: 2 - Undefined array key "idTrip" en C:\xampp\htdocs\bitacora_oriental\view\reservation\listRequestsReservation.php:59
[2025-01-04 17:22:20] Error: 2 - Undefined array key "idPackages" en C:\xampp\htdocs\bitacora_oriental\view\reservation\listRequestsReservation.php:59
[2025-01-04 17:22:20] Error: 2 - Undefined array key "idTrip" en C:\xampp\htdocs\bitacora_oriental\view\reservation\listRequestsReservation.php:64
[2025-01-04 17:22:20] Error: 2 - Undefined array key "idPackages" en C:\xampp\htdocs\bitacora_oriental\view\reservation\listRequestsReservation.php:64
[2025-01-04 17:22:20] Error: 2 - Undefined array key "idTrip" en C:\xampp\htdocs\bitacora_oriental\view\reservation\listRequestsReservation.php:56
[2025-01-04 17:22:20] Error: 2 - Undefined array key "idTrip" en C:\xampp\htdocs\bitacora_oriental\view\reservation\listRequestsReservation.php:59
[2025-01-04 17:22:20] Error: 2 - Undefined array key "idPackages" en C:\xampp\htdocs\bitacora_oriental\view\reservation\listRequestsReservation.php:59
[2025-01-04 17:22:20] Error: 2 - Undefined array key "idTrip" en C:\xampp\htdocs\bitacora_oriental\view\reservation\listRequestsReservation.php:64
[2025-01-04 17:22:20] Error: 2 - Undefined array key "idPackages" en C:\xampp\htdocs\bitacora_oriental\view\reservation\listRequestsReservation.php:64
[2025-01-04 17:22:20] Error: 2 - Undefined array key "idTrip" en C:\xampp\htdocs\bitacora_oriental\view\reservation\listRequestsReservation.php:56
[2025-01-04 17:22:20] Error: 2 - Undefined array key "idTrip" en C:\xampp\htdocs\bitacora_oriental\view\reservation\listRequestsReservation.php:59
[2025-01-04 17:22:20] Error: 2 - Undefined array key "idPackages" en C:\xampp\htdocs\bitacora_oriental\view\reservation\listRequestsReservation.php:59
[2025-01-04 17:22:20] Error: 2 - Undefined array key "idTrip" en C:\xampp\htdocs\bitacora_oriental\view\reservation\listRequestsReservation.php:64
[2025-01-04 17:22:20] Error: 2 - Undefined array key "idPackages" en C:\xampp\htdocs\bitacora_oriental\view\reservation\listRequestsReservation.php:64
[2025-01-04 17:22:20] Error: 2 - Undefined array key "idTrip" en C:\xampp\htdocs\bitacora_oriental\view\reservation\listRequestsReservation.php:56
[2025-01-04 17:22:20] Error: 2 - Undefined array key "idTrip" en C:\xampp\htdocs\bitacora_oriental\view\reservation\listRequestsReservation.php:59
[2025-01-04 17:22:20] Error: 2 - Undefined array key "idPackages" en C:\xampp\htdocs\bitacora_oriental\view\reservation\listRequestsReservation.php:59
[2025-01-04 17:22:20] Error: 2 - Undefined array key "idTrip" en C:\xampp\htdocs\bitacora_oriental\view\reservation\listRequestsReservation.php:64
[2025-01-04 17:22:20] Error: 2 - Undefined array key "idPackages" en C:\xampp\htdocs\bitacora_oriental\view\reservation\listRequestsReservation.php:64
[2025-01-04 17:22:20] Error: 2 - Undefined array key "idTrip" en C:\xampp\htdocs\bitacora_oriental\view\reservation\listRequestsReservation.php:56
[2025-01-04 17:22:20] Error: 2 - Undefined array key "idTrip" en C:\xampp\htdocs\bitacora_oriental\view\reservation\listRequestsReservation.php:59
[2025-01-04 17:22:20] Error: 2 - Undefined array key "idPackages" en C:\xampp\htdocs\bitacora_oriental\view\reservation\listRequestsReservation.php:59
[2025-01-04 17:22:20] Error: 2 - Undefined array key "idTrip" en C:\xampp\htdocs\bitacora_oriental\view\reservation\listRequestsReservation.php:64
[2025-01-04 17:22:20] Error: 2 - Undefined array key "idPackages" en C:\xampp\htdocs\bitacora_oriental\view\reservation\listRequestsReservation.php:64
[2025-01-04 17:22:20] Error: 2 - Undefined array key "idTrip" en C:\xampp\htdocs\bitacora_oriental\view\reservation\listRequestsReservation.php:56
[2025-01-04 17:22:20] Error: 2 - Undefined array key "idTrip" en C:\xampp\htdocs\bitacora_oriental\view\reservation\listRequestsReservation.php:59
[2025-01-04 17:22:20] Error: 2 - Undefined array key "idPackages" en C:\xampp\htdocs\bitacora_oriental\view\reservation\listRequestsReservation.php:59
[2025-01-04 17:22:20] Error: 2 - Undefined array key "idTrip" en C:\xampp\htdocs\bitacora_oriental\view\reservation\listRequestsReservation.php:64
[2025-01-04 17:22:20] Error: 2 - Undefined array key "idPackages" en C:\xampp\htdocs\bitacora_oriental\view\reservation\listRequestsReservation.php:64
[2025-01-04 17:22:20] Error: 2 - Undefined array key "idTrip" en C:\xampp\htdocs\bitacora_oriental\view\reservation\listRequestsReservation.php:56
[2025-01-04 17:22:20] Error: 2 - Undefined array key "idTrip" en C:\xampp\htdocs\bitacora_oriental\view\reservation\listRequestsReservation.php:59
[2025-01-04 17:22:20] Error: 2 - Undefined array key "idPackages" en C:\xampp\htdocs\bitacora_oriental\view\reservation\listRequestsReservation.php:59
[2025-01-04 17:22:20] Error: 2 - Undefined array key "idTrip" en C:\xampp\htdocs\bitacora_oriental\view\reservation\listRequestsReservation.php:64
[2025-01-04 17:22:20] Error: 2 - Undefined array key "idPackages" en C:\xampp\htdocs\bitacora_oriental\view\reservation\listRequestsReservation.php:64
[2025-01-04 17:43:00] Error: 2 - Undefined array key "idTrip" en C:\xampp\htdocs\bitacora_oriental\view\reservation\listRequestsReservation.php:56
[2025-01-04 17:43:00] Error: 2 - Undefined array key "idTrip" en C:\xampp\htdocs\bitacora_oriental\view\reservation\listRequestsReservation.php:56
[2025-01-04 17:43:00] Error: 2 - Undefined array key "idTrip" en C:\xampp\htdocs\bitacora_oriental\view\reservation\listRequestsReservation.php:56
[2025-01-04 17:43:00] Error: 2 - Undefined array key "idTrip" en C:\xampp\htdocs\bitacora_oriental\view\reservation\listRequestsReservation.php:56
[2025-01-04 17:43:00] Error: 2 - Undefined array key "idTrip" en C:\xampp\htdocs\bitacora_oriental\view\reservation\listRequestsReservation.php:56
[2025-01-04 17:43:00] Error: 2 - Undefined array key "idTrip" en C:\xampp\htdocs\bitacora_oriental\view\reservation\listRequestsReservation.php:56
[2025-01-04 17:43:00] Error: 2 - Undefined array key "idTrip" en C:\xampp\htdocs\bitacora_oriental\view\reservation\listRequestsReservation.php:56
[2025-01-04 17:43:00] Error: 2 - Undefined array key "idTrip" en C:\xampp\htdocs\bitacora_oriental\view\reservation\listRequestsReservation.php:56
[2025-01-04 17:43:00] Error: 2 - Undefined array key "idTrip" en C:\xampp\htdocs\bitacora_oriental\view\reservation\listRequestsReservation.php:56
[2025-01-04 17:43:00] Error: 2 - Undefined array key "idTrip" en C:\xampp\htdocs\bitacora_oriental\view\reservation\listRequestsReservation.php:56
[2025-01-04 17:43:00] Error: 2 - Undefined array key "idTrip" en C:\xampp\htdocs\bitacora_oriental\view\reservation\listRequestsReservation.php:56
[2025-01-04 17:47:21] Error: 2 - require_once(C:\xampp\htdocs\bitacora_oriental\config/../view/reservation/a.php): Failed to open stream: No such file or directory en C:\xampp\htdocs\bitacora_oriental\index.php:116
[2025-01-04 17:48:36] Error: 2 - require_once(C:\xampp\htdocs\bitacora_oriental\config/../view/reservation/a.php): Failed to open stream: No such file or directory en C:\xampp\htdocs\bitacora_oriental\index.php:116
[2025-01-04 17:48:45] Error: 2 - Undefined array key "idTrip" en C:\xampp\htdocs\bitacora_oriental\view\reservation\listRequestsReservation.php:56
[2025-01-04 17:48:45] Error: 2 - Undefined array key "idTrip" en C:\xampp\htdocs\bitacora_oriental\view\reservation\listRequestsReservation.php:56
[2025-01-04 17:48:45] Error: 2 - Undefined array key "idTrip" en C:\xampp\htdocs\bitacora_oriental\view\reservation\listRequestsReservation.php:56
[2025-01-04 17:48:45] Error: 2 - Undefined array key "idTrip" en C:\xampp\htdocs\bitacora_oriental\view\reservation\listRequestsReservation.php:56
[2025-01-04 17:48:45] Error: 2 - Undefined array key "idTrip" en C:\xampp\htdocs\bitacora_oriental\view\reservation\listRequestsReservation.php:56
[2025-01-04 17:48:45] Error: 2 - Undefined array key "idTrip" en C:\xampp\htdocs\bitacora_oriental\view\reservation\listRequestsReservation.php:56
[2025-01-04 17:48:45] Error: 2 - Undefined array key "idTrip" en C:\xampp\htdocs\bitacora_oriental\view\reservation\listRequestsReservation.php:56
[2025-01-04 17:48:45] Error: 2 - Undefined array key "idTrip" en C:\xampp\htdocs\bitacora_oriental\view\reservation\listRequestsReservation.php:56
[2025-01-04 17:48:45] Error: 2 - Undefined array key "idTrip" en C:\xampp\htdocs\bitacora_oriental\view\reservation\listRequestsReservation.php:56
[2025-01-04 17:50:04] Error: 2 - Undefined array key "idTrip" en C:\xampp\htdocs\bitacora_oriental\view\reservation\listRequestsReservation.php:56
[2025-01-04 17:50:04] Error: 2 - Undefined array key "idTrip" en C:\xampp\htdocs\bitacora_oriental\view\reservation\listRequestsReservation.php:56
[2025-01-04 17:50:04] Error: 2 - Undefined array key "idTrip" en C:\xampp\htdocs\bitacora_oriental\view\reservation\listRequestsReservation.php:56
[2025-01-04 17:50:04] Error: 2 - Undefined array key "idTrip" en C:\xampp\htdocs\bitacora_oriental\view\reservation\listRequestsReservation.php:56
[2025-01-04 17:50:04] Error: 2 - Undefined array key "idTrip" en C:\xampp\htdocs\bitacora_oriental\view\reservation\listRequestsReservation.php:56
[2025-01-04 17:50:04] Error: 2 - Undefined array key "idTrip" en C:\xampp\htdocs\bitacora_oriental\view\reservation\listRequestsReservation.php:56
[2025-01-04 17:50:04] Error: 2 - Undefined array key "idTrip" en C:\xampp\htdocs\bitacora_oriental\view\reservation\listRequestsReservation.php:56
[2025-01-04 17:50:04] Error: 2 - Undefined array key "idTrip" en C:\xampp\htdocs\bitacora_oriental\view\reservation\listRequestsReservation.php:56
[2025-01-04 17:50:04] Error: 2 - Undefined array key "idTrip" en C:\xampp\htdocs\bitacora_oriental\view\reservation\listRequestsReservation.php:56
[2025-01-04 17:51:25] Error: 2 - Undefined array key "idTrip" en C:\xampp\htdocs\bitacora_oriental\view\reservation\listRequestsReservation.php:56
[2025-01-04 17:51:25] Error: 2 - Undefined array key "idTrip" en C:\xampp\htdocs\bitacora_oriental\view\reservation\listRequestsReservation.php:56
[2025-01-04 17:51:25] Error: 2 - Undefined array key "idTrip" en C:\xampp\htdocs\bitacora_oriental\view\reservation\listRequestsReservation.php:56
[2025-01-04 17:51:25] Error: 2 - Undefined array key "idTrip" en C:\xampp\htdocs\bitacora_oriental\view\reservation\listRequestsReservation.php:56
[2025-01-04 17:51:25] Error: 2 - Undefined array key "idTrip" en C:\xampp\htdocs\bitacora_oriental\view\reservation\listRequestsReservation.php:56
[2025-01-04 17:51:25] Error: 2 - Undefined array key "idTrip" en C:\xampp\htdocs\bitacora_oriental\view\reservation\listRequestsReservation.php:56
[2025-01-04 17:51:25] Error: 2 - Undefined array key "idTrip" en C:\xampp\htdocs\bitacora_oriental\view\reservation\listRequestsReservation.php:56
[2025-01-04 17:51:25] Error: 2 - Undefined array key "idTrip" en C:\xampp\htdocs\bitacora_oriental\view\reservation\listRequestsReservation.php:56
[2025-01-04 17:51:25] Error: 2 - Undefined array key "idTrip" en C:\xampp\htdocs\bitacora_oriental\view\reservation\listRequestsReservation.php:56
[2025-01-04 17:51:26] Error: 2 - Undefined array key "idTrip" en C:\xampp\htdocs\bitacora_oriental\view\reservation\listRequestsReservation.php:56
[2025-01-04 17:51:26] Error: 2 - Undefined array key "idTrip" en C:\xampp\htdocs\bitacora_oriental\view\reservation\listRequestsReservation.php:56
[2025-01-04 17:51:26] Error: 2 - Undefined array key "idTrip" en C:\xampp\htdocs\bitacora_oriental\view\reservation\listRequestsReservation.php:56
[2025-01-04 17:51:26] Error: 2 - Undefined array key "idTrip" en C:\xampp\htdocs\bitacora_oriental\view\reservation\listRequestsReservation.php:56
[2025-01-04 17:51:26] Error: 2 - Undefined array key "idTrip" en C:\xampp\htdocs\bitacora_oriental\view\reservation\listRequestsReservation.php:56
[2025-01-04 17:51:26] Error: 2 - Undefined array key "idTrip" en C:\xampp\htdocs\bitacora_oriental\view\reservation\listRequestsReservation.php:56
[2025-01-04 17:51:26] Error: 2 - Undefined array key "idTrip" en C:\xampp\htdocs\bitacora_oriental\view\reservation\listRequestsReservation.php:56
[2025-01-04 17:51:26] Error: 2 - Undefined array key "idTrip" en C:\xampp\htdocs\bitacora_oriental\view\reservation\listRequestsReservation.php:56
[2025-01-04 17:51:26] Error: 2 - Undefined array key "idTrip" en C:\xampp\htdocs\bitacora_oriental\view\reservation\listRequestsReservation.php:56
[2025-01-04 17:51:37] Error: 2 - Undefined array key "idTrip" en C:\xampp\htdocs\bitacora_oriental\view\reservation\listRequestsReservation.php:56
[2025-01-04 17:51:37] Error: 2 - Undefined array key "idTrip" en C:\xampp\htdocs\bitacora_oriental\view\reservation\listRequestsReservation.php:56
[2025-01-04 17:51:37] Error: 2 - Undefined array key "idTrip" en C:\xampp\htdocs\bitacora_oriental\view\reservation\listRequestsReservation.php:56
[2025-01-04 17:51:37] Error: 2 - Undefined array key "idTrip" en C:\xampp\htdocs\bitacora_oriental\view\reservation\listRequestsReservation.php:56
[2025-01-04 17:51:37] Error: 2 - Undefined array key "idTrip" en C:\xampp\htdocs\bitacora_oriental\view\reservation\listRequestsReservation.php:56
[2025-01-04 17:51:37] Error: 2 - Undefined array key "idTrip" en C:\xampp\htdocs\bitacora_oriental\view\reservation\listRequestsReservation.php:56
[2025-01-04 17:51:37] Error: 2 - Undefined array key "idTrip" en C:\xampp\htdocs\bitacora_oriental\view\reservation\listRequestsReservation.php:56
[2025-01-04 17:51:37] Error: 2 - Undefined array key "idTrip" en C:\xampp\htdocs\bitacora_oriental\view\reservation\listRequestsReservation.php:56
[2025-01-04 17:51:37] Error: 2 - Undefined array key "idTrip" en C:\xampp\htdocs\bitacora_oriental\view\reservation\listRequestsReservation.php:56
[2025-01-04 17:51:51] Error: 2 - Undefined array key "idTrip" en C:\xampp\htdocs\bitacora_oriental\view\reservation\listRequestsReservation.php:56
[2025-01-04 17:51:51] Error: 2 - Undefined array key "idTrip" en C:\xampp\htdocs\bitacora_oriental\view\reservation\listRequestsReservation.php:56
[2025-01-04 17:51:51] Error: 2 - Undefined array key "idTrip" en C:\xampp\htdocs\bitacora_oriental\view\reservation\listRequestsReservation.php:56
[2025-01-04 17:51:51] Error: 2 - Undefined array key "idTrip" en C:\xampp\htdocs\bitacora_oriental\view\reservation\listRequestsReservation.php:56
[2025-01-04 17:51:51] Error: 2 - Undefined array key "idTrip" en C:\xampp\htdocs\bitacora_oriental\view\reservation\listRequestsReservation.php:56
[2025-01-04 17:51:51] Error: 2 - Undefined array key "idTrip" en C:\xampp\htdocs\bitacora_oriental\view\reservation\listRequestsReservation.php:56
[2025-01-04 17:51:51] Error: 2 - Undefined array key "idTrip" en C:\xampp\htdocs\bitacora_oriental\view\reservation\listRequestsReservation.php:56
[2025-01-04 17:51:51] Error: 2 - Undefined array key "idTrip" en C:\xampp\htdocs\bitacora_oriental\view\reservation\listRequestsReservation.php:56
[2025-01-04 17:51:51] Error: 2 - Undefined array key "idTrip" en C:\xampp\htdocs\bitacora_oriental\view\reservation\listRequestsReservation.php:56
[2025-01-04 17:53:59] Error: 2 - Undefined array key "idTrip" en C:\xampp\htdocs\bitacora_oriental\view\reservation\listRequestsReservation.php:56
[2025-01-04 17:53:59] Error: 2 - Undefined array key "idTrip" en C:\xampp\htdocs\bitacora_oriental\view\reservation\listRequestsReservation.php:56
[2025-01-04 17:53:59] Error: 2 - Undefined array key "idTrip" en C:\xampp\htdocs\bitacora_oriental\view\reservation\listRequestsReservation.php:56
[2025-01-04 17:53:59] Error: 2 - Undefined array key "idTrip" en C:\xampp\htdocs\bitacora_oriental\view\reservation\listRequestsReservation.php:56
[2025-01-04 17:53:59] Error: 2 - Undefined array key "idTrip" en C:\xampp\htdocs\bitacora_oriental\view\reservation\listRequestsReservation.php:56
[2025-01-04 17:53:59] Error: 2 - Undefined array key "idTrip" en C:\xampp\htdocs\bitacora_oriental\view\reservation\listRequestsReservation.php:56
[2025-01-04 17:53:59] Error: 2 - Undefined array key "idTrip" en C:\xampp\htdocs\bitacora_oriental\view\reservation\listRequestsReservation.php:56
[2025-01-04 17:53:59] Error: 2 - Undefined array key "idTrip" en C:\xampp\htdocs\bitacora_oriental\view\reservation\listRequestsReservation.php:56
[2025-01-04 17:53:59] Error: 2 - Undefined array key "idTrip" en C:\xampp\htdocs\bitacora_oriental\view\reservation\listRequestsReservation.php:56
[2025-01-04 17:54:03] Error: 2 - Undefined array key "idTrip" en C:\xampp\htdocs\bitacora_oriental\view\reservation\listRequestsReservation.php:56
[2025-01-04 17:54:03] Error: 2 - Undefined array key "idTrip" en C:\xampp\htdocs\bitacora_oriental\view\reservation\listRequestsReservation.php:56
[2025-01-04 17:54:03] Error: 2 - Undefined array key "idTrip" en C:\xampp\htdocs\bitacora_oriental\view\reservation\listRequestsReservation.php:56
[2025-01-04 17:54:03] Error: 2 - Undefined array key "idTrip" en C:\xampp\htdocs\bitacora_oriental\view\reservation\listRequestsReservation.php:56
[2025-01-04 17:54:03] Error: 2 - Undefined array key "idTrip" en C:\xampp\htdocs\bitacora_oriental\view\reservation\listRequestsReservation.php:56
[2025-01-04 17:54:03] Error: 2 - Undefined array key "idTrip" en C:\xampp\htdocs\bitacora_oriental\view\reservation\listRequestsReservation.php:56
[2025-01-04 17:54:03] Error: 2 - Undefined array key "idTrip" en C:\xampp\htdocs\bitacora_oriental\view\reservation\listRequestsReservation.php:56
[2025-01-04 17:54:03] Error: 2 - Undefined array key "idTrip" en C:\xampp\htdocs\bitacora_oriental\view\reservation\listRequestsReservation.php:56
[2025-01-04 17:54:03] Error: 2 - Undefined array key "idTrip" en C:\xampp\htdocs\bitacora_oriental\view\reservation\listRequestsReservation.php:56
[2025-01-04 17:54:12] Error: 2 - Undefined array key "idTrip" en C:\xampp\htdocs\bitacora_oriental\view\reservation\listRequestsReservation.php:56
[2025-01-04 17:54:12] Error: 2 - Undefined array key "idTrip" en C:\xampp\htdocs\bitacora_oriental\view\reservation\listRequestsReservation.php:56
[2025-01-04 17:54:12] Error: 2 - Undefined array key "idTrip" en C:\xampp\htdocs\bitacora_oriental\view\reservation\listRequestsReservation.php:56
[2025-01-04 17:54:12] Error: 2 - Undefined array key "idTrip" en C:\xampp\htdocs\bitacora_oriental\view\reservation\listRequestsReservation.php:56
[2025-01-04 17:54:12] Error: 2 - Undefined array key "idTrip" en C:\xampp\htdocs\bitacora_oriental\view\reservation\listRequestsReservation.php:56
[2025-01-04 17:54:12] Error: 2 - Undefined array key "idTrip" en C:\xampp\htdocs\bitacora_oriental\view\reservation\listRequestsReservation.php:56
[2025-01-04 17:54:12] Error: 2 - Undefined array key "idTrip" en C:\xampp\htdocs\bitacora_oriental\view\reservation\listRequestsReservation.php:56
[2025-01-04 17:54:12] Error: 2 - Undefined array key "idTrip" en C:\xampp\htdocs\bitacora_oriental\view\reservation\listRequestsReservation.php:56
[2025-01-04 17:54:12] Error: 2 - Undefined array key "idTrip" en C:\xampp\htdocs\bitacora_oriental\view\reservation\listRequestsReservation.php:56
[2025-01-04 17:54:48] Error: 2 - Undefined array key "idTrip" en C:\xampp\htdocs\bitacora_oriental\view\reservation\listRequestsReservation.php:56
[2025-01-04 17:54:48] Error: 2 - Undefined array key "idTrip" en C:\xampp\htdocs\bitacora_oriental\view\reservation\listRequestsReservation.php:56
[2025-01-04 17:54:48] Error: 2 - Undefined array key "idTrip" en C:\xampp\htdocs\bitacora_oriental\view\reservation\listRequestsReservation.php:56
[2025-01-04 17:54:48] Error: 2 - Undefined array key "idTrip" en C:\xampp\htdocs\bitacora_oriental\view\reservation\listRequestsReservation.php:56
[2025-01-04 17:54:48] Error: 2 - Undefined array key "idTrip" en C:\xampp\htdocs\bitacora_oriental\view\reservation\listRequestsReservation.php:56
[2025-01-04 17:54:48] Error: 2 - Undefined array key "idTrip" en C:\xampp\htdocs\bitacora_oriental\view\reservation\listRequestsReservation.php:56
[2025-01-04 17:54:48] Error: 2 - Undefined array key "idTrip" en C:\xampp\htdocs\bitacora_oriental\view\reservation\listRequestsReservation.php:56
[2025-01-04 17:54:48] Error: 2 - Undefined array key "idTrip" en C:\xampp\htdocs\bitacora_oriental\view\reservation\listRequestsReservation.php:56
[2025-01-04 17:54:48] Error: 2 - Undefined array key "idTrip" en C:\xampp\htdocs\bitacora_oriental\view\reservation\listRequestsReservation.php:56
[2025-01-04 17:54:51] Error: 2 - Undefined array key "idTrip" en C:\xampp\htdocs\bitacora_oriental\view\reservation\listRequestsReservation.php:56
[2025-01-04 17:54:51] Error: 2 - Undefined array key "idTrip" en C:\xampp\htdocs\bitacora_oriental\view\reservation\listRequestsReservation.php:56
[2025-01-04 17:54:51] Error: 2 - Undefined array key "idTrip" en C:\xampp\htdocs\bitacora_oriental\view\reservation\listRequestsReservation.php:56
[2025-01-04 17:54:51] Error: 2 - Undefined array key "idTrip" en C:\xampp\htdocs\bitacora_oriental\view\reservation\listRequestsReservation.php:56
[2025-01-04 17:54:51] Error: 2 - Undefined array key "idTrip" en C:\xampp\htdocs\bitacora_oriental\view\reservation\listRequestsReservation.php:56
[2025-01-04 17:54:51] Error: 2 - Undefined array key "idTrip" en C:\xampp\htdocs\bitacora_oriental\view\reservation\listRequestsReservation.php:56
[2025-01-04 17:54:51] Error: 2 - Undefined array key "idTrip" en C:\xampp\htdocs\bitacora_oriental\view\reservation\listRequestsReservation.php:56
[2025-01-04 17:54:51] Error: 2 - Undefined array key "idTrip" en C:\xampp\htdocs\bitacora_oriental\view\reservation\listRequestsReservation.php:56
[2025-01-04 17:54:51] Error: 2 - Undefined array key "idTrip" en C:\xampp\htdocs\bitacora_oriental\view\reservation\listRequestsReservation.php:56
[2025-01-04 17:54:53] Error: 2 - Undefined array key "idTrip" en C:\xampp\htdocs\bitacora_oriental\view\reservation\listRequestsReservation.php:56
[2025-01-04 17:54:53] Error: 2 - Undefined array key "idTrip" en C:\xampp\htdocs\bitacora_oriental\view\reservation\listRequestsReservation.php:56
[2025-01-04 17:54:53] Error: 2 - Undefined array key "idTrip" en C:\xampp\htdocs\bitacora_oriental\view\reservation\listRequestsReservation.php:56
[2025-01-04 17:54:53] Error: 2 - Undefined array key "idTrip" en C:\xampp\htdocs\bitacora_oriental\view\reservation\listRequestsReservation.php:56
[2025-01-04 17:54:53] Error: 2 - Undefined array key "idTrip" en C:\xampp\htdocs\bitacora_oriental\view\reservation\listRequestsReservation.php:56
[2025-01-04 17:54:53] Error: 2 - Undefined array key "idTrip" en C:\xampp\htdocs\bitacora_oriental\view\reservation\listRequestsReservation.php:56
[2025-01-04 17:54:53] Error: 2 - Undefined array key "idTrip" en C:\xampp\htdocs\bitacora_oriental\view\reservation\listRequestsReservation.php:56
[2025-01-04 17:54:53] Error: 2 - Undefined array key "idTrip" en C:\xampp\htdocs\bitacora_oriental\view\reservation\listRequestsReservation.php:56
[2025-01-04 17:54:53] Error: 2 - Undefined array key "idTrip" en C:\xampp\htdocs\bitacora_oriental\view\reservation\listRequestsReservation.php:56
[2025-01-04 17:54:55] Error: 2 - Undefined array key "idTrip" en C:\xampp\htdocs\bitacora_oriental\view\reservation\listRequestsReservation.php:56
[2025-01-04 17:54:55] Error: 2 - Undefined array key "idTrip" en C:\xampp\htdocs\bitacora_oriental\view\reservation\listRequestsReservation.php:56
[2025-01-04 17:54:55] Error: 2 - Undefined array key "idTrip" en C:\xampp\htdocs\bitacora_oriental\view\reservation\listRequestsReservation.php:56
[2025-01-04 17:54:55] Error: 2 - Undefined array key "idTrip" en C:\xampp\htdocs\bitacora_oriental\view\reservation\listRequestsReservation.php:56
[2025-01-04 17:54:55] Error: 2 - Undefined array key "idTrip" en C:\xampp\htdocs\bitacora_oriental\view\reservation\listRequestsReservation.php:56
[2025-01-04 17:54:55] Error: 2 - Undefined array key "idTrip" en C:\xampp\htdocs\bitacora_oriental\view\reservation\listRequestsReservation.php:56
[2025-01-04 17:54:55] Error: 2 - Undefined array key "idTrip" en C:\xampp\htdocs\bitacora_oriental\view\reservation\listRequestsReservation.php:56
[2025-01-04 17:54:55] Error: 2 - Undefined array key "idTrip" en C:\xampp\htdocs\bitacora_oriental\view\reservation\listRequestsReservation.php:56
[2025-01-04 17:54:55] Error: 2 - Undefined array key "idTrip" en C:\xampp\htdocs\bitacora_oriental\view\reservation\listRequestsReservation.php:56
[2025-01-04 18:03:01] Error: 2 - Undefined array key "idTrip" en C:\xampp\htdocs\bitacora_oriental\view\reservation\listRequestsReservation.php:56
[2025-01-04 18:03:01] Error: 2 - Undefined array key "idTrip" en C:\xampp\htdocs\bitacora_oriental\view\reservation\listRequestsReservation.php:56
[2025-01-04 18:03:01] Error: 2 - Undefined array key "idTrip" en C:\xampp\htdocs\bitacora_oriental\view\reservation\listRequestsReservation.php:56
[2025-01-04 18:03:01] Error: 2 - Undefined array key "idTrip" en C:\xampp\htdocs\bitacora_oriental\view\reservation\listRequestsReservation.php:56
[2025-01-04 18:03:01] Error: 2 - Undefined array key "idTrip" en C:\xampp\htdocs\bitacora_oriental\view\reservation\listRequestsReservation.php:56
[2025-01-04 18:03:01] Error: 2 - Undefined array key "idTrip" en C:\xampp\htdocs\bitacora_oriental\view\reservation\listRequestsReservation.php:56
[2025-01-04 18:03:01] Error: 2 - Undefined array key "idTrip" en C:\xampp\htdocs\bitacora_oriental\view\reservation\listRequestsReservation.php:56
[2025-01-04 18:03:01] Error: 2 - Undefined array key "idTrip" en C:\xampp\htdocs\bitacora_oriental\view\reservation\listRequestsReservation.php:56
[2025-01-04 18:03:01] Error: 2 - Undefined array key "idTrip" en C:\xampp\htdocs\bitacora_oriental\view\reservation\listRequestsReservation.php:56
[2025-01-04 18:04:21] Error: 2 - Undefined array key "idTrip" en C:\xampp\htdocs\bitacora_oriental\view\reservation\listRequestsReservation.php:56
[2025-01-04 18:04:21] Error: 2 - Undefined array key "idTrip" en C:\xampp\htdocs\bitacora_oriental\view\reservation\listRequestsReservation.php:56
[2025-01-04 18:04:21] Error: 2 - Undefined array key "idTrip" en C:\xampp\htdocs\bitacora_oriental\view\reservation\listRequestsReservation.php:56
[2025-01-04 18:04:21] Error: 2 - Undefined array key "idTrip" en C:\xampp\htdocs\bitacora_oriental\view\reservation\listRequestsReservation.php:56
[2025-01-04 18:04:21] Error: 2 - Undefined array key "idTrip" en C:\xampp\htdocs\bitacora_oriental\view\reservation\listRequestsReservation.php:56
[2025-01-04 18:04:21] Error: 2 - Undefined array key "idTrip" en C:\xampp\htdocs\bitacora_oriental\view\reservation\listRequestsReservation.php:56
[2025-01-04 18:04:21] Error: 2 - Undefined array key "idTrip" en C:\xampp\htdocs\bitacora_oriental\view\reservation\listRequestsReservation.php:56
[2025-01-04 18:04:21] Error: 2 - Undefined array key "idTrip" en C:\xampp\htdocs\bitacora_oriental\view\reservation\listRequestsReservation.php:56
[2025-01-04 18:04:21] Error: 2 - Undefined array key "idTrip" en C:\xampp\htdocs\bitacora_oriental\view\reservation\listRequestsReservation.php:56
[2025-01-04 18:05:09] Error: 2 - Undefined array key "idTrip" en C:\xampp\htdocs\bitacora_oriental\view\reservation\listRequestsReservation.php:56
[2025-01-04 18:05:09] Error: 2 - Undefined array key "idTrip" en C:\xampp\htdocs\bitacora_oriental\view\reservation\listRequestsReservation.php:56
[2025-01-04 18:05:09] Error: 2 - Undefined array key "idTrip" en C:\xampp\htdocs\bitacora_oriental\view\reservation\listRequestsReservation.php:56
[2025-01-04 18:05:09] Error: 2 - Undefined array key "idTrip" en C:\xampp\htdocs\bitacora_oriental\view\reservation\listRequestsReservation.php:56
[2025-01-04 18:05:09] Error: 2 - Undefined array key "idTrip" en C:\xampp\htdocs\bitacora_oriental\view\reservation\listRequestsReservation.php:56
[2025-01-04 18:05:09] Error: 2 - Undefined array key "idTrip" en C:\xampp\htdocs\bitacora_oriental\view\reservation\listRequestsReservation.php:56
[2025-01-04 18:05:09] Error: 2 - Undefined array key "idTrip" en C:\xampp\htdocs\bitacora_oriental\view\reservation\listRequestsReservation.php:56
[2025-01-04 18:05:09] Error: 2 - Undefined array key "idTrip" en C:\xampp\htdocs\bitacora_oriental\view\reservation\listRequestsReservation.php:56
[2025-01-04 18:05:09] Error: 2 - Undefined array key "idTrip" en C:\xampp\htdocs\bitacora_oriental\view\reservation\listRequestsReservation.php:56
[2025-01-04 18:05:35] Error: 2 - Undefined array key "idTrip" en C:\xampp\htdocs\bitacora_oriental\view\reservation\listRequestsReservation.php:56
[2025-01-04 18:05:35] Error: 2 - Undefined array key "idTrip" en C:\xampp\htdocs\bitacora_oriental\view\reservation\listRequestsReservation.php:56
[2025-01-04 18:05:35] Error: 2 - Undefined array key "idTrip" en C:\xampp\htdocs\bitacora_oriental\view\reservation\listRequestsReservation.php:56
[2025-01-04 18:05:35] Error: 2 - Undefined array key "idTrip" en C:\xampp\htdocs\bitacora_oriental\view\reservation\listRequestsReservation.php:56
[2025-01-04 18:05:35] Error: 2 - Undefined array key "idTrip" en C:\xampp\htdocs\bitacora_oriental\view\reservation\listRequestsReservation.php:56
[2025-01-04 18:05:35] Error: 2 - Undefined array key "idTrip" en C:\xampp\htdocs\bitacora_oriental\view\reservation\listRequestsReservation.php:56
[2025-01-04 18:05:35] Error: 2 - Undefined array key "idTrip" en C:\xampp\htdocs\bitacora_oriental\view\reservation\listRequestsReservation.php:56
[2025-01-04 18:05:35] Error: 2 - Undefined array key "idTrip" en C:\xampp\htdocs\bitacora_oriental\view\reservation\listRequestsReservation.php:56
[2025-01-04 18:05:35] Error: 2 - Undefined array key "idTrip" en C:\xampp\htdocs\bitacora_oriental\view\reservation\listRequestsReservation.php:56
[2025-01-04 18:05:48] Error: 2 - Undefined array key "idTrip" en C:\xampp\htdocs\bitacora_oriental\view\reservation\listRequestsReservation.php:56
[2025-01-04 18:05:48] Error: 2 - Undefined array key "idTrip" en C:\xampp\htdocs\bitacora_oriental\view\reservation\listRequestsReservation.php:56
[2025-01-04 18:05:48] Error: 2 - Undefined array key "idTrip" en C:\xampp\htdocs\bitacora_oriental\view\reservation\listRequestsReservation.php:56
[2025-01-04 18:05:48] Error: 2 - Undefined array key "idTrip" en C:\xampp\htdocs\bitacora_oriental\view\reservation\listRequestsReservation.php:56
[2025-01-04 18:05:48] Error: 2 - Undefined array key "idTrip" en C:\xampp\htdocs\bitacora_oriental\view\reservation\listRequestsReservation.php:56
[2025-01-04 18:05:48] Error: 2 - Undefined array key "idTrip" en C:\xampp\htdocs\bitacora_oriental\view\reservation\listRequestsReservation.php:56
[2025-01-04 18:05:48] Error: 2 - Undefined array key "idTrip" en C:\xampp\htdocs\bitacora_oriental\view\reservation\listRequestsReservation.php:56
[2025-01-04 18:05:48] Error: 2 - Undefined array key "idTrip" en C:\xampp\htdocs\bitacora_oriental\view\reservation\listRequestsReservation.php:56
[2025-01-04 18:05:48] Error: 2 - Undefined array key "idTrip" en C:\xampp\htdocs\bitacora_oriental\view\reservation\listRequestsReservation.php:56
[2025-01-04 18:06:22] Error: 2 - Undefined array key "idTrip" en C:\xampp\htdocs\bitacora_oriental\view\reservation\listRequestsReservation.php:56
[2025-01-04 18:06:22] Error: 2 - Undefined array key "idTrip" en C:\xampp\htdocs\bitacora_oriental\view\reservation\listRequestsReservation.php:56
[2025-01-04 18:06:22] Error: 2 - Undefined array key "idTrip" en C:\xampp\htdocs\bitacora_oriental\view\reservation\listRequestsReservation.php:56
[2025-01-04 18:06:22] Error: 2 - Undefined array key "idTrip" en C:\xampp\htdocs\bitacora_oriental\view\reservation\listRequestsReservation.php:56
[2025-01-04 18:06:22] Error: 2 - Undefined array key "idTrip" en C:\xampp\htdocs\bitacora_oriental\view\reservation\listRequestsReservation.php:56
[2025-01-04 18:06:22] Error: 2 - Undefined array key "idTrip" en C:\xampp\htdocs\bitacora_oriental\view\reservation\listRequestsReservation.php:56
[2025-01-04 18:06:22] Error: 2 - Undefined array key "idTrip" en C:\xampp\htdocs\bitacora_oriental\view\reservation\listRequestsReservation.php:56
[2025-01-04 18:06:22] Error: 2 - Undefined array key "idTrip" en C:\xampp\htdocs\bitacora_oriental\view\reservation\listRequestsReservation.php:56
[2025-01-04 18:06:22] Error: 2 - Undefined array key "idTrip" en C:\xampp\htdocs\bitacora_oriental\view\reservation\listRequestsReservation.php:56
[2025-01-04 18:06:27] Error: 2 - Undefined array key "idTrip" en C:\xampp\htdocs\bitacora_oriental\view\reservation\listRequestsReservation.php:56
[2025-01-04 18:06:27] Error: 2 - Undefined array key "idTrip" en C:\xampp\htdocs\bitacora_oriental\view\reservation\listRequestsReservation.php:56
[2025-01-04 18:06:27] Error: 2 - Undefined array key "idTrip" en C:\xampp\htdocs\bitacora_oriental\view\reservation\listRequestsReservation.php:56
[2025-01-04 18:06:27] Error: 2 - Undefined array key "idTrip" en C:\xampp\htdocs\bitacora_oriental\view\reservation\listRequestsReservation.php:56
[2025-01-04 18:06:27] Error: 2 - Undefined array key "idTrip" en C:\xampp\htdocs\bitacora_oriental\view\reservation\listRequestsReservation.php:56
[2025-01-04 18:06:27] Error: 2 - Undefined array key "idTrip" en C:\xampp\htdocs\bitacora_oriental\view\reservation\listRequestsReservation.php:56
[2025-01-04 18:06:27] Error: 2 - Undefined array key "idTrip" en C:\xampp\htdocs\bitacora_oriental\view\reservation\listRequestsReservation.php:56
[2025-01-04 18:06:27] Error: 2 - Undefined array key "idTrip" en C:\xampp\htdocs\bitacora_oriental\view\reservation\listRequestsReservation.php:56
[2025-01-04 18:06:27] Error: 2 - Undefined array key "idTrip" en C:\xampp\htdocs\bitacora_oriental\view\reservation\listRequestsReservation.php:56
[2025-01-04 18:06:36] Error: 2 - Undefined array key "idTrip" en C:\xampp\htdocs\bitacora_oriental\view\reservation\listRequestsReservation.php:56
[2025-01-04 18:06:36] Error: 2 - Undefined array key "idTrip" en C:\xampp\htdocs\bitacora_oriental\view\reservation\listRequestsReservation.php:56
[2025-01-04 18:06:36] Error: 2 - Undefined array key "idTrip" en C:\xampp\htdocs\bitacora_oriental\view\reservation\listRequestsReservation.php:56
[2025-01-04 18:06:36] Error: 2 - Undefined array key "idTrip" en C:\xampp\htdocs\bitacora_oriental\view\reservation\listRequestsReservation.php:56
[2025-01-04 18:06:36] Error: 2 - Undefined array key "idTrip" en C:\xampp\htdocs\bitacora_oriental\view\reservation\listRequestsReservation.php:56
[2025-01-04 18:06:36] Error: 2 - Undefined array key "idTrip" en C:\xampp\htdocs\bitacora_oriental\view\reservation\listRequestsReservation.php:56
[2025-01-04 18:06:36] Error: 2 - Undefined array key "idTrip" en C:\xampp\htdocs\bitacora_oriental\view\reservation\listRequestsReservation.php:56
[2025-01-04 18:06:36] Error: 2 - Undefined array key "idTrip" en C:\xampp\htdocs\bitacora_oriental\view\reservation\listRequestsReservation.php:56
[2025-01-04 18:06:36] Error: 2 - Undefined array key "idTrip" en C:\xampp\htdocs\bitacora_oriental\view\reservation\listRequestsReservation.php:56
[2025-01-04 18:15:41] Error: 2 - Undefined array key "idTrip" en C:\xampp\htdocs\bitacora_oriental\view\reservation\listRequestsReservation.php:56
[2025-01-04 18:15:41] Error: 2 - Undefined array key "idTrip" en C:\xampp\htdocs\bitacora_oriental\view\reservation\listRequestsReservation.php:56
[2025-01-04 18:15:41] Error: 2 - Undefined array key "idTrip" en C:\xampp\htdocs\bitacora_oriental\view\reservation\listRequestsReservation.php:56
[2025-01-04 18:15:41] Error: 2 - Undefined array key "idTrip" en C:\xampp\htdocs\bitacora_oriental\view\reservation\listRequestsReservation.php:56
[2025-01-04 18:15:41] Error: 2 - Undefined array key "idTrip" en C:\xampp\htdocs\bitacora_oriental\view\reservation\listRequestsReservation.php:56
[2025-01-04 18:15:41] Error: 2 - Undefined array key "idTrip" en C:\xampp\htdocs\bitacora_oriental\view\reservation\listRequestsReservation.php:56
[2025-01-04 18:15:41] Error: 2 - Undefined array key "idTrip" en C:\xampp\htdocs\bitacora_oriental\view\reservation\listRequestsReservation.php:56
[2025-01-04 18:15:41] Error: 2 - Undefined array key "idTrip" en C:\xampp\htdocs\bitacora_oriental\view\reservation\listRequestsReservation.php:56
[2025-01-04 18:15:41] Error: 2 - Undefined array key "idTrip" en C:\xampp\htdocs\bitacora_oriental\view\reservation\listRequestsReservation.php:56
[2025-01-04 18:15:46] Error: 2 - Undefined array key "idTrip" en C:\xampp\htdocs\bitacora_oriental\view\reservation\listRequestsReservation.php:56
[2025-01-04 18:15:46] Error: 2 - Undefined array key "idTrip" en C:\xampp\htdocs\bitacora_oriental\view\reservation\listRequestsReservation.php:56
[2025-01-04 18:15:46] Error: 2 - Undefined array key "idTrip" en C:\xampp\htdocs\bitacora_oriental\view\reservation\listRequestsReservation.php:56
[2025-01-04 18:15:46] Error: 2 - Undefined array key "idTrip" en C:\xampp\htdocs\bitacora_oriental\view\reservation\listRequestsReservation.php:56
[2025-01-04 18:15:46] Error: 2 - Undefined array key "idTrip" en C:\xampp\htdocs\bitacora_oriental\view\reservation\listRequestsReservation.php:56
[2025-01-04 18:15:46] Error: 2 - Undefined array key "idTrip" en C:\xampp\htdocs\bitacora_oriental\view\reservation\listRequestsReservation.php:56
[2025-01-04 18:15:46] Error: 2 - Undefined array key "idTrip" en C:\xampp\htdocs\bitacora_oriental\view\reservation\listRequestsReservation.php:56
[2025-01-04 18:15:46] Error: 2 - Undefined array key "idTrip" en C:\xampp\htdocs\bitacora_oriental\view\reservation\listRequestsReservation.php:56
[2025-01-04 18:15:46] Error: 2 - Undefined array key "idTrip" en C:\xampp\htdocs\bitacora_oriental\view\reservation\listRequestsReservation.php:56
[2025-01-04 18:15:51] Error: 2 - Undefined array key "idTrip" en C:\xampp\htdocs\bitacora_oriental\view\reservation\listRequestsReservation.php:56
[2025-01-04 18:15:51] Error: 2 - Undefined array key "idTrip" en C:\xampp\htdocs\bitacora_oriental\view\reservation\listRequestsReservation.php:56
[2025-01-04 18:15:51] Error: 2 - Undefined array key "idTrip" en C:\xampp\htdocs\bitacora_oriental\view\reservation\listRequestsReservation.php:56
[2025-01-04 18:15:51] Error: 2 - Undefined array key "idTrip" en C:\xampp\htdocs\bitacora_oriental\view\reservation\listRequestsReservation.php:56
[2025-01-04 18:15:51] Error: 2 - Undefined array key "idTrip" en C:\xampp\htdocs\bitacora_oriental\view\reservation\listRequestsReservation.php:56
[2025-01-04 18:15:51] Error: 2 - Undefined array key "idTrip" en C:\xampp\htdocs\bitacora_oriental\view\reservation\listRequestsReservation.php:56
[2025-01-04 18:15:51] Error: 2 - Undefined array key "idTrip" en C:\xampp\htdocs\bitacora_oriental\view\reservation\listRequestsReservation.php:56
[2025-01-04 18:15:51] Error: 2 - Undefined array key "idTrip" en C:\xampp\htdocs\bitacora_oriental\view\reservation\listRequestsReservation.php:56
[2025-01-04 18:15:51] Error: 2 - Undefined array key "idTrip" en C:\xampp\htdocs\bitacora_oriental\view\reservation\listRequestsReservation.php:56
[2025-01-04 18:15:54] Error: 2 - Undefined array key "idTrip" en C:\xampp\htdocs\bitacora_oriental\view\reservation\listRequestsReservation.php:56
[2025-01-04 18:15:54] Error: 2 - Undefined array key "idTrip" en C:\xampp\htdocs\bitacora_oriental\view\reservation\listRequestsReservation.php:56
[2025-01-04 18:15:54] Error: 2 - Undefined array key "idTrip" en C:\xampp\htdocs\bitacora_oriental\view\reservation\listRequestsReservation.php:56
[2025-01-04 18:15:54] Error: 2 - Undefined array key "idTrip" en C:\xampp\htdocs\bitacora_oriental\view\reservation\listRequestsReservation.php:56
[2025-01-04 18:15:54] Error: 2 - Undefined array key "idTrip" en C:\xampp\htdocs\bitacora_oriental\view\reservation\listRequestsReservation.php:56
[2025-01-04 18:15:54] Error: 2 - Undefined array key "idTrip" en C:\xampp\htdocs\bitacora_oriental\view\reservation\listRequestsReservation.php:56
[2025-01-04 18:15:54] Error: 2 - Undefined array key "idTrip" en C:\xampp\htdocs\bitacora_oriental\view\reservation\listRequestsReservation.php:56
[2025-01-04 18:15:54] Error: 2 - Undefined array key "idTrip" en C:\xampp\htdocs\bitacora_oriental\view\reservation\listRequestsReservation.php:56
[2025-01-04 18:15:54] Error: 2 - Undefined array key "idTrip" en C:\xampp\htdocs\bitacora_oriental\view\reservation\listRequestsReservation.php:56
[2025-01-04 18:15:57] Error: 2 - Undefined array key "idTrip" en C:\xampp\htdocs\bitacora_oriental\view\reservation\listRequestsReservation.php:56
[2025-01-04 18:15:57] Error: 2 - Undefined array key "idTrip" en C:\xampp\htdocs\bitacora_oriental\view\reservation\listRequestsReservation.php:56
[2025-01-04 18:15:57] Error: 2 - Undefined array key "idTrip" en C:\xampp\htdocs\bitacora_oriental\view\reservation\listRequestsReservation.php:56
[2025-01-04 18:15:57] Error: 2 - Undefined array key "idTrip" en C:\xampp\htdocs\bitacora_oriental\view\reservation\listRequestsReservation.php:56
[2025-01-04 18:15:57] Error: 2 - Undefined array key "idTrip" en C:\xampp\htdocs\bitacora_oriental\view\reservation\listRequestsReservation.php:56
[2025-01-04 18:15:57] Error: 2 - Undefined array key "idTrip" en C:\xampp\htdocs\bitacora_oriental\view\reservation\listRequestsReservation.php:56
[2025-01-04 18:15:57] Error: 2 - Undefined array key "idTrip" en C:\xampp\htdocs\bitacora_oriental\view\reservation\listRequestsReservation.php:56
[2025-01-04 18:15:57] Error: 2 - Undefined array key "idTrip" en C:\xampp\htdocs\bitacora_oriental\view\reservation\listRequestsReservation.php:56
[2025-01-04 18:15:57] Error: 2 - Undefined array key "idTrip" en C:\xampp\htdocs\bitacora_oriental\view\reservation\listRequestsReservation.php:56
[2025-01-04 18:16:00] Error: 2 - Undefined array key "idTrip" en C:\xampp\htdocs\bitacora_oriental\view\reservation\listRequestsReservation.php:56
[2025-01-04 18:16:00] Error: 2 - Undefined array key "idTrip" en C:\xampp\htdocs\bitacora_oriental\view\reservation\listRequestsReservation.php:56
[2025-01-04 18:16:00] Error: 2 - Undefined array key "idTrip" en C:\xampp\htdocs\bitacora_oriental\view\reservation\listRequestsReservation.php:56
[2025-01-04 18:16:00] Error: 2 - Undefined array key "idTrip" en C:\xampp\htdocs\bitacora_oriental\view\reservation\listRequestsReservation.php:56
[2025-01-04 18:16:00] Error: 2 - Undefined array key "idTrip" en C:\xampp\htdocs\bitacora_oriental\view\reservation\listRequestsReservation.php:56
[2025-01-04 18:16:00] Error: 2 - Undefined array key "idTrip" en C:\xampp\htdocs\bitacora_oriental\view\reservation\listRequestsReservation.php:56
[2025-01-04 18:16:00] Error: 2 - Undefined array key "idTrip" en C:\xampp\htdocs\bitacora_oriental\view\reservation\listRequestsReservation.php:56
[2025-01-04 18:16:00] Error: 2 - Undefined array key "idTrip" en C:\xampp\htdocs\bitacora_oriental\view\reservation\listRequestsReservation.php:56
[2025-01-04 18:16:00] Error: 2 - Undefined array key "idTrip" en C:\xampp\htdocs\bitacora_oriental\view\reservation\listRequestsReservation.php:56
[2025-01-04 18:16:04] Error: 2 - Undefined array key "idTrip" en C:\xampp\htdocs\bitacora_oriental\view\reservation\listRequestsReservation.php:56
[2025-01-04 18:16:04] Error: 2 - Undefined array key "idTrip" en C:\xampp\htdocs\bitacora_oriental\view\reservation\listRequestsReservation.php:56
[2025-01-04 18:16:04] Error: 2 - Undefined array key "idTrip" en C:\xampp\htdocs\bitacora_oriental\view\reservation\listRequestsReservation.php:56
[2025-01-04 18:16:04] Error: 2 - Undefined array key "idTrip" en C:\xampp\htdocs\bitacora_oriental\view\reservation\listRequestsReservation.php:56
[2025-01-04 18:16:04] Error: 2 - Undefined array key "idTrip" en C:\xampp\htdocs\bitacora_oriental\view\reservation\listRequestsReservation.php:56
[2025-01-04 18:16:04] Error: 2 - Undefined array key "idTrip" en C:\xampp\htdocs\bitacora_oriental\view\reservation\listRequestsReservation.php:56
[2025-01-04 18:16:04] Error: 2 - Undefined array key "idTrip" en C:\xampp\htdocs\bitacora_oriental\view\reservation\listRequestsReservation.php:56
[2025-01-04 18:16:04] Error: 2 - Undefined array key "idTrip" en C:\xampp\htdocs\bitacora_oriental\view\reservation\listRequestsReservation.php:56
[2025-01-04 18:16:04] Error: 2 - Undefined array key "idTrip" en C:\xampp\htdocs\bitacora_oriental\view\reservation\listRequestsReservation.php:56
[2025-01-04 18:16:09] Error: 2 - Undefined array key "idTrip" en C:\xampp\htdocs\bitacora_oriental\view\reservation\listRequestsReservation.php:56
[2025-01-04 18:16:09] Error: 2 - Undefined array key "idTrip" en C:\xampp\htdocs\bitacora_oriental\view\reservation\listRequestsReservation.php:56
[2025-01-04 18:16:09] Error: 2 - Undefined array key "idTrip" en C:\xampp\htdocs\bitacora_oriental\view\reservation\listRequestsReservation.php:56
[2025-01-04 18:16:09] Error: 2 - Undefined array key "idTrip" en C:\xampp\htdocs\bitacora_oriental\view\reservation\listRequestsReservation.php:56
[2025-01-04 18:16:09] Error: 2 - Undefined array key "idTrip" en C:\xampp\htdocs\bitacora_oriental\view\reservation\listRequestsReservation.php:56
[2025-01-04 18:16:09] Error: 2 - Undefined array key "idTrip" en C:\xampp\htdocs\bitacora_oriental\view\reservation\listRequestsReservation.php:56
[2025-01-04 18:16:09] Error: 2 - Undefined array key "idTrip" en C:\xampp\htdocs\bitacora_oriental\view\reservation\listRequestsReservation.php:56
[2025-01-04 18:16:09] Error: 2 - Undefined array key "idTrip" en C:\xampp\htdocs\bitacora_oriental\view\reservation\listRequestsReservation.php:56
[2025-01-04 18:16:09] Error: 2 - Undefined array key "idTrip" en C:\xampp\htdocs\bitacora_oriental\view\reservation\listRequestsReservation.php:56
[2025-01-04 18:16:11] Error: 2 - Undefined array key "idTrip" en C:\xampp\htdocs\bitacora_oriental\view\reservation\listRequestsReservation.php:56
[2025-01-04 18:16:11] Error: 2 - Undefined array key "idTrip" en C:\xampp\htdocs\bitacora_oriental\view\reservation\listRequestsReservation.php:56
[2025-01-04 18:16:11] Error: 2 - Undefined array key "idTrip" en C:\xampp\htdocs\bitacora_oriental\view\reservation\listRequestsReservation.php:56
[2025-01-04 18:16:11] Error: 2 - Undefined array key "idTrip" en C:\xampp\htdocs\bitacora_oriental\view\reservation\listRequestsReservation.php:56
[2025-01-04 18:16:11] Error: 2 - Undefined array key "idTrip" en C:\xampp\htdocs\bitacora_oriental\view\reservation\listRequestsReservation.php:56
[2025-01-04 18:16:11] Error: 2 - Undefined array key "idTrip" en C:\xampp\htdocs\bitacora_oriental\view\reservation\listRequestsReservation.php:56
[2025-01-04 18:16:11] Error: 2 - Undefined array key "idTrip" en C:\xampp\htdocs\bitacora_oriental\view\reservation\listRequestsReservation.php:56
[2025-01-04 18:16:11] Error: 2 - Undefined array key "idTrip" en C:\xampp\htdocs\bitacora_oriental\view\reservation\listRequestsReservation.php:56
[2025-01-04 18:16:11] Error: 2 - Undefined array key "idTrip" en C:\xampp\htdocs\bitacora_oriental\view\reservation\listRequestsReservation.php:56
[2025-01-04 18:21:16] Error: 2 - Undefined array key "idTrip" en C:\xampp\htdocs\bitacora_oriental\view\reservation\listRequestsReservation.php:56
[2025-01-04 18:21:16] Error: 2 - Undefined array key "idTrip" en C:\xampp\htdocs\bitacora_oriental\view\reservation\listRequestsReservation.php:56
[2025-01-04 18:21:59] Error: 2 - Undefined array key "idTrip" en C:\xampp\htdocs\bitacora_oriental\view\reservation\listRequestsReservation.php:56
[2025-01-04 18:21:59] Error: 2 - Undefined array key "idTrip" en C:\xampp\htdocs\bitacora_oriental\view\reservation\listRequestsReservation.php:56
[2025-01-04 18:22:35] Error: 2 - Undefined array key "idTrip" en C:\xampp\htdocs\bitacora_oriental\view\reservation\listRequestsReservation.php:56
[2025-01-04 18:23:16] Error: 2 - Undefined array key "idTrip" en C:\xampp\htdocs\bitacora_oriental\view\reservation\listRequestsReservation.php:56
[2025-01-04 18:27:30] Error: 2 - Undefined array key "idTrip" en C:\xampp\htdocs\bitacora_oriental\view\reservation\listRequestsReservation.php:56
[2025-01-04 18:27:30] Error: 2 - Undefined array key "idTrip" en C:\xampp\htdocs\bitacora_oriental\view\reservation\listRequestsReservation.php:56
[2025-01-04 18:27:30] Error: 2 - Undefined array key "idTrip" en C:\xampp\htdocs\bitacora_oriental\view\reservation\listRequestsReservation.php:56
[2025-01-04 18:27:30] Error: 2 - Undefined array key "idTrip" en C:\xampp\htdocs\bitacora_oriental\view\reservation\listRequestsReservation.php:56
[2025-01-04 18:27:30] Error: 2 - Undefined array key "idTrip" en C:\xampp\htdocs\bitacora_oriental\view\reservation\listRequestsReservation.php:56
[2025-01-04 18:27:30] Error: 2 - Undefined array key "idTrip" en C:\xampp\htdocs\bitacora_oriental\view\reservation\listRequestsReservation.php:56
[2025-01-04 18:27:30] Error: 2 - Undefined array key "idTrip" en C:\xampp\htdocs\bitacora_oriental\view\reservation\listRequestsReservation.php:56
[2025-01-04 18:27:30] Error: 2 - Undefined array key "idTrip" en C:\xampp\htdocs\bitacora_oriental\view\reservation\listRequestsReservation.php:56
[2025-01-04 18:27:30] Error: 2 - Undefined array key "idTrip" en C:\xampp\htdocs\bitacora_oriental\view\reservation\listRequestsReservation.php:56
[2025-01-04 18:27:30] Error: 2 - Undefined array key "idTrip" en C:\xampp\htdocs\bitacora_oriental\view\reservation\listRequestsReservation.php:56
[2025-01-04 18:27:37] Error: 2 - Undefined array key "idTrip" en C:\xampp\htdocs\bitacora_oriental\view\reservation\listRequestsReservation.php:56
[2025-01-04 18:27:37] Error: 2 - Undefined array key "idTrip" en C:\xampp\htdocs\bitacora_oriental\view\reservation\listRequestsReservation.php:56
[2025-01-04 18:27:37] Error: 2 - Undefined array key "idTrip" en C:\xampp\htdocs\bitacora_oriental\view\reservation\listRequestsReservation.php:56
[2025-01-04 18:27:37] Error: 2 - Undefined array key "idTrip" en C:\xampp\htdocs\bitacora_oriental\view\reservation\listRequestsReservation.php:56
[2025-01-04 18:27:37] Error: 2 - Undefined array key "idTrip" en C:\xampp\htdocs\bitacora_oriental\view\reservation\listRequestsReservation.php:56
[2025-01-04 18:27:37] Error: 2 - Undefined array key "idTrip" en C:\xampp\htdocs\bitacora_oriental\view\reservation\listRequestsReservation.php:56
[2025-01-04 18:27:37] Error: 2 - Undefined array key "idTrip" en C:\xampp\htdocs\bitacora_oriental\view\reservation\listRequestsReservation.php:56
[2025-01-04 18:27:37] Error: 2 - Undefined array key "idTrip" en C:\xampp\htdocs\bitacora_oriental\view\reservation\listRequestsReservation.php:56
[2025-01-04 18:27:37] Error: 2 - Undefined array key "idTrip" en C:\xampp\htdocs\bitacora_oriental\view\reservation\listRequestsReservation.php:56
[2025-01-04 18:28:19] Error: 2 - Undefined array key "idTrip" en C:\xampp\htdocs\bitacora_oriental\view\reservation\listRequestsReservation.php:56
[2025-01-04 18:28:19] Error: 2 - Undefined array key "idTrip" en C:\xampp\htdocs\bitacora_oriental\view\reservation\listRequestsReservation.php:56
[2025-01-04 18:28:19] Error: 2 - Undefined array key "idTrip" en C:\xampp\htdocs\bitacora_oriental\view\reservation\listRequestsReservation.php:56
[2025-01-04 18:28:19] Error: 2 - Undefined array key "idTrip" en C:\xampp\htdocs\bitacora_oriental\view\reservation\listRequestsReservation.php:56
[2025-01-04 18:28:19] Error: 2 - Undefined array key "idTrip" en C:\xampp\htdocs\bitacora_oriental\view\reservation\listRequestsReservation.php:56
[2025-01-04 18:28:19] Error: 2 - Undefined array key "idTrip" en C:\xampp\htdocs\bitacora_oriental\view\reservation\listRequestsReservation.php:56
[2025-01-04 18:28:19] Error: 2 - Undefined array key "idTrip" en C:\xampp\htdocs\bitacora_oriental\view\reservation\listRequestsReservation.php:56
[2025-01-04 18:28:19] Error: 2 - Undefined array key "idTrip" en C:\xampp\htdocs\bitacora_oriental\view\reservation\listRequestsReservation.php:56
[2025-01-04 18:28:19] Error: 2 - Undefined array key "idTrip" en C:\xampp\htdocs\bitacora_oriental\view\reservation\listRequestsReservation.php:56
[2025-01-04 18:28:19] Error: 2 - Undefined array key "idTrip" en C:\xampp\htdocs\bitacora_oriental\view\reservation\listRequestsReservation.php:56
[2025-01-04 18:28:55] Error: 2 - Undefined array key "idTrip" en C:\xampp\htdocs\bitacora_oriental\view\reservation\listRequestsReservation.php:56
[2025-01-04 18:28:55] Error: 2 - Undefined array key "idTrip" en C:\xampp\htdocs\bitacora_oriental\view\reservation\listRequestsReservation.php:56
[2025-01-04 18:28:55] Error: 2 - Undefined array key "idTrip" en C:\xampp\htdocs\bitacora_oriental\view\reservation\listRequestsReservation.php:56
[2025-01-04 18:28:55] Error: 2 - Undefined array key "idTrip" en C:\xampp\htdocs\bitacora_oriental\view\reservation\listRequestsReservation.php:56
[2025-01-04 18:28:55] Error: 2 - Undefined array key "idTrip" en C:\xampp\htdocs\bitacora_oriental\view\reservation\listRequestsReservation.php:56
[2025-01-04 18:28:55] Error: 2 - Undefined array key "idTrip" en C:\xampp\htdocs\bitacora_oriental\view\reservation\listRequestsReservation.php:56
[2025-01-04 18:28:55] Error: 2 - Undefined array key "idTrip" en C:\xampp\htdocs\bitacora_oriental\view\reservation\listRequestsReservation.php:56
[2025-01-04 18:28:55] Error: 2 - Undefined array key "idTrip" en C:\xampp\htdocs\bitacora_oriental\view\reservation\listRequestsReservation.php:56
[2025-01-04 18:28:55] Error: 2 - Undefined array key "idTrip" en C:\xampp\htdocs\bitacora_oriental\view\reservation\listRequestsReservation.php:56
[2025-01-04 18:28:55] Error: 2 - Undefined array key "idTrip" en C:\xampp\htdocs\bitacora_oriental\view\reservation\listRequestsReservation.php:56
[2025-01-04 18:28:57] Error: 2 - Undefined array key "idTrip" en C:\xampp\htdocs\bitacora_oriental\view\reservation\listRequestsReservation.php:56
[2025-01-04 18:28:57] Error: 2 - Undefined array key "idTrip" en C:\xampp\htdocs\bitacora_oriental\view\reservation\listRequestsReservation.php:56
[2025-01-04 18:28:57] Error: 2 - Undefined array key "idTrip" en C:\xampp\htdocs\bitacora_oriental\view\reservation\listRequestsReservation.php:56
[2025-01-04 18:28:57] Error: 2 - Undefined array key "idTrip" en C:\xampp\htdocs\bitacora_oriental\view\reservation\listRequestsReservation.php:56
[2025-01-04 18:28:57] Error: 2 - Undefined array key "idTrip" en C:\xampp\htdocs\bitacora_oriental\view\reservation\listRequestsReservation.php:56
[2025-01-04 18:28:57] Error: 2 - Undefined array key "idTrip" en C:\xampp\htdocs\bitacora_oriental\view\reservation\listRequestsReservation.php:56
[2025-01-04 18:28:57] Error: 2 - Undefined array key "idTrip" en C:\xampp\htdocs\bitacora_oriental\view\reservation\listRequestsReservation.php:56
[2025-01-04 18:28:57] Error: 2 - Undefined array key "idTrip" en C:\xampp\htdocs\bitacora_oriental\view\reservation\listRequestsReservation.php:56
[2025-01-04 18:28:57] Error: 2 - Undefined array key "idTrip" en C:\xampp\htdocs\bitacora_oriental\view\reservation\listRequestsReservation.php:56
[2025-01-04 18:30:27] Error: 2 - Undefined array key "idTrip" en C:\xampp\htdocs\bitacora_oriental\view\reservation\listRequestsReservation.php:56
[2025-01-04 18:30:27] Error: 2 - Undefined array key "idTrip" en C:\xampp\htdocs\bitacora_oriental\view\reservation\listRequestsReservation.php:56
[2025-01-04 18:30:27] Error: 2 - Undefined array key "idTrip" en C:\xampp\htdocs\bitacora_oriental\view\reservation\listRequestsReservation.php:56
[2025-01-04 18:30:27] Error: 2 - Undefined array key "idTrip" en C:\xampp\htdocs\bitacora_oriental\view\reservation\listRequestsReservation.php:56
[2025-01-04 18:30:27] Error: 2 - Undefined array key "idTrip" en C:\xampp\htdocs\bitacora_oriental\view\reservation\listRequestsReservation.php:56
[2025-01-04 18:30:27] Error: 2 - Undefined array key "idTrip" en C:\xampp\htdocs\bitacora_oriental\view\reservation\listRequestsReservation.php:56
[2025-01-04 18:30:27] Error: 2 - Undefined array key "idTrip" en C:\xampp\htdocs\bitacora_oriental\view\reservation\listRequestsReservation.php:56
[2025-01-04 18:30:27] Error: 2 - Undefined array key "idTrip" en C:\xampp\htdocs\bitacora_oriental\view\reservation\listRequestsReservation.php:56
[2025-01-04 18:30:27] Error: 2 - Undefined array key "idTrip" en C:\xampp\htdocs\bitacora_oriental\view\reservation\listRequestsReservation.php:56
[2025-01-04 18:30:31] Error: 2 - Undefined array key "idTrip" en C:\xampp\htdocs\bitacora_oriental\view\reservation\listRequestsReservation.php:56
[2025-01-04 18:30:31] Error: 2 - Undefined array key "idTrip" en C:\xampp\htdocs\bitacora_oriental\view\reservation\listRequestsReservation.php:56
[2025-01-04 18:30:31] Error: 2 - Undefined array key "idTrip" en C:\xampp\htdocs\bitacora_oriental\view\reservation\listRequestsReservation.php:56
[2025-01-04 18:30:31] Error: 2 - Undefined array key "idTrip" en C:\xampp\htdocs\bitacora_oriental\view\reservation\listRequestsReservation.php:56
[2025-01-04 18:30:31] Error: 2 - Undefined array key "idTrip" en C:\xampp\htdocs\bitacora_oriental\view\reservation\listRequestsReservation.php:56
[2025-01-04 18:30:31] Error: 2 - Undefined array key "idTrip" en C:\xampp\htdocs\bitacora_oriental\view\reservation\listRequestsReservation.php:56
[2025-01-04 18:30:31] Error: 2 - Undefined array key "idTrip" en C:\xampp\htdocs\bitacora_oriental\view\reservation\listRequestsReservation.php:56
[2025-01-04 18:30:31] Error: 2 - Undefined array key "idTrip" en C:\xampp\htdocs\bitacora_oriental\view\reservation\listRequestsReservation.php:56
[2025-01-04 18:35:35] Error: 2 - Undefined array key "idTrip" en C:\xampp\htdocs\bitacora_oriental\view\reservation\listRequestsReservation.php:56
[2025-01-04 18:35:35] Error: 2 - Undefined array key "idTrip" en C:\xampp\htdocs\bitacora_oriental\view\reservation\listRequestsReservation.php:56
[2025-01-04 18:35:35] Error: 2 - Undefined array key "idTrip" en C:\xampp\htdocs\bitacora_oriental\view\reservation\listRequestsReservation.php:56
[2025-01-04 18:35:35] Error: 2 - Undefined array key "idTrip" en C:\xampp\htdocs\bitacora_oriental\view\reservation\listRequestsReservation.php:56
[2025-01-04 18:35:35] Error: 2 - Undefined array key "idTrip" en C:\xampp\htdocs\bitacora_oriental\view\reservation\listRequestsReservation.php:56
[2025-01-04 18:35:35] Error: 2 - Undefined array key "idTrip" en C:\xampp\htdocs\bitacora_oriental\view\reservation\listRequestsReservation.php:56
[2025-01-04 18:35:35] Error: 2 - Undefined array key "idTrip" en C:\xampp\htdocs\bitacora_oriental\view\reservation\listRequestsReservation.php:56
[2025-01-04 18:35:35] Error: 2 - Undefined array key "idTrip" en C:\xampp\htdocs\bitacora_oriental\view\reservation\listRequestsReservation.php:56
[2025-01-04 18:35:37] Error: 2 - Undefined array key "idTrip" en C:\xampp\htdocs\bitacora_oriental\view\reservation\listRequestsReservation.php:56
[2025-01-04 18:35:37] Error: 2 - Undefined array key "idTrip" en C:\xampp\htdocs\bitacora_oriental\view\reservation\listRequestsReservation.php:56
[2025-01-04 18:35:37] Error: 2 - Undefined array key "idTrip" en C:\xampp\htdocs\bitacora_oriental\view\reservation\listRequestsReservation.php:56
[2025-01-04 18:35:37] Error: 2 - Undefined array key "idTrip" en C:\xampp\htdocs\bitacora_oriental\view\reservation\listRequestsReservation.php:56
[2025-01-04 18:35:37] Error: 2 - Undefined array key "idTrip" en C:\xampp\htdocs\bitacora_oriental\view\reservation\listRequestsReservation.php:56
[2025-01-04 18:35:37] Error: 2 - Undefined array key "idTrip" en C:\xampp\htdocs\bitacora_oriental\view\reservation\listRequestsReservation.php:56
[2025-01-04 18:35:37] Error: 2 - Undefined array key "idTrip" en C:\xampp\htdocs\bitacora_oriental\view\reservation\listRequestsReservation.php:56
[2025-01-04 18:36:51] Error: 2 - Undefined array key "idTrip" en C:\xampp\htdocs\bitacora_oriental\view\reservation\listRequestsReservation.php:56
[2025-01-04 18:36:51] Error: 2 - Undefined array key "idTrip" en C:\xampp\htdocs\bitacora_oriental\view\reservation\listRequestsReservation.php:56
[2025-01-04 18:36:51] Error: 2 - Undefined array key "idTrip" en C:\xampp\htdocs\bitacora_oriental\view\reservation\listRequestsReservation.php:56
[2025-01-04 18:36:51] Error: 2 - Undefined array key "idTrip" en C:\xampp\htdocs\bitacora_oriental\view\reservation\listRequestsReservation.php:56
[2025-01-04 18:36:51] Error: 2 - Undefined array key "idTrip" en C:\xampp\htdocs\bitacora_oriental\view\reservation\listRequestsReservation.php:56
[2025-01-04 18:36:51] Error: 2 - Undefined array key "idTrip" en C:\xampp\htdocs\bitacora_oriental\view\reservation\listRequestsReservation.php:56
[2025-01-04 18:36:51] Error: 2 - Undefined array key "idTrip" en C:\xampp\htdocs\bitacora_oriental\view\reservation\listRequestsReservation.php:56
[2025-01-04 18:37:51] Error: 2 - Undefined array key "idTrip" en C:\xampp\htdocs\bitacora_oriental\view\reservation\listRequestsReservation.php:56
[2025-01-04 18:37:51] Error: 2 - Undefined array key "idTrip" en C:\xampp\htdocs\bitacora_oriental\view\reservation\listRequestsReservation.php:56
[2025-01-04 18:37:51] Error: 2 - Undefined array key "idTrip" en C:\xampp\htdocs\bitacora_oriental\view\reservation\listRequestsReservation.php:56
[2025-01-04 18:37:51] Error: 2 - Undefined array key "idTrip" en C:\xampp\htdocs\bitacora_oriental\view\reservation\listRequestsReservation.php:56
[2025-01-04 18:37:51] Error: 2 - Undefined array key "idTrip" en C:\xampp\htdocs\bitacora_oriental\view\reservation\listRequestsReservation.php:56
[2025-01-04 18:37:51] Error: 2 - Undefined array key "idTrip" en C:\xampp\htdocs\bitacora_oriental\view\reservation\listRequestsReservation.php:56
[2025-01-04 18:37:51] Error: 2 - Undefined array key "idTrip" en C:\xampp\htdocs\bitacora_oriental\view\reservation\listRequestsReservation.php:56
[2025-01-04 18:37:53] Error: 2 - Undefined array key "idTrip" en C:\xampp\htdocs\bitacora_oriental\view\reservation\listRequestsReservation.php:56
[2025-01-04 18:37:53] Error: 2 - Undefined array key "idTrip" en C:\xampp\htdocs\bitacora_oriental\view\reservation\listRequestsReservation.php:56
[2025-01-04 18:37:53] Error: 2 - Undefined array key "idTrip" en C:\xampp\htdocs\bitacora_oriental\view\reservation\listRequestsReservation.php:56
[2025-01-04 18:37:53] Error: 2 - Undefined array key "idTrip" en C:\xampp\htdocs\bitacora_oriental\view\reservation\listRequestsReservation.php:56
[2025-01-04 18:37:53] Error: 2 - Undefined array key "idTrip" en C:\xampp\htdocs\bitacora_oriental\view\reservation\listRequestsReservation.php:56
[2025-01-04 18:37:53] Error: 2 - Undefined array key "idTrip" en C:\xampp\htdocs\bitacora_oriental\view\reservation\listRequestsReservation.php:56
[2025-01-04 18:37:55] Error: 2 - Undefined array key "idTrip" en C:\xampp\htdocs\bitacora_oriental\view\reservation\listRequestsReservation.php:56
[2025-01-04 18:37:55] Error: 2 - Undefined array key "idTrip" en C:\xampp\htdocs\bitacora_oriental\view\reservation\listRequestsReservation.php:56
[2025-01-04 18:37:55] Error: 2 - Undefined array key "idTrip" en C:\xampp\htdocs\bitacora_oriental\view\reservation\listRequestsReservation.php:56
[2025-01-04 18:37:55] Error: 2 - Undefined array key "idTrip" en C:\xampp\htdocs\bitacora_oriental\view\reservation\listRequestsReservation.php:56
[2025-01-04 18:37:55] Error: 2 - Undefined array key "idTrip" en C:\xampp\htdocs\bitacora_oriental\view\reservation\listRequestsReservation.php:56
[2025-01-04 18:37:55] Error: 2 - Undefined array key "idTrip" en C:\xampp\htdocs\bitacora_oriental\view\reservation\listRequestsReservation.php:56
[2025-01-04 18:37:56] Error: 2 - Undefined array key "idTrip" en C:\xampp\htdocs\bitacora_oriental\view\reservation\listRequestsReservation.php:56
[2025-01-04 18:37:56] Error: 2 - Undefined array key "idTrip" en C:\xampp\htdocs\bitacora_oriental\view\reservation\listRequestsReservation.php:56
[2025-01-04 18:37:56] Error: 2 - Undefined array key "idTrip" en C:\xampp\htdocs\bitacora_oriental\view\reservation\listRequestsReservation.php:56
[2025-01-04 18:37:56] Error: 2 - Undefined array key "idTrip" en C:\xampp\htdocs\bitacora_oriental\view\reservation\listRequestsReservation.php:56
[2025-01-04 18:37:56] Error: 2 - Undefined array key "idTrip" en C:\xampp\htdocs\bitacora_oriental\view\reservation\listRequestsReservation.php:56
[2025-01-04 18:38:35] Error: 2 - Undefined array key "idTrip" en C:\xampp\htdocs\bitacora_oriental\view\reservation\listRequestsReservation.php:56
[2025-01-04 18:38:35] Error: 2 - Undefined array key "idTrip" en C:\xampp\htdocs\bitacora_oriental\view\reservation\listRequestsReservation.php:56
[2025-01-04 18:38:35] Error: 2 - Undefined array key "idTrip" en C:\xampp\htdocs\bitacora_oriental\view\reservation\listRequestsReservation.php:56
[2025-01-04 18:38:35] Error: 2 - Undefined array key "idTrip" en C:\xampp\htdocs\bitacora_oriental\view\reservation\listRequestsReservation.php:56
[2025-01-04 18:38:51] Error: 2 - Undefined array key "idTrip" en C:\xampp\htdocs\bitacora_oriental\view\reservation\listRequestsReservation.php:56
[2025-01-04 18:38:51] Error: 2 - Undefined array key "idTrip" en C:\xampp\htdocs\bitacora_oriental\view\reservation\listRequestsReservation.php:56
[2025-01-04 18:38:51] Error: 2 - Undefined array key "idTrip" en C:\xampp\htdocs\bitacora_oriental\view\reservation\listRequestsReservation.php:56
[2025-01-04 18:38:51] Error: 2 - Undefined array key "idTrip" en C:\xampp\htdocs\bitacora_oriental\view\reservation\listRequestsReservation.php:56
[2025-01-05 09:58:09] Error: 2 - Undefined array key "idTrip" en C:\xampp\htdocs\bitacora_oriental\view\reservation\listRequestsReservation.php:56
[2025-01-05 09:58:09] Error: 2 - Undefined array key "idTrip" en C:\xampp\htdocs\bitacora_oriental\view\reservation\listRequestsReservation.php:56
[2025-01-05 09:58:09] Error: 2 - Undefined array key "idTrip" en C:\xampp\htdocs\bitacora_oriental\view\reservation\listRequestsReservation.php:56
[2025-01-05 09:58:09] Error: 2 - Undefined array key "idTrip" en C:\xampp\htdocs\bitacora_oriental\view\reservation\listRequestsReservation.php:56
[2025-01-05 10:37:39] Error: 2 - Undefined array key "idTrip" en C:\xampp\htdocs\bitacora_oriental\view\reservation\listRequestsReservation.php:56
[2025-01-05 10:37:39] Error: 2 - Undefined array key "idTrip" en C:\xampp\htdocs\bitacora_oriental\view\reservation\listRequestsReservation.php:56
[2025-01-05 10:37:39] Error: 2 - Undefined array key "idTrip" en C:\xampp\htdocs\bitacora_oriental\view\reservation\listRequestsReservation.php:56
[2025-01-05 10:37:39] Error: 2 - Undefined array key "idTrip" en C:\xampp\htdocs\bitacora_oriental\view\reservation\listRequestsReservation.php:56
[2025-01-05 10:37:49] Error: 2 - Undefined array key "idTrip" en C:\xampp\htdocs\bitacora_oriental\view\reservation\listRequestsReservation.php:56
[2025-01-05 10:37:49] Error: 2 - Undefined array key "idTrip" en C:\xampp\htdocs\bitacora_oriental\view\reservation\listRequestsReservation.php:56
[2025-01-05 10:37:49] Error: 2 - Undefined array key "idTrip" en C:\xampp\htdocs\bitacora_oriental\view\reservation\listRequestsReservation.php:56
[2025-01-05 10:58:11] Error: 2 - Undefined array key "idTrip" en C:\xampp\htdocs\bitacora_oriental\view\reservation\listRequestsReservation.php:56
[2025-01-05 10:58:11] Error: 2 - Undefined array key "idTrip" en C:\xampp\htdocs\bitacora_oriental\view\reservation\listRequestsReservation.php:56
[2025-01-05 10:58:11] Error: 2 - Undefined array key "idTrip" en C:\xampp\htdocs\bitacora_oriental\view\reservation\listRequestsReservation.php:56
[2025-01-05 11:02:15] Error: 2 - Undefined array key "idTrip" en C:\xampp\htdocs\bitacora_oriental\view\reservation\listRequestsReservation.php:56
[2025-01-05 11:02:15] Error: 2 - Undefined array key "idTrip" en C:\xampp\htdocs\bitacora_oriental\view\reservation\listRequestsReservation.php:56
[2025-01-05 11:02:15] Error: 2 - Undefined array key "idTrip" en C:\xampp\htdocs\bitacora_oriental\view\reservation\listRequestsReservation.php:56
[2025-01-05 11:27:44] Error: 2 - Undefined array key "idTrip" en C:\xampp\htdocs\bitacora_oriental\view\reservation\listRequestsReservation.php:56
[2025-01-05 11:27:44] Error: 2 - Undefined array key "idTrip" en C:\xampp\htdocs\bitacora_oriental\view\reservation\listRequestsReservation.php:56
[2025-01-05 11:27:44] Error: 2 - Undefined array key "idTrip" en C:\xampp\htdocs\bitacora_oriental\view\reservation\listRequestsReservation.php:56
[2025-01-05 11:27:52] Error: 2 - Undefined array key "idTrip" en C:\xampp\htdocs\bitacora_oriental\view\reservation\listRequestsReservation.php:56
[2025-01-05 11:27:52] Error: 2 - Undefined array key "idTrip" en C:\xampp\htdocs\bitacora_oriental\view\reservation\listRequestsReservation.php:56
[2025-01-05 11:34:23] Error: 2 - Undefined array key "idTrip" en C:\xampp\htdocs\bitacora_oriental\view\reservation\listRequestsReservation.php:56
[2025-01-05 11:34:49] Error: 2 - Undefined array key "idTrip" en C:\xampp\htdocs\bitacora_oriental\view\reservation\listRequestsReservation.php:56
[2025-01-05 11:34:50] Error: 2 - Undefined array key "idTrip" en C:\xampp\htdocs\bitacora_oriental\view\reservation\listRequestsReservation.php:56
[2025-01-05 11:34:51] Error: 2 - Undefined array key "idTrip" en C:\xampp\htdocs\bitacora_oriental\view\reservation\listRequestsReservation.php:56
[2025-01-05 11:40:16] Error: 2 - Undefined array key "idTrip" en C:\xampp\htdocs\bitacora_oriental\view\reservation\listRequestsReservation.php:56
[2025-01-05 11:40:16] Error: 2 - Undefined array key "idTrip" en C:\xampp\htdocs\bitacora_oriental\view\reservation\listRequestsReservation.php:56
[2025-01-05 11:40:16] Error: 2 - Undefined array key "idTrip" en C:\xampp\htdocs\bitacora_oriental\view\reservation\listRequestsReservation.php:56
[2025-01-05 11:40:16] Error: 2 - Undefined array key "idTrip" en C:\xampp\htdocs\bitacora_oriental\view\reservation\listRequestsReservation.php:56
[2025-01-05 11:40:16] Error: 2 - Undefined array key "idTrip" en C:\xampp\htdocs\bitacora_oriental\view\reservation\listRequestsReservation.php:56
[2025-01-05 11:40:16] Error: 2 - Undefined array key "idTrip" en C:\xampp\htdocs\bitacora_oriental\view\reservation\listRequestsReservation.php:56
[2025-01-05 11:40:16] Error: 2 - Undefined array key "idTrip" en C:\xampp\htdocs\bitacora_oriental\view\reservation\listRequestsReservation.php:56
[2025-01-05 11:40:16] Error: 2 - Undefined array key "idTrip" en C:\xampp\htdocs\bitacora_oriental\view\reservation\listRequestsReservation.php:56
[2025-01-05 11:40:16] Error: 2 - Undefined array key "idTrip" en C:\xampp\htdocs\bitacora_oriental\view\reservation\listRequestsReservation.php:56
[2025-01-05 11:40:16] Error: 2 - Undefined array key "idTrip" en C:\xampp\htdocs\bitacora_oriental\view\reservation\listRequestsReservation.php:56
[2025-01-05 11:40:16] Error: 2 - Undefined array key "idTrip" en C:\xampp\htdocs\bitacora_oriental\view\reservation\listRequestsReservation.php:56
[2025-01-05 11:40:16] Error: 2 - Undefined array key "idTrip" en C:\xampp\htdocs\bitacora_oriental\view\reservation\listRequestsReservation.php:56
[2025-01-05 11:40:16] Error: 2 - Undefined array key "idTrip" en C:\xampp\htdocs\bitacora_oriental\view\reservation\listRequestsReservation.php:56
[2025-01-05 11:40:16] Error: 2 - Undefined array key "idTrip" en C:\xampp\htdocs\bitacora_oriental\view\reservation\listRequestsReservation.php:56
[2025-01-05 11:40:16] Error: 2 - Undefined array key "idTrip" en C:\xampp\htdocs\bitacora_oriental\view\reservation\listRequestsReservation.php:56
[2025-01-05 11:40:16] Error: 2 - Undefined array key "idTrip" en C:\xampp\htdocs\bitacora_oriental\view\reservation\listRequestsReservation.php:56
[2025-01-05 11:40:16] Error: 2 - Undefined array key "idTrip" en C:\xampp\htdocs\bitacora_oriental\view\reservation\listRequestsReservation.php:56
[2025-01-05 11:40:16] Error: 2 - Undefined array key "idTrip" en C:\xampp\htdocs\bitacora_oriental\view\reservation\listRequestsReservation.php:56
[2025-01-05 11:40:16] Error: 2 - Undefined array key "idTrip" en C:\xampp\htdocs\bitacora_oriental\view\reservation\listRequestsReservation.php:56
[2025-01-05 11:40:16] Error: 2 - Undefined array key "idTrip" en C:\xampp\htdocs\bitacora_oriental\view\reservation\listRequestsReservation.php:56
[2025-01-05 11:40:16] Error: 2 - Undefined array key "idTrip" en C:\xampp\htdocs\bitacora_oriental\view\reservation\listRequestsReservation.php:56
[2025-01-05 11:40:16] Error: 2 - Undefined array key "idTrip" en C:\xampp\htdocs\bitacora_oriental\view\reservation\listRequestsReservation.php:56
[2025-01-05 11:40:16] Error: 2 - Undefined array key "idTrip" en C:\xampp\htdocs\bitacora_oriental\view\reservation\listRequestsReservation.php:56
[2025-01-05 11:40:16] Error: 2 - Undefined array key "idTrip" en C:\xampp\htdocs\bitacora_oriental\view\reservation\listRequestsReservation.php:56
[2025-01-05 11:40:16] Error: 2 - Undefined array key "idTrip" en C:\xampp\htdocs\bitacora_oriental\view\reservation\listRequestsReservation.php:56
[2025-01-05 11:40:16] Error: 2 - Undefined array key "idTrip" en C:\xampp\htdocs\bitacora_oriental\view\reservation\listRequestsReservation.php:56
[2025-01-05 11:40:16] Error: 2 - Undefined array key "idTrip" en C:\xampp\htdocs\bitacora_oriental\view\reservation\listRequestsReservation.php:56
[2025-01-05 11:40:16] Error: 2 - Undefined array key "idTrip" en C:\xampp\htdocs\bitacora_oriental\view\reservation\listRequestsReservation.php:56
[2025-01-05 11:40:16] Error: 2 - Undefined array key "idTrip" en C:\xampp\htdocs\bitacora_oriental\view\reservation\listRequestsReservation.php:56
[2025-01-05 11:40:16] Error: 2 - Undefined array key "idTrip" en C:\xampp\htdocs\bitacora_oriental\view\reservation\listRequestsReservation.php:56
[2025-01-05 11:40:16] Error: 2 - Undefined array key "idTrip" en C:\xampp\htdocs\bitacora_oriental\view\reservation\listRequestsReservation.php:56
[2025-01-05 11:40:16] Error: 2 - Undefined array key "idTrip" en C:\xampp\htdocs\bitacora_oriental\view\reservation\listRequestsReservation.php:56
[2025-01-05 11:40:16] Error: 2 - Undefined array key "idTrip" en C:\xampp\htdocs\bitacora_oriental\view\reservation\listRequestsReservation.php:56
[2025-01-05 11:40:16] Error: 2 - Undefined array key "idTrip" en C:\xampp\htdocs\bitacora_oriental\view\reservation\listRequestsReservation.php:56
[2025-01-05 11:40:16] Error: 2 - Undefined array key "idTrip" en C:\xampp\htdocs\bitacora_oriental\view\reservation\listRequestsReservation.php:56
[2025-01-05 11:40:16] Error: 2 - Undefined array key "idTrip" en C:\xampp\htdocs\bitacora_oriental\view\reservation\listRequestsReservation.php:56
[2025-01-05 11:40:16] Error: 2 - Undefined array key "idTrip" en C:\xampp\htdocs\bitacora_oriental\view\reservation\listRequestsReservation.php:56
[2025-01-05 11:40:16] Error: 2 - Undefined array key "idTrip" en C:\xampp\htdocs\bitacora_oriental\view\reservation\listRequestsReservation.php:56
[2025-01-05 11:40:16] Error: 2 - Undefined array key "idTrip" en C:\xampp\htdocs\bitacora_oriental\view\reservation\listRequestsReservation.php:56
[2025-01-05 11:40:16] Error: 2 - Undefined array key "idTrip" en C:\xampp\htdocs\bitacora_oriental\view\reservation\listRequestsReservation.php:56
[2025-01-05 11:40:16] Error: 2 - Undefined array key "idTrip" en C:\xampp\htdocs\bitacora_oriental\view\reservation\listRequestsReservation.php:56
[2025-01-05 11:40:16] Error: 2 - Undefined array key "idTrip" en C:\xampp\htdocs\bitacora_oriental\view\reservation\listRequestsReservation.php:56
[2025-01-05 11:40:16] Error: 2 - Undefined array key "idTrip" en C:\xampp\htdocs\bitacora_oriental\view\reservation\listRequestsReservation.php:56
[2025-01-05 11:40:16] Error: 2 - Undefined array key "idTrip" en C:\xampp\htdocs\bitacora_oriental\view\reservation\listRequestsReservation.php:56
[2025-01-05 11:40:16] Error: 2 - Undefined array key "idTrip" en C:\xampp\htdocs\bitacora_oriental\view\reservation\listRequestsReservation.php:56
[2025-01-05 11:40:16] Error: 2 - Undefined array key "idTrip" en C:\xampp\htdocs\bitacora_oriental\view\reservation\listRequestsReservation.php:56
[2025-01-05 11:45:05] Error: 2 - Undefined array key "idTrip" en C:\xampp\htdocs\bitacora_oriental\view\reservation\listRequestsReservation.php:57
[2025-01-05 11:45:05] Error: 2 - Undefined array key "idTrip" en C:\xampp\htdocs\bitacora_oriental\view\reservation\listRequestsReservation.php:57
[2025-01-05 11:45:05] Error: 2 - Undefined array key "idTrip" en C:\xampp\htdocs\bitacora_oriental\view\reservation\listRequestsReservation.php:57
[2025-01-05 11:45:05] Error: 2 - Undefined array key "idTrip" en C:\xampp\htdocs\bitacora_oriental\view\reservation\listRequestsReservation.php:57
[2025-01-05 11:45:05] Error: 2 - Undefined array key "idTrip" en C:\xampp\htdocs\bitacora_oriental\view\reservation\listRequestsReservation.php:57
[2025-01-05 11:45:05] Error: 2 - Undefined array key "idTrip" en C:\xampp\htdocs\bitacora_oriental\view\reservation\listRequestsReservation.php:57
[2025-01-05 11:45:05] Error: 2 - Undefined array key "idTrip" en C:\xampp\htdocs\bitacora_oriental\view\reservation\listRequestsReservation.php:57
[2025-01-05 11:45:05] Error: 2 - Undefined array key "idTrip" en C:\xampp\htdocs\bitacora_oriental\view\reservation\listRequestsReservation.php:57
[2025-01-05 11:45:05] Error: 2 - Undefined array key "idTrip" en C:\xampp\htdocs\bitacora_oriental\view\reservation\listRequestsReservation.php:57
[2025-01-05 11:45:05] Error: 2 - Undefined array key "idTrip" en C:\xampp\htdocs\bitacora_oriental\view\reservation\listRequestsReservation.php:57
[2025-01-05 11:45:05] Error: 2 - Undefined array key "idTrip" en C:\xampp\htdocs\bitacora_oriental\view\reservation\listRequestsReservation.php:57
[2025-01-05 11:45:05] Error: 2 - Undefined array key "idTrip" en C:\xampp\htdocs\bitacora_oriental\view\reservation\listRequestsReservation.php:57
[2025-01-05 11:45:05] Error: 2 - Undefined array key "idTrip" en C:\xampp\htdocs\bitacora_oriental\view\reservation\listRequestsReservation.php:57
[2025-01-05 11:45:05] Error: 2 - Undefined array key "idTrip" en C:\xampp\htdocs\bitacora_oriental\view\reservation\listRequestsReservation.php:57
[2025-01-05 11:45:05] Error: 2 - Undefined array key "idTrip" en C:\xampp\htdocs\bitacora_oriental\view\reservation\listRequestsReservation.php:57
[2025-01-05 11:45:05] Error: 2 - Undefined array key "idTrip" en C:\xampp\htdocs\bitacora_oriental\view\reservation\listRequestsReservation.php:57
[2025-01-05 11:45:05] Error: 2 - Undefined array key "idTrip" en C:\xampp\htdocs\bitacora_oriental\view\reservation\listRequestsReservation.php:57
[2025-01-05 11:45:05] Error: 2 - Undefined array key "idTrip" en C:\xampp\htdocs\bitacora_oriental\view\reservation\listRequestsReservation.php:57
[2025-01-05 11:45:05] Error: 2 - Undefined array key "idTrip" en C:\xampp\htdocs\bitacora_oriental\view\reservation\listRequestsReservation.php:57
[2025-01-05 11:45:05] Error: 2 - Undefined array key "idTrip" en C:\xampp\htdocs\bitacora_oriental\view\reservation\listRequestsReservation.php:57
[2025-01-05 11:45:05] Error: 2 - Undefined array key "idTrip" en C:\xampp\htdocs\bitacora_oriental\view\reservation\listRequestsReservation.php:57
[2025-01-05 11:45:05] Error: 2 - Undefined array key "idTrip" en C:\xampp\htdocs\bitacora_oriental\view\reservation\listRequestsReservation.php:57
[2025-01-05 11:45:05] Error: 2 - Undefined array key "idTrip" en C:\xampp\htdocs\bitacora_oriental\view\reservation\listRequestsReservation.php:57
[2025-01-05 11:45:05] Error: 2 - Undefined array key "idTrip" en C:\xampp\htdocs\bitacora_oriental\view\reservation\listRequestsReservation.php:57
[2025-01-05 11:45:05] Error: 2 - Undefined array key "idTrip" en C:\xampp\htdocs\bitacora_oriental\view\reservation\listRequestsReservation.php:57
[2025-01-05 11:45:05] Error: 2 - Undefined array key "idTrip" en C:\xampp\htdocs\bitacora_oriental\view\reservation\listRequestsReservation.php:57
[2025-01-05 11:45:05] Error: 2 - Undefined array key "idTrip" en C:\xampp\htdocs\bitacora_oriental\view\reservation\listRequestsReservation.php:57
[2025-01-05 11:45:05] Error: 2 - Undefined array key "idTrip" en C:\xampp\htdocs\bitacora_oriental\view\reservation\listRequestsReservation.php:57
[2025-01-05 11:45:05] Error: 2 - Undefined array key "idTrip" en C:\xampp\htdocs\bitacora_oriental\view\reservation\listRequestsReservation.php:57
[2025-01-05 11:45:05] Error: 2 - Undefined array key "idTrip" en C:\xampp\htdocs\bitacora_oriental\view\reservation\listRequestsReservation.php:57
[2025-01-05 11:45:05] Error: 2 - Undefined array key "idTrip" en C:\xampp\htdocs\bitacora_oriental\view\reservation\listRequestsReservation.php:57
[2025-01-05 11:45:05] Error: 2 - Undefined array key "idTrip" en C:\xampp\htdocs\bitacora_oriental\view\reservation\listRequestsReservation.php:57
[2025-01-05 11:45:05] Error: 2 - Undefined array key "idTrip" en C:\xampp\htdocs\bitacora_oriental\view\reservation\listRequestsReservation.php:57
[2025-01-05 11:45:05] Error: 2 - Undefined array key "idTrip" en C:\xampp\htdocs\bitacora_oriental\view\reservation\listRequestsReservation.php:57
[2025-01-05 11:45:05] Error: 2 - Undefined array key "idTrip" en C:\xampp\htdocs\bitacora_oriental\view\reservation\listRequestsReservation.php:57
[2025-01-05 11:45:05] Error: 2 - Undefined array key "idTrip" en C:\xampp\htdocs\bitacora_oriental\view\reservation\listRequestsReservation.php:57
[2025-01-05 11:45:05] Error: 2 - Undefined array key "idTrip" en C:\xampp\htdocs\bitacora_oriental\view\reservation\listRequestsReservation.php:57
[2025-01-05 11:45:05] Error: 2 - Undefined array key "idTrip" en C:\xampp\htdocs\bitacora_oriental\view\reservation\listRequestsReservation.php:57
[2025-01-05 11:45:05] Error: 2 - Undefined array key "idTrip" en C:\xampp\htdocs\bitacora_oriental\view\reservation\listRequestsReservation.php:57
[2025-01-05 11:45:05] Error: 2 - Undefined array key "idTrip" en C:\xampp\htdocs\bitacora_oriental\view\reservation\listRequestsReservation.php:57
[2025-01-05 11:45:05] Error: 2 - Undefined array key "idTrip" en C:\xampp\htdocs\bitacora_oriental\view\reservation\listRequestsReservation.php:57
[2025-01-05 11:45:05] Error: 2 - Undefined array key "idTrip" en C:\xampp\htdocs\bitacora_oriental\view\reservation\listRequestsReservation.php:57
[2025-01-05 11:45:05] Error: 2 - Undefined array key "idTrip" en C:\xampp\htdocs\bitacora_oriental\view\reservation\listRequestsReservation.php:57
[2025-01-05 11:45:05] Error: 2 - Undefined array key "idTrip" en C:\xampp\htdocs\bitacora_oriental\view\reservation\listRequestsReservation.php:57
[2025-01-05 11:45:05] Error: 2 - Undefined array key "idTrip" en C:\xampp\htdocs\bitacora_oriental\view\reservation\listRequestsReservation.php:57
[2025-01-05 11:45:05] Error: 2 - Undefined array key "idTrip" en C:\xampp\htdocs\bitacora_oriental\view\reservation\listRequestsReservation.php:57
[2025-01-05 11:45:39] Error: 2 - Undefined array key "idTrip" en C:\xampp\htdocs\bitacora_oriental\view\reservation\listRequestsReservation.php:57
[2025-01-05 11:45:39] Error: 2 - Undefined array key "idTrip" en C:\xampp\htdocs\bitacora_oriental\view\reservation\listRequestsReservation.php:57
[2025-01-05 11:45:39] Error: 2 - Undefined array key "idTrip" en C:\xampp\htdocs\bitacora_oriental\view\reservation\listRequestsReservation.php:57
[2025-01-05 11:45:39] Error: 2 - Undefined array key "idTrip" en C:\xampp\htdocs\bitacora_oriental\view\reservation\listRequestsReservation.php:57
[2025-01-05 11:45:39] Error: 2 - Undefined array key "idTrip" en C:\xampp\htdocs\bitacora_oriental\view\reservation\listRequestsReservation.php:57
[2025-01-05 11:45:39] Error: 2 - Undefined array key "idTrip" en C:\xampp\htdocs\bitacora_oriental\view\reservation\listRequestsReservation.php:57
[2025-01-05 11:45:39] Error: 2 - Undefined array key "idTrip" en C:\xampp\htdocs\bitacora_oriental\view\reservation\listRequestsReservation.php:57
[2025-01-05 11:45:39] Error: 2 - Undefined array key "idTrip" en C:\xampp\htdocs\bitacora_oriental\view\reservation\listRequestsReservation.php:57
[2025-01-05 11:45:39] Error: 2 - Undefined array key "idTrip" en C:\xampp\htdocs\bitacora_oriental\view\reservation\listRequestsReservation.php:57
[2025-01-05 11:45:39] Error: 2 - Undefined array key "idTrip" en C:\xampp\htdocs\bitacora_oriental\view\reservation\listRequestsReservation.php:57
[2025-01-05 11:45:39] Error: 2 - Undefined array key "idTrip" en C:\xampp\htdocs\bitacora_oriental\view\reservation\listRequestsReservation.php:57
[2025-01-05 11:45:39] Error: 2 - Undefined array key "idTrip" en C:\xampp\htdocs\bitacora_oriental\view\reservation\listRequestsReservation.php:57
[2025-01-05 11:45:39] Error: 2 - Undefined array key "idTrip" en C:\xampp\htdocs\bitacora_oriental\view\reservation\listRequestsReservation.php:57
[2025-01-05 11:45:39] Error: 2 - Undefined array key "idTrip" en C:\xampp\htdocs\bitacora_oriental\view\reservation\listRequestsReservation.php:57
[2025-01-05 11:45:39] Error: 2 - Undefined array key "idTrip" en C:\xampp\htdocs\bitacora_oriental\view\reservation\listRequestsReservation.php:57
[2025-01-05 11:45:39] Error: 2 - Undefined array key "idTrip" en C:\xampp\htdocs\bitacora_oriental\view\reservation\listRequestsReservation.php:57
[2025-01-05 11:45:39] Error: 2 - Undefined array key "idTrip" en C:\xampp\htdocs\bitacora_oriental\view\reservation\listRequestsReservation.php:57
[2025-01-05 11:45:39] Error: 2 - Undefined array key "idTrip" en C:\xampp\htdocs\bitacora_oriental\view\reservation\listRequestsReservation.php:57
[2025-01-05 11:45:39] Error: 2 - Undefined array key "idTrip" en C:\xampp\htdocs\bitacora_oriental\view\reservation\listRequestsReservation.php:57
[2025-01-05 11:45:39] Error: 2 - Undefined array key "idTrip" en C:\xampp\htdocs\bitacora_oriental\view\reservation\listRequestsReservation.php:57
[2025-01-05 11:45:39] Error: 2 - Undefined array key "idTrip" en C:\xampp\htdocs\bitacora_oriental\view\reservation\listRequestsReservation.php:57
[2025-01-05 11:45:39] Error: 2 - Undefined array key "idTrip" en C:\xampp\htdocs\bitacora_oriental\view\reservation\listRequestsReservation.php:57
[2025-01-05 11:45:39] Error: 2 - Undefined array key "idTrip" en C:\xampp\htdocs\bitacora_oriental\view\reservation\listRequestsReservation.php:57
[2025-01-05 11:45:39] Error: 2 - Undefined array key "idTrip" en C:\xampp\htdocs\bitacora_oriental\view\reservation\listRequestsReservation.php:57
[2025-01-05 11:45:39] Error: 2 - Undefined array key "idTrip" en C:\xampp\htdocs\bitacora_oriental\view\reservation\listRequestsReservation.php:57
[2025-01-05 11:45:39] Error: 2 - Undefined array key "idTrip" en C:\xampp\htdocs\bitacora_oriental\view\reservation\listRequestsReservation.php:57
[2025-01-05 11:45:39] Error: 2 - Undefined array key "idTrip" en C:\xampp\htdocs\bitacora_oriental\view\reservation\listRequestsReservation.php:57
[2025-01-05 11:45:39] Error: 2 - Undefined array key "idTrip" en C:\xampp\htdocs\bitacora_oriental\view\reservation\listRequestsReservation.php:57
[2025-01-05 11:45:39] Error: 2 - Undefined array key "idTrip" en C:\xampp\htdocs\bitacora_oriental\view\reservation\listRequestsReservation.php:57
[2025-01-05 11:45:39] Error: 2 - Undefined array key "idTrip" en C:\xampp\htdocs\bitacora_oriental\view\reservation\listRequestsReservation.php:57
[2025-01-05 11:45:39] Error: 2 - Undefined array key "idTrip" en C:\xampp\htdocs\bitacora_oriental\view\reservation\listRequestsReservation.php:57
[2025-01-05 11:45:39] Error: 2 - Undefined array key "idTrip" en C:\xampp\htdocs\bitacora_oriental\view\reservation\listRequestsReservation.php:57
[2025-01-05 11:45:39] Error: 2 - Undefined array key "idTrip" en C:\xampp\htdocs\bitacora_oriental\view\reservation\listRequestsReservation.php:57
[2025-01-05 11:45:39] Error: 2 - Undefined array key "idTrip" en C:\xampp\htdocs\bitacora_oriental\view\reservation\listRequestsReservation.php:57
[2025-01-05 11:45:39] Error: 2 - Undefined array key "idTrip" en C:\xampp\htdocs\bitacora_oriental\view\reservation\listRequestsReservation.php:57
[2025-01-05 11:45:39] Error: 2 - Undefined array key "idTrip" en C:\xampp\htdocs\bitacora_oriental\view\reservation\listRequestsReservation.php:57
[2025-01-05 11:45:39] Error: 2 - Undefined array key "idTrip" en C:\xampp\htdocs\bitacora_oriental\view\reservation\listRequestsReservation.php:57
[2025-01-05 11:45:39] Error: 2 - Undefined array key "idTrip" en C:\xampp\htdocs\bitacora_oriental\view\reservation\listRequestsReservation.php:57
[2025-01-05 11:45:39] Error: 2 - Undefined array key "idTrip" en C:\xampp\htdocs\bitacora_oriental\view\reservation\listRequestsReservation.php:57
[2025-01-05 11:45:39] Error: 2 - Undefined array key "idTrip" en C:\xampp\htdocs\bitacora_oriental\view\reservation\listRequestsReservation.php:57
[2025-01-05 11:45:39] Error: 2 - Undefined array key "idTrip" en C:\xampp\htdocs\bitacora_oriental\view\reservation\listRequestsReservation.php:57
[2025-01-05 11:45:39] Error: 2 - Undefined array key "idTrip" en C:\xampp\htdocs\bitacora_oriental\view\reservation\listRequestsReservation.php:57
[2025-01-05 11:45:39] Error: 2 - Undefined array key "idTrip" en C:\xampp\htdocs\bitacora_oriental\view\reservation\listRequestsReservation.php:57
[2025-01-05 11:45:39] Error: 2 - Undefined array key "idTrip" en C:\xampp\htdocs\bitacora_oriental\view\reservation\listRequestsReservation.php:57
[2025-01-05 11:45:39] Error: 2 - Undefined array key "idTrip" en C:\xampp\htdocs\bitacora_oriental\view\reservation\listRequestsReservation.php:57
[2025-01-05 11:45:39] Error: 2 - Undefined array key "idTrip" en C:\xampp\htdocs\bitacora_oriental\view\reservation\listRequestsReservation.php:57
[2025-01-05 11:55:09] Error: 2 - Undefined array key "idTrip" en C:\xampp\htdocs\bitacora_oriental\view\reservation\listRequestsReservation.php:57
[2025-01-05 11:56:00] Error: 2 - Undefined array key "idTrip" en C:\xampp\htdocs\bitacora_oriental\view\reservation\listRequestsReservation.php:57
[2025-01-05 11:56:27] Error: 2 - Undefined array key "idTrip" en C:\xampp\htdocs\bitacora_oriental\view\reservation\listRequestsReservation.php:57
[2025-01-05 11:57:09] Error: 2 - Undefined array key "idTrip" en C:\xampp\htdocs\bitacora_oriental\view\reservation\listRequestsReservation.php:57
[2025-01-05 11:57:10] Error: 2 - Undefined array key "idTrip" en C:\xampp\htdocs\bitacora_oriental\view\reservation\listRequestsReservation.php:57
[2025-01-05 11:57:11] Error: 2 - Undefined array key "idTrip" en C:\xampp\htdocs\bitacora_oriental\view\reservation\listRequestsReservation.php:57
[2025-01-05 11:58:08] Error: 2 - Undefined array key "idTrip" en C:\xampp\htdocs\bitacora_oriental\view\reservation\listRequestsReservation.php:57
[2025-01-05 11:58:08] Error: 2 - Undefined array key "idTrip" en C:\xampp\htdocs\bitacora_oriental\view\reservation\listRequestsReservation.php:57
[2025-01-05 11:58:08] Error: 2 - Undefined array key "idTrip" en C:\xampp\htdocs\bitacora_oriental\view\reservation\listRequestsReservation.php:57
[2025-01-05 11:58:08] Error: 2 - Undefined array key "idTrip" en C:\xampp\htdocs\bitacora_oriental\view\reservation\listRequestsReservation.php:57
[2025-01-05 11:58:08] Error: 2 - Undefined array key "idTrip" en C:\xampp\htdocs\bitacora_oriental\view\reservation\listRequestsReservation.php:57
[2025-01-05 11:58:08] Error: 2 - Undefined array key "idTrip" en C:\xampp\htdocs\bitacora_oriental\view\reservation\listRequestsReservation.php:57
[2025-01-05 11:58:08] Error: 2 - Undefined array key "idTrip" en C:\xampp\htdocs\bitacora_oriental\view\reservation\listRequestsReservation.php:57
[2025-01-05 11:58:08] Error: 2 - Undefined array key "idTrip" en C:\xampp\htdocs\bitacora_oriental\view\reservation\listRequestsReservation.php:57
[2025-01-05 11:58:08] Error: 2 - Undefined array key "idTrip" en C:\xampp\htdocs\bitacora_oriental\view\reservation\listRequestsReservation.php:57
[2025-01-05 11:58:08] Error: 2 - Undefined array key "idTrip" en C:\xampp\htdocs\bitacora_oriental\view\reservation\listRequestsReservation.php:57
[2025-01-05 11:58:08] Error: 2 - Undefined array key "idTrip" en C:\xampp\htdocs\bitacora_oriental\view\reservation\listRequestsReservation.php:57
[2025-01-05 11:58:08] Error: 2 - Undefined array key "idTrip" en C:\xampp\htdocs\bitacora_oriental\view\reservation\listRequestsReservation.php:57
[2025-01-05 11:58:08] Error: 2 - Undefined array key "idTrip" en C:\xampp\htdocs\bitacora_oriental\view\reservation\listRequestsReservation.php:57
[2025-01-05 11:58:08] Error: 2 - Undefined array key "idTrip" en C:\xampp\htdocs\bitacora_oriental\view\reservation\listRequestsReservation.php:57
[2025-01-05 11:58:08] Error: 2 - Undefined array key "idTrip" en C:\xampp\htdocs\bitacora_oriental\view\reservation\listRequestsReservation.php:57
[2025-01-05 11:58:08] Error: 2 - Undefined array key "idTrip" en C:\xampp\htdocs\bitacora_oriental\view\reservation\listRequestsReservation.php:57
[2025-01-05 11:58:08] Error: 2 - Undefined array key "idTrip" en C:\xampp\htdocs\bitacora_oriental\view\reservation\listRequestsReservation.php:57
[2025-01-05 11:58:08] Error: 2 - Undefined array key "idTrip" en C:\xampp\htdocs\bitacora_oriental\view\reservation\listRequestsReservation.php:57
[2025-01-05 11:58:08] Error: 2 - Undefined array key "idTrip" en C:\xampp\htdocs\bitacora_oriental\view\reservation\listRequestsReservation.php:57
[2025-01-05 11:58:08] Error: 2 - Undefined array key "idTrip" en C:\xampp\htdocs\bitacora_oriental\view\reservation\listRequestsReservation.php:57
[2025-01-05 11:58:08] Error: 2 - Undefined array key "idTrip" en C:\xampp\htdocs\bitacora_oriental\view\reservation\listRequestsReservation.php:57
[2025-01-05 11:58:08] Error: 2 - Undefined array key "idTrip" en C:\xampp\htdocs\bitacora_oriental\view\reservation\listRequestsReservation.php:57
[2025-01-05 11:58:08] Error: 2 - Undefined array key "idTrip" en C:\xampp\htdocs\bitacora_oriental\view\reservation\listRequestsReservation.php:57
[2025-01-05 11:58:08] Error: 2 - Undefined array key "idTrip" en C:\xampp\htdocs\bitacora_oriental\view\reservation\listRequestsReservation.php:57
[2025-01-05 11:58:08] Error: 2 - Undefined array key "idTrip" en C:\xampp\htdocs\bitacora_oriental\view\reservation\listRequestsReservation.php:57
[2025-01-05 11:58:08] Error: 2 - Undefined array key "idTrip" en C:\xampp\htdocs\bitacora_oriental\view\reservation\listRequestsReservation.php:57
[2025-01-05 11:58:08] Error: 2 - Undefined array key "idTrip" en C:\xampp\htdocs\bitacora_oriental\view\reservation\listRequestsReservation.php:57
[2025-01-05 11:58:08] Error: 2 - Undefined array key "idTrip" en C:\xampp\htdocs\bitacora_oriental\view\reservation\listRequestsReservation.php:57
[2025-01-05 11:58:08] Error: 2 - Undefined array key "idTrip" en C:\xampp\htdocs\bitacora_oriental\view\reservation\listRequestsReservation.php:57
[2025-01-05 11:58:08] Error: 2 - Undefined array key "idTrip" en C:\xampp\htdocs\bitacora_oriental\view\reservation\listRequestsReservation.php:57
[2025-01-05 11:58:08] Error: 2 - Undefined array key "idTrip" en C:\xampp\htdocs\bitacora_oriental\view\reservation\listRequestsReservation.php:57
[2025-01-05 11:58:08] Error: 2 - Undefined array key "idTrip" en C:\xampp\htdocs\bitacora_oriental\view\reservation\listRequestsReservation.php:57
[2025-01-05 11:58:08] Error: 2 - Undefined array key "idTrip" en C:\xampp\htdocs\bitacora_oriental\view\reservation\listRequestsReservation.php:57
[2025-01-05 11:58:08] Error: 2 - Undefined array key "idTrip" en C:\xampp\htdocs\bitacora_oriental\view\reservation\listRequestsReservation.php:57
[2025-01-05 11:58:08] Error: 2 - Undefined array key "idTrip" en C:\xampp\htdocs\bitacora_oriental\view\reservation\listRequestsReservation.php:57
[2025-01-05 11:58:08] Error: 2 - Undefined array key "idTrip" en C:\xampp\htdocs\bitacora_oriental\view\reservation\listRequestsReservation.php:57
[2025-01-05 11:58:08] Error: 2 - Undefined array key "idTrip" en C:\xampp\htdocs\bitacora_oriental\view\reservation\listRequestsReservation.php:57
[2025-01-05 11:58:08] Error: 2 - Undefined array key "idTrip" en C:\xampp\htdocs\bitacora_oriental\view\reservation\listRequestsReservation.php:57
[2025-01-05 11:58:08] Error: 2 - Undefined array key "idTrip" en C:\xampp\htdocs\bitacora_oriental\view\reservation\listRequestsReservation.php:57
[2025-01-05 11:58:08] Error: 2 - Undefined array key "idTrip" en C:\xampp\htdocs\bitacora_oriental\view\reservation\listRequestsReservation.php:57
[2025-01-05 11:58:08] Error: 2 - Undefined array key "idTrip" en C:\xampp\htdocs\bitacora_oriental\view\reservation\listRequestsReservation.php:57
[2025-01-05 11:58:08] Error: 2 - Undefined array key "idTrip" en C:\xampp\htdocs\bitacora_oriental\view\reservation\listRequestsReservation.php:57
[2025-01-05 11:58:08] Error: 2 - Undefined array key "idTrip" en C:\xampp\htdocs\bitacora_oriental\view\reservation\listRequestsReservation.php:57
[2025-01-05 11:58:08] Error: 2 - Undefined array key "idTrip" en C:\xampp\htdocs\bitacora_oriental\view\reservation\listRequestsReservation.php:57
[2025-01-05 11:58:08] Error: 2 - Undefined array key "idTrip" en C:\xampp\htdocs\bitacora_oriental\view\reservation\listRequestsReservation.php:57
[2025-01-05 11:58:08] Error: 2 - Undefined array key "idTrip" en C:\xampp\htdocs\bitacora_oriental\view\reservation\listRequestsReservation.php:57
[2025-01-05 11:58:08] Error: 2 - Undefined array key "idTrip" en C:\xampp\htdocs\bitacora_oriental\view\reservation\listRequestsReservation.php:57
[2025-01-05 12:02:12] Error: 1024 - 2 - La dirección (URL) del controlador no existe. en C:\xampp\htdocs\bitacora_oriental\index.php:91
[2025-01-05 12:02:15] Error: 2 - Undefined array key "idTrip" en C:\xampp\htdocs\bitacora_oriental\view\reservation\listRequestsReservation.php:57
[2025-01-05 12:02:15] Error: 2 - Undefined array key "idTrip" en C:\xampp\htdocs\bitacora_oriental\view\reservation\listRequestsReservation.php:57
[2025-01-05 12:02:15] Error: 2 - Undefined array key "idTrip" en C:\xampp\htdocs\bitacora_oriental\view\reservation\listRequestsReservation.php:57
[2025-01-05 12:02:15] Error: 2 - Undefined array key "idTrip" en C:\xampp\htdocs\bitacora_oriental\view\reservation\listRequestsReservation.php:57
[2025-01-05 12:02:15] Error: 2 - Undefined array key "idTrip" en C:\xampp\htdocs\bitacora_oriental\view\reservation\listRequestsReservation.php:57
[2025-01-05 12:02:15] Error: 2 - Undefined array key "idTrip" en C:\xampp\htdocs\bitacora_oriental\view\reservation\listRequestsReservation.php:57
[2025-01-05 12:02:15] Error: 2 - Undefined array key "idTrip" en C:\xampp\htdocs\bitacora_oriental\view\reservation\listRequestsReservation.php:57
[2025-01-05 12:02:15] Error: 2 - Undefined array key "idTrip" en C:\xampp\htdocs\bitacora_oriental\view\reservation\listRequestsReservation.php:57
[2025-01-05 12:02:15] Error: 2 - Undefined array key "idTrip" en C:\xampp\htdocs\bitacora_oriental\view\reservation\listRequestsReservation.php:57
[2025-01-05 12:02:15] Error: 2 - Undefined array key "idTrip" en C:\xampp\htdocs\bitacora_oriental\view\reservation\listRequestsReservation.php:57
[2025-01-05 12:02:15] Error: 2 - Undefined array key "idTrip" en C:\xampp\htdocs\bitacora_oriental\view\reservation\listRequestsReservation.php:57
[2025-01-05 12:02:15] Error: 2 - Undefined array key "idTrip" en C:\xampp\htdocs\bitacora_oriental\view\reservation\listRequestsReservation.php:57
[2025-01-05 12:02:15] Error: 2 - Undefined array key "idTrip" en C:\xampp\htdocs\bitacora_oriental\view\reservation\listRequestsReservation.php:57
[2025-01-05 12:02:15] Error: 2 - Undefined array key "idTrip" en C:\xampp\htdocs\bitacora_oriental\view\reservation\listRequestsReservation.php:57
[2025-01-05 12:02:15] Error: 2 - Undefined array key "idTrip" en C:\xampp\htdocs\bitacora_oriental\view\reservation\listRequestsReservation.php:57
[2025-01-05 12:02:15] Error: 2 - Undefined array key "idTrip" en C:\xampp\htdocs\bitacora_oriental\view\reservation\listRequestsReservation.php:57
[2025-01-05 12:02:15] Error: 2 - Undefined array key "idTrip" en C:\xampp\htdocs\bitacora_oriental\view\reservation\listRequestsReservation.php:57
[2025-01-05 12:02:15] Error: 2 - Undefined array key "idTrip" en C:\xampp\htdocs\bitacora_oriental\view\reservation\listRequestsReservation.php:57
[2025-01-05 12:02:15] Error: 2 - Undefined array key "idTrip" en C:\xampp\htdocs\bitacora_oriental\view\reservation\listRequestsReservation.php:57
[2025-01-05 12:02:15] Error: 2 - Undefined array key "idTrip" en C:\xampp\htdocs\bitacora_oriental\view\reservation\listRequestsReservation.php:57
[2025-01-05 12:02:15] Error: 2 - Undefined array key "idTrip" en C:\xampp\htdocs\bitacora_oriental\view\reservation\listRequestsReservation.php:57
[2025-01-05 12:02:15] Error: 2 - Undefined array key "idTrip" en C:\xampp\htdocs\bitacora_oriental\view\reservation\listRequestsReservation.php:57
[2025-01-05 12:02:15] Error: 2 - Undefined array key "idTrip" en C:\xampp\htdocs\bitacora_oriental\view\reservation\listRequestsReservation.php:57
[2025-01-05 12:02:15] Error: 2 - Undefined array key "idTrip" en C:\xampp\htdocs\bitacora_oriental\view\reservation\listRequestsReservation.php:57
[2025-01-05 12:02:15] Error: 2 - Undefined array key "idTrip" en C:\xampp\htdocs\bitacora_oriental\view\reservation\listRequestsReservation.php:57
[2025-01-05 12:02:15] Error: 2 - Undefined array key "idTrip" en C:\xampp\htdocs\bitacora_oriental\view\reservation\listRequestsReservation.php:57
[2025-01-05 12:02:15] Error: 2 - Undefined array key "idTrip" en C:\xampp\htdocs\bitacora_oriental\view\reservation\listRequestsReservation.php:57
[2025-01-05 12:02:15] Error: 2 - Undefined array key "idTrip" en C:\xampp\htdocs\bitacora_oriental\view\reservation\listRequestsReservation.php:57
[2025-01-05 12:02:15] Error: 2 - Undefined array key "idTrip" en C:\xampp\htdocs\bitacora_oriental\view\reservation\listRequestsReservation.php:57
[2025-01-05 12:02:15] Error: 2 - Undefined array key "idTrip" en C:\xampp\htdocs\bitacora_oriental\view\reservation\listRequestsReservation.php:57
[2025-01-05 12:02:15] Error: 2 - Undefined array key "idTrip" en C:\xampp\htdocs\bitacora_oriental\view\reservation\listRequestsReservation.php:57
[2025-01-05 12:02:15] Error: 2 - Undefined array key "idTrip" en C:\xampp\htdocs\bitacora_oriental\view\reservation\listRequestsReservation.php:57
[2025-01-05 12:02:15] Error: 2 - Undefined array key "idTrip" en C:\xampp\htdocs\bitacora_oriental\view\reservation\listRequestsReservation.php:57
[2025-01-05 12:02:15] Error: 2 - Undefined array key "idTrip" en C:\xampp\htdocs\bitacora_oriental\view\reservation\listRequestsReservation.php:57
[2025-01-05 12:02:15] Error: 2 - Undefined array key "idTrip" en C:\xampp\htdocs\bitacora_oriental\view\reservation\listRequestsReservation.php:57
[2025-01-05 12:02:15] Error: 2 - Undefined array key "idTrip" en C:\xampp\htdocs\bitacora_oriental\view\reservation\listRequestsReservation.php:57
[2025-01-05 12:02:15] Error: 2 - Undefined array key "idTrip" en C:\xampp\htdocs\bitacora_oriental\view\reservation\listRequestsReservation.php:57
[2025-01-05 12:02:15] Error: 2 - Undefined array key "idTrip" en C:\xampp\htdocs\bitacora_oriental\view\reservation\listRequestsReservation.php:57
[2025-01-05 12:02:15] Error: 2 - Undefined array key "idTrip" en C:\xampp\htdocs\bitacora_oriental\view\reservation\listRequestsReservation.php:57
[2025-01-05 12:02:15] Error: 2 - Undefined array key "idTrip" en C:\xampp\htdocs\bitacora_oriental\view\reservation\listRequestsReservation.php:57
[2025-01-05 12:02:15] Error: 2 - Undefined array key "idTrip" en C:\xampp\htdocs\bitacora_oriental\view\reservation\listRequestsReservation.php:57
[2025-01-05 12:02:15] Error: 2 - Undefined array key "idTrip" en C:\xampp\htdocs\bitacora_oriental\view\reservation\listRequestsReservation.php:57
[2025-01-05 12:02:15] Error: 2 - Undefined array key "idTrip" en C:\xampp\htdocs\bitacora_oriental\view\reservation\listRequestsReservation.php:57
[2025-01-05 12:02:15] Error: 2 - Undefined array key "idTrip" en C:\xampp\htdocs\bitacora_oriental\view\reservation\listRequestsReservation.php:57
[2025-01-05 12:02:15] Error: 2 - Undefined array key "idTrip" en C:\xampp\htdocs\bitacora_oriental\view\reservation\listRequestsReservation.php:57
[2025-01-05 12:02:15] Error: 2 - Undefined array key "idTrip" en C:\xampp\htdocs\bitacora_oriental\view\reservation\listRequestsReservation.php:57
[2025-01-05 12:02:15] Error: 2 - Undefined array key "idTrip" en C:\xampp\htdocs\bitacora_oriental\view\reservation\listRequestsReservation.php:57
[2025-01-05 12:02:22] Error: 2 - Undefined array key "idTrip" en C:\xampp\htdocs\bitacora_oriental\view\reservation\listRequestsReservation.php:57
[2025-01-05 12:02:22] Error: 2 - Undefined array key "idTrip" en C:\xampp\htdocs\bitacora_oriental\view\reservation\listRequestsReservation.php:57
[2025-01-05 12:02:22] Error: 2 - Undefined array key "idTrip" en C:\xampp\htdocs\bitacora_oriental\view\reservation\listRequestsReservation.php:57
[2025-01-05 12:02:22] Error: 2 - Undefined array key "idTrip" en C:\xampp\htdocs\bitacora_oriental\view\reservation\listRequestsReservation.php:57
[2025-01-05 12:02:22] Error: 2 - Undefined array key "idTrip" en C:\xampp\htdocs\bitacora_oriental\view\reservation\listRequestsReservation.php:57
[2025-01-05 12:02:22] Error: 2 - Undefined array key "idTrip" en C:\xampp\htdocs\bitacora_oriental\view\reservation\listRequestsReservation.php:57
[2025-01-05 12:02:22] Error: 2 - Undefined array key "idTrip" en C:\xampp\htdocs\bitacora_oriental\view\reservation\listRequestsReservation.php:57
[2025-01-05 12:02:22] Error: 2 - Undefined array key "idTrip" en C:\xampp\htdocs\bitacora_oriental\view\reservation\listRequestsReservation.php:57
[2025-01-05 12:02:22] Error: 2 - Undefined array key "idTrip" en C:\xampp\htdocs\bitacora_oriental\view\reservation\listRequestsReservation.php:57
[2025-01-05 12:02:22] Error: 2 - Undefined array key "idTrip" en C:\xampp\htdocs\bitacora_oriental\view\reservation\listRequestsReservation.php:57
[2025-01-05 12:02:22] Error: 2 - Undefined array key "idTrip" en C:\xampp\htdocs\bitacora_oriental\view\reservation\listRequestsReservation.php:57
[2025-01-05 12:02:22] Error: 2 - Undefined array key "idTrip" en C:\xampp\htdocs\bitacora_oriental\view\reservation\listRequestsReservation.php:57
[2025-01-05 12:02:22] Error: 2 - Undefined array key "idTrip" en C:\xampp\htdocs\bitacora_oriental\view\reservation\listRequestsReservation.php:57
[2025-01-05 12:02:22] Error: 2 - Undefined array key "idTrip" en C:\xampp\htdocs\bitacora_oriental\view\reservation\listRequestsReservation.php:57
[2025-01-05 12:02:22] Error: 2 - Undefined array key "idTrip" en C:\xampp\htdocs\bitacora_oriental\view\reservation\listRequestsReservation.php:57
[2025-01-05 12:02:22] Error: 2 - Undefined array key "idTrip" en C:\xampp\htdocs\bitacora_oriental\view\reservation\listRequestsReservation.php:57
[2025-01-05 12:02:22] Error: 2 - Undefined array key "idTrip" en C:\xampp\htdocs\bitacora_oriental\view\reservation\listRequestsReservation.php:57
[2025-01-05 12:02:22] Error: 2 - Undefined array key "idTrip" en C:\xampp\htdocs\bitacora_oriental\view\reservation\listRequestsReservation.php:57
[2025-01-05 12:02:22] Error: 2 - Undefined array key "idTrip" en C:\xampp\htdocs\bitacora_oriental\view\reservation\listRequestsReservation.php:57
[2025-01-05 12:02:22] Error: 2 - Undefined array key "idTrip" en C:\xampp\htdocs\bitacora_oriental\view\reservation\listRequestsReservation.php:57
[2025-01-05 12:02:22] Error: 2 - Undefined array key "idTrip" en C:\xampp\htdocs\bitacora_oriental\view\reservation\listRequestsReservation.php:57
[2025-01-05 12:02:22] Error: 2 - Undefined array key "idTrip" en C:\xampp\htdocs\bitacora_oriental\view\reservation\listRequestsReservation.php:57
[2025-01-05 12:02:22] Error: 2 - Undefined array key "idTrip" en C:\xampp\htdocs\bitacora_oriental\view\reservation\listRequestsReservation.php:57
[2025-01-05 12:02:22] Error: 2 - Undefined array key "idTrip" en C:\xampp\htdocs\bitacora_oriental\view\reservation\listRequestsReservation.php:57
[2025-01-05 12:02:22] Error: 2 - Undefined array key "idTrip" en C:\xampp\htdocs\bitacora_oriental\view\reservation\listRequestsReservation.php:57
[2025-01-05 12:02:22] Error: 2 - Undefined array key "idTrip" en C:\xampp\htdocs\bitacora_oriental\view\reservation\listRequestsReservation.php:57
[2025-01-05 12:02:22] Error: 2 - Undefined array key "idTrip" en C:\xampp\htdocs\bitacora_oriental\view\reservation\listRequestsReservation.php:57
[2025-01-05 12:02:22] Error: 2 - Undefined array key "idTrip" en C:\xampp\htdocs\bitacora_oriental\view\reservation\listRequestsReservation.php:57
[2025-01-05 12:02:22] Error: 2 - Undefined array key "idTrip" en C:\xampp\htdocs\bitacora_oriental\view\reservation\listRequestsReservation.php:57
[2025-01-05 12:02:22] Error: 2 - Undefined array key "idTrip" en C:\xampp\htdocs\bitacora_oriental\view\reservation\listRequestsReservation.php:57
[2025-01-05 12:02:22] Error: 2 - Undefined array key "idTrip" en C:\xampp\htdocs\bitacora_oriental\view\reservation\listRequestsReservation.php:57
[2025-01-05 12:02:22] Error: 2 - Undefined array key "idTrip" en C:\xampp\htdocs\bitacora_oriental\view\reservation\listRequestsReservation.php:57
[2025-01-05 12:02:22] Error: 2 - Undefined array key "idTrip" en C:\xampp\htdocs\bitacora_oriental\view\reservation\listRequestsReservation.php:57
[2025-01-05 12:02:22] Error: 2 - Undefined array key "idTrip" en C:\xampp\htdocs\bitacora_oriental\view\reservation\listRequestsReservation.php:57
[2025-01-05 12:02:22] Error: 2 - Undefined array key "idTrip" en C:\xampp\htdocs\bitacora_oriental\view\reservation\listRequestsReservation.php:57
[2025-01-05 12:02:22] Error: 2 - Undefined array key "idTrip" en C:\xampp\htdocs\bitacora_oriental\view\reservation\listRequestsReservation.php:57
[2025-01-05 12:02:22] Error: 2 - Undefined array key "idTrip" en C:\xampp\htdocs\bitacora_oriental\view\reservation\listRequestsReservation.php:57
[2025-01-05 12:02:22] Error: 2 - Undefined array key "idTrip" en C:\xampp\htdocs\bitacora_oriental\view\reservation\listRequestsReservation.php:57
[2025-01-05 12:02:22] Error: 2 - Undefined array key "idTrip" en C:\xampp\htdocs\bitacora_oriental\view\reservation\listRequestsReservation.php:57
[2025-01-05 12:02:22] Error: 2 - Undefined array key "idTrip" en C:\xampp\htdocs\bitacora_oriental\view\reservation\listRequestsReservation.php:57
[2025-01-05 12:02:22] Error: 2 - Undefined array key "idTrip" en C:\xampp\htdocs\bitacora_oriental\view\reservation\listRequestsReservation.php:57
[2025-01-05 12:02:22] Error: 2 - Undefined array key "idTrip" en C:\xampp\htdocs\bitacora_oriental\view\reservation\listRequestsReservation.php:57
[2025-01-05 12:02:22] Error: 2 - Undefined array key "idTrip" en C:\xampp\htdocs\bitacora_oriental\view\reservation\listRequestsReservation.php:57
[2025-01-05 12:02:22] Error: 2 - Undefined array key "idTrip" en C:\xampp\htdocs\bitacora_oriental\view\reservation\listRequestsReservation.php:57
[2025-01-05 12:02:22] Error: 2 - Undefined array key "idTrip" en C:\xampp\htdocs\bitacora_oriental\view\reservation\listRequestsReservation.php:57
[2025-01-05 12:02:22] Error: 2 - Undefined array key "idTrip" en C:\xampp\htdocs\bitacora_oriental\view\reservation\listRequestsReservation.php:57
[2025-01-05 12:03:14] Error: 2 - Undefined array key "idTrip" en C:\xampp\htdocs\bitacora_oriental\view\reservation\listRequestsReservation.php:57
[2025-01-05 12:03:14] Error: 2 - Undefined array key "idTrip" en C:\xampp\htdocs\bitacora_oriental\view\reservation\listRequestsReservation.php:57
[2025-01-05 12:03:14] Error: 2 - Undefined array key "idTrip" en C:\xampp\htdocs\bitacora_oriental\view\reservation\listRequestsReservation.php:57
[2025-01-05 12:03:14] Error: 2 - Undefined array key "idTrip" en C:\xampp\htdocs\bitacora_oriental\view\reservation\listRequestsReservation.php:57
[2025-01-05 12:03:14] Error: 2 - Undefined array key "idTrip" en C:\xampp\htdocs\bitacora_oriental\view\reservation\listRequestsReservation.php:57
[2025-01-05 12:03:14] Error: 2 - Undefined array key "idTrip" en C:\xampp\htdocs\bitacora_oriental\view\reservation\listRequestsReservation.php:57
[2025-01-05 12:03:14] Error: 2 - Undefined array key "idTrip" en C:\xampp\htdocs\bitacora_oriental\view\reservation\listRequestsReservation.php:57
[2025-01-05 12:03:14] Error: 2 - Undefined array key "idTrip" en C:\xampp\htdocs\bitacora_oriental\view\reservation\listRequestsReservation.php:57
[2025-01-05 12:03:14] Error: 2 - Undefined array key "idTrip" en C:\xampp\htdocs\bitacora_oriental\view\reservation\listRequestsReservation.php:57
[2025-01-05 12:03:14] Error: 2 - Undefined array key "idTrip" en C:\xampp\htdocs\bitacora_oriental\view\reservation\listRequestsReservation.php:57
[2025-01-05 12:03:14] Error: 2 - Undefined array key "idTrip" en C:\xampp\htdocs\bitacora_oriental\view\reservation\listRequestsReservation.php:57
[2025-01-05 12:03:14] Error: 2 - Undefined array key "idTrip" en C:\xampp\htdocs\bitacora_oriental\view\reservation\listRequestsReservation.php:57
[2025-01-05 12:03:14] Error: 2 - Undefined array key "idTrip" en C:\xampp\htdocs\bitacora_oriental\view\reservation\listRequestsReservation.php:57
[2025-01-05 12:03:14] Error: 2 - Undefined array key "idTrip" en C:\xampp\htdocs\bitacora_oriental\view\reservation\listRequestsReservation.php:57
[2025-01-05 12:03:14] Error: 2 - Undefined array key "idTrip" en C:\xampp\htdocs\bitacora_oriental\view\reservation\listRequestsReservation.php:57
[2025-01-05 12:03:14] Error: 2 - Undefined array key "idTrip" en C:\xampp\htdocs\bitacora_oriental\view\reservation\listRequestsReservation.php:57
[2025-01-05 12:03:14] Error: 2 - Undefined array key "idTrip" en C:\xampp\htdocs\bitacora_oriental\view\reservation\listRequestsReservation.php:57
[2025-01-05 12:03:14] Error: 2 - Undefined array key "idTrip" en C:\xampp\htdocs\bitacora_oriental\view\reservation\listRequestsReservation.php:57
[2025-01-05 12:03:14] Error: 2 - Undefined array key "idTrip" en C:\xampp\htdocs\bitacora_oriental\view\reservation\listRequestsReservation.php:57
[2025-01-05 12:03:14] Error: 2 - Undefined array key "idTrip" en C:\xampp\htdocs\bitacora_oriental\view\reservation\listRequestsReservation.php:57
[2025-01-05 12:03:14] Error: 2 - Undefined array key "idTrip" en C:\xampp\htdocs\bitacora_oriental\view\reservation\listRequestsReservation.php:57
[2025-01-05 12:03:14] Error: 2 - Undefined array key "idTrip" en C:\xampp\htdocs\bitacora_oriental\view\reservation\listRequestsReservation.php:57
[2025-01-05 12:03:14] Error: 2 - Undefined array key "idTrip" en C:\xampp\htdocs\bitacora_oriental\view\reservation\listRequestsReservation.php:57
[2025-01-05 12:03:14] Error: 2 - Undefined array key "idTrip" en C:\xampp\htdocs\bitacora_oriental\view\reservation\listRequestsReservation.php:57
[2025-01-05 12:03:14] Error: 2 - Undefined array key "idTrip" en C:\xampp\htdocs\bitacora_oriental\view\reservation\listRequestsReservation.php:57
[2025-01-05 12:03:14] Error: 2 - Undefined array key "idTrip" en C:\xampp\htdocs\bitacora_oriental\view\reservation\listRequestsReservation.php:57
[2025-01-05 12:03:14] Error: 2 - Undefined array key "idTrip" en C:\xampp\htdocs\bitacora_oriental\view\reservation\listRequestsReservation.php:57
[2025-01-05 12:03:14] Error: 2 - Undefined array key "idTrip" en C:\xampp\htdocs\bitacora_oriental\view\reservation\listRequestsReservation.php:57
[2025-01-05 12:03:14] Error: 2 - Undefined array key "idTrip" en C:\xampp\htdocs\bitacora_oriental\view\reservation\listRequestsReservation.php:57
[2025-01-05 12:03:14] Error: 2 - Undefined array key "idTrip" en C:\xampp\htdocs\bitacora_oriental\view\reservation\listRequestsReservation.php:57
[2025-01-05 12:03:14] Error: 2 - Undefined array key "idTrip" en C:\xampp\htdocs\bitacora_oriental\view\reservation\listRequestsReservation.php:57
[2025-01-05 12:03:14] Error: 2 - Undefined array key "idTrip" en C:\xampp\htdocs\bitacora_oriental\view\reservation\listRequestsReservation.php:57
[2025-01-05 12:03:14] Error: 2 - Undefined array key "idTrip" en C:\xampp\htdocs\bitacora_oriental\view\reservation\listRequestsReservation.php:57
[2025-01-05 12:03:14] Error: 2 - Undefined array key "idTrip" en C:\xampp\htdocs\bitacora_oriental\view\reservation\listRequestsReservation.php:57
[2025-01-05 12:03:14] Error: 2 - Undefined array key "idTrip" en C:\xampp\htdocs\bitacora_oriental\view\reservation\listRequestsReservation.php:57
[2025-01-05 12:03:14] Error: 2 - Undefined array key "idTrip" en C:\xampp\htdocs\bitacora_oriental\view\reservation\listRequestsReservation.php:57
[2025-01-05 12:03:14] Error: 2 - Undefined array key "idTrip" en C:\xampp\htdocs\bitacora_oriental\view\reservation\listRequestsReservation.php:57
[2025-01-05 12:03:14] Error: 2 - Undefined array key "idTrip" en C:\xampp\htdocs\bitacora_oriental\view\reservation\listRequestsReservation.php:57
[2025-01-05 12:03:14] Error: 2 - Undefined array key "idTrip" en C:\xampp\htdocs\bitacora_oriental\view\reservation\listRequestsReservation.php:57
[2025-01-05 12:03:14] Error: 2 - Undefined array key "idTrip" en C:\xampp\htdocs\bitacora_oriental\view\reservation\listRequestsReservation.php:57
[2025-01-05 12:03:14] Error: 2 - Undefined array key "idTrip" en C:\xampp\htdocs\bitacora_oriental\view\reservation\listRequestsReservation.php:57
[2025-01-05 12:03:14] Error: 2 - Undefined array key "idTrip" en C:\xampp\htdocs\bitacora_oriental\view\reservation\listRequestsReservation.php:57
[2025-01-05 12:03:14] Error: 2 - Undefined array key "idTrip" en C:\xampp\htdocs\bitacora_oriental\view\reservation\listRequestsReservation.php:57
[2025-01-05 12:03:14] Error: 2 - Undefined array key "idTrip" en C:\xampp\htdocs\bitacora_oriental\view\reservation\listRequestsReservation.php:57
[2025-01-05 12:03:14] Error: 2 - Undefined array key "idTrip" en C:\xampp\htdocs\bitacora_oriental\view\reservation\listRequestsReservation.php:57
[2025-01-05 12:07:39] Error: 2 - Undefined array key "idTrip" en C:\xampp\htdocs\bitacora_oriental\view\reservation\listRequestsReservation.php:57
[2025-01-05 12:07:39] Error: 2 - Undefined array key "idTrip" en C:\xampp\htdocs\bitacora_oriental\view\reservation\listRequestsReservation.php:57
[2025-01-05 12:07:39] Error: 2 - Undefined array key "idTrip" en C:\xampp\htdocs\bitacora_oriental\view\reservation\listRequestsReservation.php:57
[2025-01-05 12:07:39] Error: 2 - Undefined array key "idTrip" en C:\xampp\htdocs\bitacora_oriental\view\reservation\listRequestsReservation.php:57
[2025-01-05 12:07:39] Error: 2 - Undefined array key "idTrip" en C:\xampp\htdocs\bitacora_oriental\view\reservation\listRequestsReservation.php:57
[2025-01-05 12:07:39] Error: 2 - Undefined array key "idTrip" en C:\xampp\htdocs\bitacora_oriental\view\reservation\listRequestsReservation.php:57
[2025-01-05 12:07:39] Error: 2 - Undefined array key "idTrip" en C:\xampp\htdocs\bitacora_oriental\view\reservation\listRequestsReservation.php:57
[2025-01-05 12:07:39] Error: 2 - Undefined array key "idTrip" en C:\xampp\htdocs\bitacora_oriental\view\reservation\listRequestsReservation.php:57
[2025-01-05 12:07:39] Error: 2 - Undefined array key "idTrip" en C:\xampp\htdocs\bitacora_oriental\view\reservation\listRequestsReservation.php:57
[2025-01-05 12:07:39] Error: 2 - Undefined array key "idTrip" en C:\xampp\htdocs\bitacora_oriental\view\reservation\listRequestsReservation.php:57
[2025-01-05 12:07:39] Error: 2 - Undefined array key "idTrip" en C:\xampp\htdocs\bitacora_oriental\view\reservation\listRequestsReservation.php:57
[2025-01-05 12:07:39] Error: 2 - Undefined array key "idTrip" en C:\xampp\htdocs\bitacora_oriental\view\reservation\listRequestsReservation.php:57
[2025-01-05 12:07:39] Error: 2 - Undefined array key "idTrip" en C:\xampp\htdocs\bitacora_oriental\view\reservation\listRequestsReservation.php:57
[2025-01-05 12:07:39] Error: 2 - Undefined array key "idTrip" en C:\xampp\htdocs\bitacora_oriental\view\reservation\listRequestsReservation.php:57
[2025-01-05 12:07:39] Error: 2 - Undefined array key "idTrip" en C:\xampp\htdocs\bitacora_oriental\view\reservation\listRequestsReservation.php:57
[2025-01-05 12:07:39] Error: 2 - Undefined array key "idTrip" en C:\xampp\htdocs\bitacora_oriental\view\reservation\listRequestsReservation.php:57
[2025-01-05 12:07:39] Error: 2 - Undefined array key "idTrip" en C:\xampp\htdocs\bitacora_oriental\view\reservation\listRequestsReservation.php:57
[2025-01-05 12:07:39] Error: 2 - Undefined array key "idTrip" en C:\xampp\htdocs\bitacora_oriental\view\reservation\listRequestsReservation.php:57
[2025-01-05 12:07:39] Error: 2 - Undefined array key "idTrip" en C:\xampp\htdocs\bitacora_oriental\view\reservation\listRequestsReservation.php:57
[2025-01-05 12:07:39] Error: 2 - Undefined array key "idTrip" en C:\xampp\htdocs\bitacora_oriental\view\reservation\listRequestsReservation.php:57
[2025-01-05 12:07:39] Error: 2 - Undefined array key "idTrip" en C:\xampp\htdocs\bitacora_oriental\view\reservation\listRequestsReservation.php:57
[2025-01-05 12:07:39] Error: 2 - Undefined array key "idTrip" en C:\xampp\htdocs\bitacora_oriental\view\reservation\listRequestsReservation.php:57
[2025-01-05 12:07:39] Error: 2 - Undefined array key "idTrip" en C:\xampp\htdocs\bitacora_oriental\view\reservation\listRequestsReservation.php:57
[2025-01-05 12:07:39] Error: 2 - Undefined array key "idTrip" en C:\xampp\htdocs\bitacora_oriental\view\reservation\listRequestsReservation.php:57
[2025-01-05 12:07:39] Error: 2 - Undefined array key "idTrip" en C:\xampp\htdocs\bitacora_oriental\view\reservation\listRequestsReservation.php:57
[2025-01-05 12:07:39] Error: 2 - Undefined array key "idTrip" en C:\xampp\htdocs\bitacora_oriental\view\reservation\listRequestsReservation.php:57
[2025-01-05 12:07:39] Error: 2 - Undefined array key "idTrip" en C:\xampp\htdocs\bitacora_oriental\view\reservation\listRequestsReservation.php:57
[2025-01-05 12:07:39] Error: 2 - Undefined array key "idTrip" en C:\xampp\htdocs\bitacora_oriental\view\reservation\listRequestsReservation.php:57
[2025-01-05 12:07:39] Error: 2 - Undefined array key "idTrip" en C:\xampp\htdocs\bitacora_oriental\view\reservation\listRequestsReservation.php:57
[2025-01-05 12:07:39] Error: 2 - Undefined array key "idTrip" en C:\xampp\htdocs\bitacora_oriental\view\reservation\listRequestsReservation.php:57
[2025-01-05 12:07:39] Error: 2 - Undefined array key "idTrip" en C:\xampp\htdocs\bitacora_oriental\view\reservation\listRequestsReservation.php:57
[2025-01-05 12:07:39] Error: 2 - Undefined array key "idTrip" en C:\xampp\htdocs\bitacora_oriental\view\reservation\listRequestsReservation.php:57
[2025-01-05 12:07:39] Error: 2 - Undefined array key "idTrip" en C:\xampp\htdocs\bitacora_oriental\view\reservation\listRequestsReservation.php:57
[2025-01-05 12:07:39] Error: 2 - Undefined array key "idTrip" en C:\xampp\htdocs\bitacora_oriental\view\reservation\listRequestsReservation.php:57
[2025-01-05 12:07:39] Error: 2 - Undefined array key "idTrip" en C:\xampp\htdocs\bitacora_oriental\view\reservation\listRequestsReservation.php:57
[2025-01-05 12:07:39] Error: 2 - Undefined array key "idTrip" en C:\xampp\htdocs\bitacora_oriental\view\reservation\listRequestsReservation.php:57
[2025-01-05 12:07:39] Error: 2 - Undefined array key "idTrip" en C:\xampp\htdocs\bitacora_oriental\view\reservation\listRequestsReservation.php:57
[2025-01-05 12:07:39] Error: 2 - Undefined array key "idTrip" en C:\xampp\htdocs\bitacora_oriental\view\reservation\listRequestsReservation.php:57
[2025-01-05 12:07:39] Error: 2 - Undefined array key "idTrip" en C:\xampp\htdocs\bitacora_oriental\view\reservation\listRequestsReservation.php:57
[2025-01-05 12:07:39] Error: 2 - Undefined array key "idTrip" en C:\xampp\htdocs\bitacora_oriental\view\reservation\listRequestsReservation.php:57
[2025-01-05 12:07:39] Error: 2 - Undefined array key "idTrip" en C:\xampp\htdocs\bitacora_oriental\view\reservation\listRequestsReservation.php:57
[2025-01-05 12:07:39] Error: 2 - Undefined array key "idTrip" en C:\xampp\htdocs\bitacora_oriental\view\reservation\listRequestsReservation.php:57
[2025-01-05 12:07:39] Error: 2 - Undefined array key "idTrip" en C:\xampp\htdocs\bitacora_oriental\view\reservation\listRequestsReservation.php:57
[2025-01-05 12:07:39] Error: 2 - Undefined array key "idTrip" en C:\xampp\htdocs\bitacora_oriental\view\reservation\listRequestsReservation.php:57
[2025-01-05 12:07:39] Error: 2 - Undefined array key "idTrip" en C:\xampp\htdocs\bitacora_oriental\view\reservation\listRequestsReservation.php:57
[2025-01-05 12:07:50] Error: 2 - Undefined array key "idTrip" en C:\xampp\htdocs\bitacora_oriental\view\reservation\listRequestsReservation.php:57
[2025-01-05 12:07:50] Error: 2 - Undefined array key "idTrip" en C:\xampp\htdocs\bitacora_oriental\view\reservation\listRequestsReservation.php:57
[2025-01-05 12:07:50] Error: 2 - Undefined array key "idTrip" en C:\xampp\htdocs\bitacora_oriental\view\reservation\listRequestsReservation.php:57
[2025-01-05 12:07:50] Error: 2 - Undefined array key "idTrip" en C:\xampp\htdocs\bitacora_oriental\view\reservation\listRequestsReservation.php:57
[2025-01-05 12:07:50] Error: 2 - Undefined array key "idTrip" en C:\xampp\htdocs\bitacora_oriental\view\reservation\listRequestsReservation.php:57
[2025-01-05 12:07:50] Error: 2 - Undefined array key "idTrip" en C:\xampp\htdocs\bitacora_oriental\view\reservation\listRequestsReservation.php:57
[2025-01-05 12:07:50] Error: 2 - Undefined array key "idTrip" en C:\xampp\htdocs\bitacora_oriental\view\reservation\listRequestsReservation.php:57
[2025-01-05 12:07:50] Error: 2 - Undefined array key "idTrip" en C:\xampp\htdocs\bitacora_oriental\view\reservation\listRequestsReservation.php:57
[2025-01-05 12:07:50] Error: 2 - Undefined array key "idTrip" en C:\xampp\htdocs\bitacora_oriental\view\reservation\listRequestsReservation.php:57
[2025-01-05 12:07:50] Error: 2 - Undefined array key "idTrip" en C:\xampp\htdocs\bitacora_oriental\view\reservation\listRequestsReservation.php:57
[2025-01-05 12:07:50] Error: 2 - Undefined array key "idTrip" en C:\xampp\htdocs\bitacora_oriental\view\reservation\listRequestsReservation.php:57
[2025-01-05 12:07:50] Error: 2 - Undefined array key "idTrip" en C:\xampp\htdocs\bitacora_oriental\view\reservation\listRequestsReservation.php:57
[2025-01-05 12:07:50] Error: 2 - Undefined array key "idTrip" en C:\xampp\htdocs\bitacora_oriental\view\reservation\listRequestsReservation.php:57
[2025-01-05 12:07:50] Error: 2 - Undefined array key "idTrip" en C:\xampp\htdocs\bitacora_oriental\view\reservation\listRequestsReservation.php:57
[2025-01-05 12:07:50] Error: 2 - Undefined array key "idTrip" en C:\xampp\htdocs\bitacora_oriental\view\reservation\listRequestsReservation.php:57
[2025-01-05 12:07:50] Error: 2 - Undefined array key "idTrip" en C:\xampp\htdocs\bitacora_oriental\view\reservation\listRequestsReservation.php:57
[2025-01-05 12:07:50] Error: 2 - Undefined array key "idTrip" en C:\xampp\htdocs\bitacora_oriental\view\reservation\listRequestsReservation.php:57
[2025-01-05 12:07:50] Error: 2 - Undefined array key "idTrip" en C:\xampp\htdocs\bitacora_oriental\view\reservation\listRequestsReservation.php:57
[2025-01-05 12:07:50] Error: 2 - Undefined array key "idTrip" en C:\xampp\htdocs\bitacora_oriental\view\reservation\listRequestsReservation.php:57
[2025-01-05 12:07:50] Error: 2 - Undefined array key "idTrip" en C:\xampp\htdocs\bitacora_oriental\view\reservation\listRequestsReservation.php:57
[2025-01-05 12:07:50] Error: 2 - Undefined array key "idTrip" en C:\xampp\htdocs\bitacora_oriental\view\reservation\listRequestsReservation.php:57
[2025-01-05 12:07:50] Error: 2 - Undefined array key "idTrip" en C:\xampp\htdocs\bitacora_oriental\view\reservation\listRequestsReservation.php:57
[2025-01-05 12:07:50] Error: 2 - Undefined array key "idTrip" en C:\xampp\htdocs\bitacora_oriental\view\reservation\listRequestsReservation.php:57
[2025-01-05 12:07:50] Error: 2 - Undefined array key "idTrip" en C:\xampp\htdocs\bitacora_oriental\view\reservation\listRequestsReservation.php:57
[2025-01-05 12:07:50] Error: 2 - Undefined array key "idTrip" en C:\xampp\htdocs\bitacora_oriental\view\reservation\listRequestsReservation.php:57
[2025-01-05 12:07:50] Error: 2 - Undefined array key "idTrip" en C:\xampp\htdocs\bitacora_oriental\view\reservation\listRequestsReservation.php:57
[2025-01-05 12:07:50] Error: 2 - Undefined array key "idTrip" en C:\xampp\htdocs\bitacora_oriental\view\reservation\listRequestsReservation.php:57
[2025-01-05 12:07:50] Error: 2 - Undefined array key "idTrip" en C:\xampp\htdocs\bitacora_oriental\view\reservation\listRequestsReservation.php:57
[2025-01-05 12:07:50] Error: 2 - Undefined array key "idTrip" en C:\xampp\htdocs\bitacora_oriental\view\reservation\listRequestsReservation.php:57
[2025-01-05 12:07:50] Error: 2 - Undefined array key "idTrip" en C:\xampp\htdocs\bitacora_oriental\view\reservation\listRequestsReservation.php:57
[2025-01-05 12:07:50] Error: 2 - Undefined array key "idTrip" en C:\xampp\htdocs\bitacora_oriental\view\reservation\listRequestsReservation.php:57
[2025-01-05 12:07:50] Error: 2 - Undefined array key "idTrip" en C:\xampp\htdocs\bitacora_oriental\view\reservation\listRequestsReservation.php:57
[2025-01-05 12:07:50] Error: 2 - Undefined array key "idTrip" en C:\xampp\htdocs\bitacora_oriental\view\reservation\listRequestsReservation.php:57
[2025-01-05 12:07:50] Error: 2 - Undefined array key "idTrip" en C:\xampp\htdocs\bitacora_oriental\view\reservation\listRequestsReservation.php:57
[2025-01-05 12:07:50] Error: 2 - Undefined array key "idTrip" en C:\xampp\htdocs\bitacora_oriental\view\reservation\listRequestsReservation.php:57
[2025-01-05 12:07:50] Error: 2 - Undefined array key "idTrip" en C:\xampp\htdocs\bitacora_oriental\view\reservation\listRequestsReservation.php:57
[2025-01-05 12:07:50] Error: 2 - Undefined array key "idTrip" en C:\xampp\htdocs\bitacora_oriental\view\reservation\listRequestsReservation.php:57
[2025-01-05 12:07:50] Error: 2 - Undefined array key "idTrip" en C:\xampp\htdocs\bitacora_oriental\view\reservation\listRequestsReservation.php:57
[2025-01-05 12:07:50] Error: 2 - Undefined array key "idTrip" en C:\xampp\htdocs\bitacora_oriental\view\reservation\listRequestsReservation.php:57
[2025-01-05 12:07:50] Error: 2 - Undefined array key "idTrip" en C:\xampp\htdocs\bitacora_oriental\view\reservation\listRequestsReservation.php:57
[2025-01-05 12:07:50] Error: 2 - Undefined array key "idTrip" en C:\xampp\htdocs\bitacora_oriental\view\reservation\listRequestsReservation.php:57
[2025-01-05 12:07:50] Error: 2 - Undefined array key "idTrip" en C:\xampp\htdocs\bitacora_oriental\view\reservation\listRequestsReservation.php:57
[2025-01-05 12:07:50] Error: 2 - Undefined array key "idTrip" en C:\xampp\htdocs\bitacora_oriental\view\reservation\listRequestsReservation.php:57
[2025-01-05 12:07:50] Error: 2 - Undefined array key "idTrip" en C:\xampp\htdocs\bitacora_oriental\view\reservation\listRequestsReservation.php:57
[2025-01-05 12:08:29] Error: 2 - Undefined array key "idTrip" en C:\xampp\htdocs\bitacora_oriental\view\reservation\listRequestsReservation.php:57
[2025-01-05 12:08:29] Error: 2 - Undefined array key "idTrip" en C:\xampp\htdocs\bitacora_oriental\view\reservation\listRequestsReservation.php:57
[2025-01-05 12:08:29] Error: 2 - Undefined array key "idTrip" en C:\xampp\htdocs\bitacora_oriental\view\reservation\listRequestsReservation.php:57
[2025-01-05 12:08:29] Error: 2 - Undefined array key "idTrip" en C:\xampp\htdocs\bitacora_oriental\view\reservation\listRequestsReservation.php:57
[2025-01-05 12:08:29] Error: 2 - Undefined array key "idTrip" en C:\xampp\htdocs\bitacora_oriental\view\reservation\listRequestsReservation.php:57
[2025-01-05 12:08:29] Error: 2 - Undefined array key "idTrip" en C:\xampp\htdocs\bitacora_oriental\view\reservation\listRequestsReservation.php:57
[2025-01-05 12:08:29] Error: 2 - Undefined array key "idTrip" en C:\xampp\htdocs\bitacora_oriental\view\reservation\listRequestsReservation.php:57
[2025-01-05 12:08:29] Error: 2 - Undefined array key "idTrip" en C:\xampp\htdocs\bitacora_oriental\view\reservation\listRequestsReservation.php:57
[2025-01-05 12:08:29] Error: 2 - Undefined array key "idTrip" en C:\xampp\htdocs\bitacora_oriental\view\reservation\listRequestsReservation.php:57
[2025-01-05 12:08:29] Error: 2 - Undefined array key "idTrip" en C:\xampp\htdocs\bitacora_oriental\view\reservation\listRequestsReservation.php:57
[2025-01-05 12:08:29] Error: 2 - Undefined array key "idTrip" en C:\xampp\htdocs\bitacora_oriental\view\reservation\listRequestsReservation.php:57
[2025-01-05 12:08:29] Error: 2 - Undefined array key "idTrip" en C:\xampp\htdocs\bitacora_oriental\view\reservation\listRequestsReservation.php:57
[2025-01-05 12:08:29] Error: 2 - Undefined array key "idTrip" en C:\xampp\htdocs\bitacora_oriental\view\reservation\listRequestsReservation.php:57
[2025-01-05 12:08:29] Error: 2 - Undefined array key "idTrip" en C:\xampp\htdocs\bitacora_oriental\view\reservation\listRequestsReservation.php:57
[2025-01-05 12:08:29] Error: 2 - Undefined array key "idTrip" en C:\xampp\htdocs\bitacora_oriental\view\reservation\listRequestsReservation.php:57
[2025-01-05 12:08:29] Error: 2 - Undefined array key "idTrip" en C:\xampp\htdocs\bitacora_oriental\view\reservation\listRequestsReservation.php:57
[2025-01-05 12:08:29] Error: 2 - Undefined array key "idTrip" en C:\xampp\htdocs\bitacora_oriental\view\reservation\listRequestsReservation.php:57
[2025-01-05 12:08:29] Error: 2 - Undefined array key "idTrip" en C:\xampp\htdocs\bitacora_oriental\view\reservation\listRequestsReservation.php:57
[2025-01-05 12:08:29] Error: 2 - Undefined array key "idTrip" en C:\xampp\htdocs\bitacora_oriental\view\reservation\listRequestsReservation.php:57
[2025-01-05 12:08:29] Error: 2 - Undefined array key "idTrip" en C:\xampp\htdocs\bitacora_oriental\view\reservation\listRequestsReservation.php:57
[2025-01-05 12:08:29] Error: 2 - Undefined array key "idTrip" en C:\xampp\htdocs\bitacora_oriental\view\reservation\listRequestsReservation.php:57
[2025-01-05 12:08:29] Error: 2 - Undefined array key "idTrip" en C:\xampp\htdocs\bitacora_oriental\view\reservation\listRequestsReservation.php:57
[2025-01-05 12:08:29] Error: 2 - Undefined array key "idTrip" en C:\xampp\htdocs\bitacora_oriental\view\reservation\listRequestsReservation.php:57
[2025-01-05 12:08:29] Error: 2 - Undefined array key "idTrip" en C:\xampp\htdocs\bitacora_oriental\view\reservation\listRequestsReservation.php:57
[2025-01-05 12:08:29] Error: 2 - Undefined array key "idTrip" en C:\xampp\htdocs\bitacora_oriental\view\reservation\listRequestsReservation.php:57
[2025-01-05 12:08:29] Error: 2 - Undefined array key "idTrip" en C:\xampp\htdocs\bitacora_oriental\view\reservation\listRequestsReservation.php:57
[2025-01-05 12:08:29] Error: 2 - Undefined array key "idTrip" en C:\xampp\htdocs\bitacora_oriental\view\reservation\listRequestsReservation.php:57
[2025-01-05 12:08:29] Error: 2 - Undefined array key "idTrip" en C:\xampp\htdocs\bitacora_oriental\view\reservation\listRequestsReservation.php:57
[2025-01-05 12:08:29] Error: 2 - Undefined array key "idTrip" en C:\xampp\htdocs\bitacora_oriental\view\reservation\listRequestsReservation.php:57
[2025-01-05 12:08:29] Error: 2 - Undefined array key "idTrip" en C:\xampp\htdocs\bitacora_oriental\view\reservation\listRequestsReservation.php:57
[2025-01-05 12:08:29] Error: 2 - Undefined array key "idTrip" en C:\xampp\htdocs\bitacora_oriental\view\reservation\listRequestsReservation.php:57
[2025-01-05 12:08:29] Error: 2 - Undefined array key "idTrip" en C:\xampp\htdocs\bitacora_oriental\view\reservation\listRequestsReservation.php:57
[2025-01-05 12:08:29] Error: 2 - Undefined array key "idTrip" en C:\xampp\htdocs\bitacora_oriental\view\reservation\listRequestsReservation.php:57
[2025-01-05 12:08:29] Error: 2 - Undefined array key "idTrip" en C:\xampp\htdocs\bitacora_oriental\view\reservation\listRequestsReservation.php:57
[2025-01-05 12:08:29] Error: 2 - Undefined array key "idTrip" en C:\xampp\htdocs\bitacora_oriental\view\reservation\listRequestsReservation.php:57
[2025-01-05 12:08:29] Error: 2 - Undefined array key "idTrip" en C:\xampp\htdocs\bitacora_oriental\view\reservation\listRequestsReservation.php:57
[2025-01-05 12:08:29] Error: 2 - Undefined array key "idTrip" en C:\xampp\htdocs\bitacora_oriental\view\reservation\listRequestsReservation.php:57
[2025-01-05 12:08:29] Error: 2 - Undefined array key "idTrip" en C:\xampp\htdocs\bitacora_oriental\view\reservation\listRequestsReservation.php:57
[2025-01-05 12:08:29] Error: 2 - Undefined array key "idTrip" en C:\xampp\htdocs\bitacora_oriental\view\reservation\listRequestsReservation.php:57
[2025-01-05 12:08:29] Error: 2 - Undefined array key "idTrip" en C:\xampp\htdocs\bitacora_oriental\view\reservation\listRequestsReservation.php:57
[2025-01-05 12:08:29] Error: 2 - Undefined array key "idTrip" en C:\xampp\htdocs\bitacora_oriental\view\reservation\listRequestsReservation.php:57
[2025-01-05 12:08:29] Error: 2 - Undefined array key "idTrip" en C:\xampp\htdocs\bitacora_oriental\view\reservation\listRequestsReservation.php:57
[2025-01-05 12:08:29] Error: 2 - Undefined array key "idTrip" en C:\xampp\htdocs\bitacora_oriental\view\reservation\listRequestsReservation.php:57
[2025-01-05 12:08:29] Error: 2 - Undefined array key "idTrip" en C:\xampp\htdocs\bitacora_oriental\view\reservation\listRequestsReservation.php:57
[2025-01-05 12:10:19] Error: 2 - Undefined array key "idTrip" en C:\xampp\htdocs\bitacora_oriental\view\reservation\listRequestsReservation.php:57
[2025-01-05 12:10:19] Error: 2 - Undefined array key "idTrip" en C:\xampp\htdocs\bitacora_oriental\view\reservation\listRequestsReservation.php:57
[2025-01-05 12:10:19] Error: 2 - Undefined array key "idTrip" en C:\xampp\htdocs\bitacora_oriental\view\reservation\listRequestsReservation.php:57
[2025-01-05 12:10:19] Error: 2 - Undefined array key "idTrip" en C:\xampp\htdocs\bitacora_oriental\view\reservation\listRequestsReservation.php:57
[2025-01-05 12:10:19] Error: 2 - Undefined array key "idTrip" en C:\xampp\htdocs\bitacora_oriental\view\reservation\listRequestsReservation.php:57
[2025-01-05 12:10:19] Error: 2 - Undefined array key "idTrip" en C:\xampp\htdocs\bitacora_oriental\view\reservation\listRequestsReservation.php:57
[2025-01-05 12:10:19] Error: 2 - Undefined array key "idTrip" en C:\xampp\htdocs\bitacora_oriental\view\reservation\listRequestsReservation.php:57
[2025-01-05 12:10:19] Error: 2 - Undefined array key "idTrip" en C:\xampp\htdocs\bitacora_oriental\view\reservation\listRequestsReservation.php:57
[2025-01-05 12:10:19] Error: 2 - Undefined array key "idTrip" en C:\xampp\htdocs\bitacora_oriental\view\reservation\listRequestsReservation.php:57
[2025-01-05 12:10:19] Error: 2 - Undefined array key "idTrip" en C:\xampp\htdocs\bitacora_oriental\view\reservation\listRequestsReservation.php:57
[2025-01-05 12:10:19] Error: 2 - Undefined array key "idTrip" en C:\xampp\htdocs\bitacora_oriental\view\reservation\listRequestsReservation.php:57
[2025-01-05 12:10:19] Error: 2 - Undefined array key "idTrip" en C:\xampp\htdocs\bitacora_oriental\view\reservation\listRequestsReservation.php:57
[2025-01-05 12:10:19] Error: 2 - Undefined array key "idTrip" en C:\xampp\htdocs\bitacora_oriental\view\reservation\listRequestsReservation.php:57
[2025-01-05 12:10:19] Error: 2 - Undefined array key "idTrip" en C:\xampp\htdocs\bitacora_oriental\view\reservation\listRequestsReservation.php:57
[2025-01-05 12:10:19] Error: 2 - Undefined array key "idTrip" en C:\xampp\htdocs\bitacora_oriental\view\reservation\listRequestsReservation.php:57
[2025-01-05 12:10:19] Error: 2 - Undefined array key "idTrip" en C:\xampp\htdocs\bitacora_oriental\view\reservation\listRequestsReservation.php:57
[2025-01-05 12:10:19] Error: 2 - Undefined array key "idTrip" en C:\xampp\htdocs\bitacora_oriental\view\reservation\listRequestsReservation.php:57
[2025-01-05 12:10:19] Error: 2 - Undefined array key "idTrip" en C:\xampp\htdocs\bitacora_oriental\view\reservation\listRequestsReservation.php:57
[2025-01-05 12:10:19] Error: 2 - Undefined array key "idTrip" en C:\xampp\htdocs\bitacora_oriental\view\reservation\listRequestsReservation.php:57
[2025-01-05 12:10:19] Error: 2 - Undefined array key "idTrip" en C:\xampp\htdocs\bitacora_oriental\view\reservation\listRequestsReservation.php:57
[2025-01-05 12:10:19] Error: 2 - Undefined array key "idTrip" en C:\xampp\htdocs\bitacora_oriental\view\reservation\listRequestsReservation.php:57
[2025-01-05 12:10:19] Error: 2 - Undefined array key "idTrip" en C:\xampp\htdocs\bitacora_oriental\view\reservation\listRequestsReservation.php:57
[2025-01-05 12:10:19] Error: 2 - Undefined array key "idTrip" en C:\xampp\htdocs\bitacora_oriental\view\reservation\listRequestsReservation.php:57
[2025-01-05 12:10:19] Error: 2 - Undefined array key "idTrip" en C:\xampp\htdocs\bitacora_oriental\view\reservation\listRequestsReservation.php:57
[2025-01-05 12:10:19] Error: 2 - Undefined array key "idTrip" en C:\xampp\htdocs\bitacora_oriental\view\reservation\listRequestsReservation.php:57
[2025-01-05 12:10:19] Error: 2 - Undefined array key "idTrip" en C:\xampp\htdocs\bitacora_oriental\view\reservation\listRequestsReservation.php:57
[2025-01-05 12:10:19] Error: 2 - Undefined array key "idTrip" en C:\xampp\htdocs\bitacora_oriental\view\reservation\listRequestsReservation.php:57
[2025-01-05 12:10:19] Error: 2 - Undefined array key "idTrip" en C:\xampp\htdocs\bitacora_oriental\view\reservation\listRequestsReservation.php:57
[2025-01-05 12:10:19] Error: 2 - Undefined array key "idTrip" en C:\xampp\htdocs\bitacora_oriental\view\reservation\listRequestsReservation.php:57
[2025-01-05 12:10:19] Error: 2 - Undefined array key "idTrip" en C:\xampp\htdocs\bitacora_oriental\view\reservation\listRequestsReservation.php:57
[2025-01-05 12:10:19] Error: 2 - Undefined array key "idTrip" en C:\xampp\htdocs\bitacora_oriental\view\reservation\listRequestsReservation.php:57
[2025-01-05 12:10:19] Error: 2 - Undefined array key "idTrip" en C:\xampp\htdocs\bitacora_oriental\view\reservation\listRequestsReservation.php:57
[2025-01-05 12:10:19] Error: 2 - Undefined array key "idTrip" en C:\xampp\htdocs\bitacora_oriental\view\reservation\listRequestsReservation.php:57
[2025-01-05 12:10:19] Error: 2 - Undefined array key "idTrip" en C:\xampp\htdocs\bitacora_oriental\view\reservation\listRequestsReservation.php:57
[2025-01-05 12:10:19] Error: 2 - Undefined array key "idTrip" en C:\xampp\htdocs\bitacora_oriental\view\reservation\listRequestsReservation.php:57
[2025-01-05 12:10:19] Error: 2 - Undefined array key "idTrip" en C:\xampp\htdocs\bitacora_oriental\view\reservation\listRequestsReservation.php:57
[2025-01-05 12:10:19] Error: 2 - Undefined array key "idTrip" en C:\xampp\htdocs\bitacora_oriental\view\reservation\listRequestsReservation.php:57
[2025-01-05 12:10:19] Error: 2 - Undefined array key "idTrip" en C:\xampp\htdocs\bitacora_oriental\view\reservation\listRequestsReservation.php:57
[2025-01-05 12:10:19] Error: 2 - Undefined array key "idTrip" en C:\xampp\htdocs\bitacora_oriental\view\reservation\listRequestsReservation.php:57
[2025-01-05 12:10:19] Error: 2 - Undefined array key "idTrip" en C:\xampp\htdocs\bitacora_oriental\view\reservation\listRequestsReservation.php:57
[2025-01-05 12:10:19] Error: 2 - Undefined array key "idTrip" en C:\xampp\htdocs\bitacora_oriental\view\reservation\listRequestsReservation.php:57
[2025-01-05 12:10:19] Error: 2 - Undefined array key "idTrip" en C:\xampp\htdocs\bitacora_oriental\view\reservation\listRequestsReservation.php:57
[2025-01-05 12:10:19] Error: 2 - Undefined array key "idTrip" en C:\xampp\htdocs\bitacora_oriental\view\reservation\listRequestsReservation.php:57
[2025-01-05 12:10:19] Error: 2 - Undefined array key "idTrip" en C:\xampp\htdocs\bitacora_oriental\view\reservation\listRequestsReservation.php:57
[2025-01-05 12:11:07] Error: 2 - Undefined array key "idTrip" en C:\xampp\htdocs\bitacora_oriental\view\reservation\listRequestsReservation.php:57
[2025-01-05 12:11:07] Error: 2 - Undefined array key "idTrip" en C:\xampp\htdocs\bitacora_oriental\view\reservation\listRequestsReservation.php:57
[2025-01-05 12:11:07] Error: 2 - Undefined array key "idTrip" en C:\xampp\htdocs\bitacora_oriental\view\reservation\listRequestsReservation.php:57
[2025-01-05 12:11:07] Error: 2 - Undefined array key "idTrip" en C:\xampp\htdocs\bitacora_oriental\view\reservation\listRequestsReservation.php:57
[2025-01-05 12:11:07] Error: 2 - Undefined array key "idTrip" en C:\xampp\htdocs\bitacora_oriental\view\reservation\listRequestsReservation.php:57
[2025-01-05 12:11:07] Error: 2 - Undefined array key "idTrip" en C:\xampp\htdocs\bitacora_oriental\view\reservation\listRequestsReservation.php:57
[2025-01-05 12:11:07] Error: 2 - Undefined array key "idTrip" en C:\xampp\htdocs\bitacora_oriental\view\reservation\listRequestsReservation.php:57
[2025-01-05 12:11:07] Error: 2 - Undefined array key "idTrip" en C:\xampp\htdocs\bitacora_oriental\view\reservation\listRequestsReservation.php:57
[2025-01-05 12:11:07] Error: 2 - Undefined array key "idTrip" en C:\xampp\htdocs\bitacora_oriental\view\reservation\listRequestsReservation.php:57
[2025-01-05 12:11:07] Error: 2 - Undefined array key "idTrip" en C:\xampp\htdocs\bitacora_oriental\view\reservation\listRequestsReservation.php:57
[2025-01-05 12:11:07] Error: 2 - Undefined array key "idTrip" en C:\xampp\htdocs\bitacora_oriental\view\reservation\listRequestsReservation.php:57
[2025-01-05 12:11:07] Error: 2 - Undefined array key "idTrip" en C:\xampp\htdocs\bitacora_oriental\view\reservation\listRequestsReservation.php:57
[2025-01-05 12:11:07] Error: 2 - Undefined array key "idTrip" en C:\xampp\htdocs\bitacora_oriental\view\reservation\listRequestsReservation.php:57
[2025-01-05 12:11:07] Error: 2 - Undefined array key "idTrip" en C:\xampp\htdocs\bitacora_oriental\view\reservation\listRequestsReservation.php:57
[2025-01-05 12:11:07] Error: 2 - Undefined array key "idTrip" en C:\xampp\htdocs\bitacora_oriental\view\reservation\listRequestsReservation.php:57
[2025-01-05 12:11:07] Error: 2 - Undefined array key "idTrip" en C:\xampp\htdocs\bitacora_oriental\view\reservation\listRequestsReservation.php:57
[2025-01-05 12:11:07] Error: 2 - Undefined array key "idTrip" en C:\xampp\htdocs\bitacora_oriental\view\reservation\listRequestsReservation.php:57
[2025-01-05 12:11:07] Error: 2 - Undefined array key "idTrip" en C:\xampp\htdocs\bitacora_oriental\view\reservation\listRequestsReservation.php:57
[2025-01-05 12:11:07] Error: 2 - Undefined array key "idTrip" en C:\xampp\htdocs\bitacora_oriental\view\reservation\listRequestsReservation.php:57
[2025-01-05 12:11:07] Error: 2 - Undefined array key "idTrip" en C:\xampp\htdocs\bitacora_oriental\view\reservation\listRequestsReservation.php:57
[2025-01-05 12:11:07] Error: 2 - Undefined array key "idTrip" en C:\xampp\htdocs\bitacora_oriental\view\reservation\listRequestsReservation.php:57
[2025-01-05 12:11:07] Error: 2 - Undefined array key "idTrip" en C:\xampp\htdocs\bitacora_oriental\view\reservation\listRequestsReservation.php:57
[2025-01-05 12:11:07] Error: 2 - Undefined array key "idTrip" en C:\xampp\htdocs\bitacora_oriental\view\reservation\listRequestsReservation.php:57
[2025-01-05 12:11:07] Error: 2 - Undefined array key "idTrip" en C:\xampp\htdocs\bitacora_oriental\view\reservation\listRequestsReservation.php:57
[2025-01-05 12:11:07] Error: 2 - Undefined array key "idTrip" en C:\xampp\htdocs\bitacora_oriental\view\reservation\listRequestsReservation.php:57
[2025-01-05 12:11:07] Error: 2 - Undefined array key "idTrip" en C:\xampp\htdocs\bitacora_oriental\view\reservation\listRequestsReservation.php:57
[2025-01-05 12:11:07] Error: 2 - Undefined array key "idTrip" en C:\xampp\htdocs\bitacora_oriental\view\reservation\listRequestsReservation.php:57
[2025-01-05 12:11:07] Error: 2 - Undefined array key "idTrip" en C:\xampp\htdocs\bitacora_oriental\view\reservation\listRequestsReservation.php:57
[2025-01-05 12:11:07] Error: 2 - Undefined array key "idTrip" en C:\xampp\htdocs\bitacora_oriental\view\reservation\listRequestsReservation.php:57
[2025-01-05 12:11:07] Error: 2 - Undefined array key "idTrip" en C:\xampp\htdocs\bitacora_oriental\view\reservation\listRequestsReservation.php:57
[2025-01-05 12:11:07] Error: 2 - Undefined array key "idTrip" en C:\xampp\htdocs\bitacora_oriental\view\reservation\listRequestsReservation.php:57
[2025-01-05 12:11:07] Error: 2 - Undefined array key "idTrip" en C:\xampp\htdocs\bitacora_oriental\view\reservation\listRequestsReservation.php:57
[2025-01-05 12:11:07] Error: 2 - Undefined array key "idTrip" en C:\xampp\htdocs\bitacora_oriental\view\reservation\listRequestsReservation.php:57
[2025-01-05 12:11:07] Error: 2 - Undefined array key "idTrip" en C:\xampp\htdocs\bitacora_oriental\view\reservation\listRequestsReservation.php:57
[2025-01-05 12:11:07] Error: 2 - Undefined array key "idTrip" en C:\xampp\htdocs\bitacora_oriental\view\reservation\listRequestsReservation.php:57
[2025-01-05 12:11:07] Error: 2 - Undefined array key "idTrip" en C:\xampp\htdocs\bitacora_oriental\view\reservation\listRequestsReservation.php:57
[2025-01-05 12:11:07] Error: 2 - Undefined array key "idTrip" en C:\xampp\htdocs\bitacora_oriental\view\reservation\listRequestsReservation.php:57
[2025-01-05 12:11:07] Error: 2 - Undefined array key "idTrip" en C:\xampp\htdocs\bitacora_oriental\view\reservation\listRequestsReservation.php:57
[2025-01-05 12:11:07] Error: 2 - Undefined array key "idTrip" en C:\xampp\htdocs\bitacora_oriental\view\reservation\listRequestsReservation.php:57
[2025-01-05 12:11:07] Error: 2 - Undefined array key "idTrip" en C:\xampp\htdocs\bitacora_oriental\view\reservation\listRequestsReservation.php:57
[2025-01-05 12:11:07] Error: 2 - Undefined array key "idTrip" en C:\xampp\htdocs\bitacora_oriental\view\reservation\listRequestsReservation.php:57
[2025-01-05 12:11:07] Error: 2 - Undefined array key "idTrip" en C:\xampp\htdocs\bitacora_oriental\view\reservation\listRequestsReservation.php:57
[2025-01-05 12:11:07] Error: 2 - Undefined array key "idTrip" en C:\xampp\htdocs\bitacora_oriental\view\reservation\listRequestsReservation.php:57
[2025-01-05 12:11:07] Error: 2 - Undefined array key "idTrip" en C:\xampp\htdocs\bitacora_oriental\view\reservation\listRequestsReservation.php:57
[2025-01-05 12:13:07] Error: 2 - Undefined array key "idTrip" en C:\xampp\htdocs\bitacora_oriental\view\reservation\listRequestsReservation.php:57
[2025-01-05 12:13:07] Error: 2 - Undefined array key "idTrip" en C:\xampp\htdocs\bitacora_oriental\view\reservation\listRequestsReservation.php:57
[2025-01-05 12:13:07] Error: 2 - Undefined array key "idTrip" en C:\xampp\htdocs\bitacora_oriental\view\reservation\listRequestsReservation.php:57
[2025-01-05 12:13:07] Error: 2 - Undefined array key "idTrip" en C:\xampp\htdocs\bitacora_oriental\view\reservation\listRequestsReservation.php:57
[2025-01-05 12:13:07] Error: 2 - Undefined array key "idTrip" en C:\xampp\htdocs\bitacora_oriental\view\reservation\listRequestsReservation.php:57
[2025-01-05 12:13:07] Error: 2 - Undefined array key "idTrip" en C:\xampp\htdocs\bitacora_oriental\view\reservation\listRequestsReservation.php:57
[2025-01-05 12:13:07] Error: 2 - Undefined array key "idTrip" en C:\xampp\htdocs\bitacora_oriental\view\reservation\listRequestsReservation.php:57
[2025-01-05 12:13:07] Error: 2 - Undefined array key "idTrip" en C:\xampp\htdocs\bitacora_oriental\view\reservation\listRequestsReservation.php:57
[2025-01-05 12:13:07] Error: 2 - Undefined array key "idTrip" en C:\xampp\htdocs\bitacora_oriental\view\reservation\listRequestsReservation.php:57
[2025-01-05 12:13:07] Error: 2 - Undefined array key "idTrip" en C:\xampp\htdocs\bitacora_oriental\view\reservation\listRequestsReservation.php:57
[2025-01-05 12:13:07] Error: 2 - Undefined array key "idTrip" en C:\xampp\htdocs\bitacora_oriental\view\reservation\listRequestsReservation.php:57
[2025-01-05 12:13:07] Error: 2 - Undefined array key "idTrip" en C:\xampp\htdocs\bitacora_oriental\view\reservation\listRequestsReservation.php:57
[2025-01-05 12:13:07] Error: 2 - Undefined array key "idTrip" en C:\xampp\htdocs\bitacora_oriental\view\reservation\listRequestsReservation.php:57
[2025-01-05 12:13:07] Error: 2 - Undefined array key "idTrip" en C:\xampp\htdocs\bitacora_oriental\view\reservation\listRequestsReservation.php:57
[2025-01-05 12:13:07] Error: 2 - Undefined array key "idTrip" en C:\xampp\htdocs\bitacora_oriental\view\reservation\listRequestsReservation.php:57
[2025-01-05 12:13:07] Error: 2 - Undefined array key "idTrip" en C:\xampp\htdocs\bitacora_oriental\view\reservation\listRequestsReservation.php:57
[2025-01-05 12:13:07] Error: 2 - Undefined array key "idTrip" en C:\xampp\htdocs\bitacora_oriental\view\reservation\listRequestsReservation.php:57
[2025-01-05 12:13:07] Error: 2 - Undefined array key "idTrip" en C:\xampp\htdocs\bitacora_oriental\view\reservation\listRequestsReservation.php:57
[2025-01-05 12:13:07] Error: 2 - Undefined array key "idTrip" en C:\xampp\htdocs\bitacora_oriental\view\reservation\listRequestsReservation.php:57
[2025-01-05 12:13:07] Error: 2 - Undefined array key "idTrip" en C:\xampp\htdocs\bitacora_oriental\view\reservation\listRequestsReservation.php:57
[2025-01-05 12:13:07] Error: 2 - Undefined array key "idTrip" en C:\xampp\htdocs\bitacora_oriental\view\reservation\listRequestsReservation.php:57
[2025-01-05 12:13:07] Error: 2 - Undefined array key "idTrip" en C:\xampp\htdocs\bitacora_oriental\view\reservation\listRequestsReservation.php:57
[2025-01-05 12:13:07] Error: 2 - Undefined array key "idTrip" en C:\xampp\htdocs\bitacora_oriental\view\reservation\listRequestsReservation.php:57
[2025-01-05 12:13:07] Error: 2 - Undefined array key "idTrip" en C:\xampp\htdocs\bitacora_oriental\view\reservation\listRequestsReservation.php:57
[2025-01-05 12:13:07] Error: 2 - Undefined array key "idTrip" en C:\xampp\htdocs\bitacora_oriental\view\reservation\listRequestsReservation.php:57
[2025-01-05 12:13:07] Error: 2 - Undefined array key "idTrip" en C:\xampp\htdocs\bitacora_oriental\view\reservation\listRequestsReservation.php:57
[2025-01-05 12:13:07] Error: 2 - Undefined array key "idTrip" en C:\xampp\htdocs\bitacora_oriental\view\reservation\listRequestsReservation.php:57
[2025-01-05 12:13:07] Error: 2 - Undefined array key "idTrip" en C:\xampp\htdocs\bitacora_oriental\view\reservation\listRequestsReservation.php:57
[2025-01-05 12:13:07] Error: 2 - Undefined array key "idTrip" en C:\xampp\htdocs\bitacora_oriental\view\reservation\listRequestsReservation.php:57
[2025-01-05 12:13:07] Error: 2 - Undefined array key "idTrip" en C:\xampp\htdocs\bitacora_oriental\view\reservation\listRequestsReservation.php:57
[2025-01-05 12:13:07] Error: 2 - Undefined array key "idTrip" en C:\xampp\htdocs\bitacora_oriental\view\reservation\listRequestsReservation.php:57
[2025-01-05 12:13:07] Error: 2 - Undefined array key "idTrip" en C:\xampp\htdocs\bitacora_oriental\view\reservation\listRequestsReservation.php:57
[2025-01-05 12:13:07] Error: 2 - Undefined array key "idTrip" en C:\xampp\htdocs\bitacora_oriental\view\reservation\listRequestsReservation.php:57
[2025-01-05 12:13:07] Error: 2 - Undefined array key "idTrip" en C:\xampp\htdocs\bitacora_oriental\view\reservation\listRequestsReservation.php:57
[2025-01-05 12:13:07] Error: 2 - Undefined array key "idTrip" en C:\xampp\htdocs\bitacora_oriental\view\reservation\listRequestsReservation.php:57
[2025-01-05 12:13:07] Error: 2 - Undefined array key "idTrip" en C:\xampp\htdocs\bitacora_oriental\view\reservation\listRequestsReservation.php:57
[2025-01-05 12:13:07] Error: 2 - Undefined array key "idTrip" en C:\xampp\htdocs\bitacora_oriental\view\reservation\listRequestsReservation.php:57
[2025-01-05 12:13:07] Error: 2 - Undefined array key "idTrip" en C:\xampp\htdocs\bitacora_oriental\view\reservation\listRequestsReservation.php:57
[2025-01-05 12:13:07] Error: 2 - Undefined array key "idTrip" en C:\xampp\htdocs\bitacora_oriental\view\reservation\listRequestsReservation.php:57
[2025-01-05 12:13:07] Error: 2 - Undefined array key "idTrip" en C:\xampp\htdocs\bitacora_oriental\view\reservation\listRequestsReservation.php:57
[2025-01-05 12:13:07] Error: 2 - Undefined array key "idTrip" en C:\xampp\htdocs\bitacora_oriental\view\reservation\listRequestsReservation.php:57
[2025-01-05 12:13:07] Error: 2 - Undefined array key "idTrip" en C:\xampp\htdocs\bitacora_oriental\view\reservation\listRequestsReservation.php:57
[2025-01-05 12:13:07] Error: 2 - Undefined array key "idTrip" en C:\xampp\htdocs\bitacora_oriental\view\reservation\listRequestsReservation.php:57
[2025-01-05 12:13:07] Error: 2 - Undefined array key "idTrip" en C:\xampp\htdocs\bitacora_oriental\view\reservation\listRequestsReservation.php:57
[2025-01-05 12:13:07] Error: 2 - Undefined array key "idTrip" en C:\xampp\htdocs\bitacora_oriental\view\reservation\listRequestsReservation.php:57
[2025-01-05 12:13:07] Error: 2 - Undefined array key "idTrip" en C:\xampp\htdocs\bitacora_oriental\view\reservation\listRequestsReservation.php:57
[2025-01-05 12:13:07] Error: 2 - Undefined array key "idTrip" en C:\xampp\htdocs\bitacora_oriental\view\reservation\listRequestsReservation.php:57
[2025-01-05 12:13:09] Error: 2 - Undefined array key "idTrip" en C:\xampp\htdocs\bitacora_oriental\view\reservation\listRequestsReservation.php:57
[2025-01-05 12:13:09] Error: 2 - Undefined array key "idTrip" en C:\xampp\htdocs\bitacora_oriental\view\reservation\listRequestsReservation.php:57
[2025-01-05 12:13:09] Error: 2 - Undefined array key "idTrip" en C:\xampp\htdocs\bitacora_oriental\view\reservation\listRequestsReservation.php:57
[2025-01-05 12:13:09] Error: 2 - Undefined array key "idTrip" en C:\xampp\htdocs\bitacora_oriental\view\reservation\listRequestsReservation.php:57
[2025-01-05 12:13:09] Error: 2 - Undefined array key "idTrip" en C:\xampp\htdocs\bitacora_oriental\view\reservation\listRequestsReservation.php:57
[2025-01-05 12:13:09] Error: 2 - Undefined array key "idTrip" en C:\xampp\htdocs\bitacora_oriental\view\reservation\listRequestsReservation.php:57
[2025-01-05 12:13:09] Error: 2 - Undefined array key "idTrip" en C:\xampp\htdocs\bitacora_oriental\view\reservation\listRequestsReservation.php:57
[2025-01-05 12:13:09] Error: 2 - Undefined array key "idTrip" en C:\xampp\htdocs\bitacora_oriental\view\reservation\listRequestsReservation.php:57
[2025-01-05 12:13:09] Error: 2 - Undefined array key "idTrip" en C:\xampp\htdocs\bitacora_oriental\view\reservation\listRequestsReservation.php:57
[2025-01-05 12:13:09] Error: 2 - Undefined array key "idTrip" en C:\xampp\htdocs\bitacora_oriental\view\reservation\listRequestsReservation.php:57
[2025-01-05 12:13:09] Error: 2 - Undefined array key "idTrip" en C:\xampp\htdocs\bitacora_oriental\view\reservation\listRequestsReservation.php:57
[2025-01-05 12:13:09] Error: 2 - Undefined array key "idTrip" en C:\xampp\htdocs\bitacora_oriental\view\reservation\listRequestsReservation.php:57
[2025-01-05 12:13:09] Error: 2 - Undefined array key "idTrip" en C:\xampp\htdocs\bitacora_oriental\view\reservation\listRequestsReservation.php:57
[2025-01-05 12:13:09] Error: 2 - Undefined array key "idTrip" en C:\xampp\htdocs\bitacora_oriental\view\reservation\listRequestsReservation.php:57
[2025-01-05 12:13:09] Error: 2 - Undefined array key "idTrip" en C:\xampp\htdocs\bitacora_oriental\view\reservation\listRequestsReservation.php:57
[2025-01-05 12:13:09] Error: 2 - Undefined array key "idTrip" en C:\xampp\htdocs\bitacora_oriental\view\reservation\listRequestsReservation.php:57
[2025-01-05 12:13:09] Error: 2 - Undefined array key "idTrip" en C:\xampp\htdocs\bitacora_oriental\view\reservation\listRequestsReservation.php:57
[2025-01-05 12:13:09] Error: 2 - Undefined array key "idTrip" en C:\xampp\htdocs\bitacora_oriental\view\reservation\listRequestsReservation.php:57
[2025-01-05 12:13:09] Error: 2 - Undefined array key "idTrip" en C:\xampp\htdocs\bitacora_oriental\view\reservation\listRequestsReservation.php:57
[2025-01-05 12:13:09] Error: 2 - Undefined array key "idTrip" en C:\xampp\htdocs\bitacora_oriental\view\reservation\listRequestsReservation.php:57
[2025-01-05 12:13:09] Error: 2 - Undefined array key "idTrip" en C:\xampp\htdocs\bitacora_oriental\view\reservation\listRequestsReservation.php:57
[2025-01-05 12:13:09] Error: 2 - Undefined array key "idTrip" en C:\xampp\htdocs\bitacora_oriental\view\reservation\listRequestsReservation.php:57
[2025-01-05 12:13:09] Error: 2 - Undefined array key "idTrip" en C:\xampp\htdocs\bitacora_oriental\view\reservation\listRequestsReservation.php:57
[2025-01-05 12:13:09] Error: 2 - Undefined array key "idTrip" en C:\xampp\htdocs\bitacora_oriental\view\reservation\listRequestsReservation.php:57
[2025-01-05 12:13:09] Error: 2 - Undefined array key "idTrip" en C:\xampp\htdocs\bitacora_oriental\view\reservation\listRequestsReservation.php:57
[2025-01-05 12:13:09] Error: 2 - Undefined array key "idTrip" en C:\xampp\htdocs\bitacora_oriental\view\reservation\listRequestsReservation.php:57
[2025-01-05 12:13:09] Error: 2 - Undefined array key "idTrip" en C:\xampp\htdocs\bitacora_oriental\view\reservation\listRequestsReservation.php:57
[2025-01-05 12:13:09] Error: 2 - Undefined array key "idTrip" en C:\xampp\htdocs\bitacora_oriental\view\reservation\listRequestsReservation.php:57
[2025-01-05 12:13:09] Error: 2 - Undefined array key "idTrip" en C:\xampp\htdocs\bitacora_oriental\view\reservation\listRequestsReservation.php:57
[2025-01-05 12:13:09] Error: 2 - Undefined array key "idTrip" en C:\xampp\htdocs\bitacora_oriental\view\reservation\listRequestsReservation.php:57
[2025-01-05 12:13:09] Error: 2 - Undefined array key "idTrip" en C:\xampp\htdocs\bitacora_oriental\view\reservation\listRequestsReservation.php:57
[2025-01-05 12:13:09] Error: 2 - Undefined array key "idTrip" en C:\xampp\htdocs\bitacora_oriental\view\reservation\listRequestsReservation.php:57
[2025-01-05 12:13:09] Error: 2 - Undefined array key "idTrip" en C:\xampp\htdocs\bitacora_oriental\view\reservation\listRequestsReservation.php:57
[2025-01-05 12:13:09] Error: 2 - Undefined array key "idTrip" en C:\xampp\htdocs\bitacora_oriental\view\reservation\listRequestsReservation.php:57
[2025-01-05 12:13:09] Error: 2 - Undefined array key "idTrip" en C:\xampp\htdocs\bitacora_oriental\view\reservation\listRequestsReservation.php:57
[2025-01-05 12:13:09] Error: 2 - Undefined array key "idTrip" en C:\xampp\htdocs\bitacora_oriental\view\reservation\listRequestsReservation.php:57
[2025-01-05 12:13:09] Error: 2 - Undefined array key "idTrip" en C:\xampp\htdocs\bitacora_oriental\view\reservation\listRequestsReservation.php:57
[2025-01-05 12:13:09] Error: 2 - Undefined array key "idTrip" en C:\xampp\htdocs\bitacora_oriental\view\reservation\listRequestsReservation.php:57
[2025-01-05 12:13:09] Error: 2 - Undefined array key "idTrip" en C:\xampp\htdocs\bitacora_oriental\view\reservation\listRequestsReservation.php:57
[2025-01-05 12:13:09] Error: 2 - Undefined array key "idTrip" en C:\xampp\htdocs\bitacora_oriental\view\reservation\listRequestsReservation.php:57
[2025-01-05 12:13:09] Error: 2 - Undefined array key "idTrip" en C:\xampp\htdocs\bitacora_oriental\view\reservation\listRequestsReservation.php:57
[2025-01-05 12:13:09] Error: 2 - Undefined array key "idTrip" en C:\xampp\htdocs\bitacora_oriental\view\reservation\listRequestsReservation.php:57
[2025-01-05 12:13:09] Error: 2 - Undefined array key "idTrip" en C:\xampp\htdocs\bitacora_oriental\view\reservation\listRequestsReservation.php:57
[2025-01-05 12:13:09] Error: 2 - Undefined array key "idTrip" en C:\xampp\htdocs\bitacora_oriental\view\reservation\listRequestsReservation.php:57
[2025-01-05 12:13:09] Error: 2 - Undefined array key "idTrip" en C:\xampp\htdocs\bitacora_oriental\view\reservation\listRequestsReservation.php:57
[2025-01-05 12:13:09] Error: 2 - Undefined array key "idTrip" en C:\xampp\htdocs\bitacora_oriental\view\reservation\listRequestsReservation.php:57
[2025-01-05 12:13:09] Error: 2 - Undefined array key "idTrip" en C:\xampp\htdocs\bitacora_oriental\view\reservation\listRequestsReservation.php:57
[2025-01-05 12:13:28] Error: 2 - Undefined array key "idTrip" en C:\xampp\htdocs\bitacora_oriental\view\reservation\listRequestsReservation.php:57
[2025-01-05 12:13:28] Error: 2 - Undefined array key "idTrip" en C:\xampp\htdocs\bitacora_oriental\view\reservation\listRequestsReservation.php:57
[2025-01-05 12:13:28] Error: 2 - Undefined array key "idTrip" en C:\xampp\htdocs\bitacora_oriental\view\reservation\listRequestsReservation.php:57
[2025-01-05 12:13:28] Error: 2 - Undefined array key "idTrip" en C:\xampp\htdocs\bitacora_oriental\view\reservation\listRequestsReservation.php:57
[2025-01-05 12:13:28] Error: 2 - Undefined array key "idTrip" en C:\xampp\htdocs\bitacora_oriental\view\reservation\listRequestsReservation.php:57
[2025-01-05 12:13:28] Error: 2 - Undefined array key "idTrip" en C:\xampp\htdocs\bitacora_oriental\view\reservation\listRequestsReservation.php:57
[2025-01-05 12:13:28] Error: 2 - Undefined array key "idTrip" en C:\xampp\htdocs\bitacora_oriental\view\reservation\listRequestsReservation.php:57
[2025-01-05 12:13:28] Error: 2 - Undefined array key "idTrip" en C:\xampp\htdocs\bitacora_oriental\view\reservation\listRequestsReservation.php:57
[2025-01-05 12:13:28] Error: 2 - Undefined array key "idTrip" en C:\xampp\htdocs\bitacora_oriental\view\reservation\listRequestsReservation.php:57
[2025-01-05 12:13:28] Error: 2 - Undefined array key "idTrip" en C:\xampp\htdocs\bitacora_oriental\view\reservation\listRequestsReservation.php:57
[2025-01-05 12:13:28] Error: 2 - Undefined array key "idTrip" en C:\xampp\htdocs\bitacora_oriental\view\reservation\listRequestsReservation.php:57
[2025-01-05 12:13:28] Error: 2 - Undefined array key "idTrip" en C:\xampp\htdocs\bitacora_oriental\view\reservation\listRequestsReservation.php:57
[2025-01-05 12:13:28] Error: 2 - Undefined array key "idTrip" en C:\xampp\htdocs\bitacora_oriental\view\reservation\listRequestsReservation.php:57
[2025-01-05 12:13:28] Error: 2 - Undefined array key "idTrip" en C:\xampp\htdocs\bitacora_oriental\view\reservation\listRequestsReservation.php:57
[2025-01-05 12:13:28] Error: 2 - Undefined array key "idTrip" en C:\xampp\htdocs\bitacora_oriental\view\reservation\listRequestsReservation.php:57
[2025-01-05 12:13:28] Error: 2 - Undefined array key "idTrip" en C:\xampp\htdocs\bitacora_oriental\view\reservation\listRequestsReservation.php:57
[2025-01-05 12:13:28] Error: 2 - Undefined array key "idTrip" en C:\xampp\htdocs\bitacora_oriental\view\reservation\listRequestsReservation.php:57
[2025-01-05 12:13:28] Error: 2 - Undefined array key "idTrip" en C:\xampp\htdocs\bitacora_oriental\view\reservation\listRequestsReservation.php:57
[2025-01-05 12:13:28] Error: 2 - Undefined array key "idTrip" en C:\xampp\htdocs\bitacora_oriental\view\reservation\listRequestsReservation.php:57
[2025-01-05 12:13:28] Error: 2 - Undefined array key "idTrip" en C:\xampp\htdocs\bitacora_oriental\view\reservation\listRequestsReservation.php:57
[2025-01-05 12:13:28] Error: 2 - Undefined array key "idTrip" en C:\xampp\htdocs\bitacora_oriental\view\reservation\listRequestsReservation.php:57
[2025-01-05 12:13:28] Error: 2 - Undefined array key "idTrip" en C:\xampp\htdocs\bitacora_oriental\view\reservation\listRequestsReservation.php:57
[2025-01-05 12:13:28] Error: 2 - Undefined array key "idTrip" en C:\xampp\htdocs\bitacora_oriental\view\reservation\listRequestsReservation.php:57
[2025-01-05 12:13:28] Error: 2 - Undefined array key "idTrip" en C:\xampp\htdocs\bitacora_oriental\view\reservation\listRequestsReservation.php:57
[2025-01-05 12:13:28] Error: 2 - Undefined array key "idTrip" en C:\xampp\htdocs\bitacora_oriental\view\reservation\listRequestsReservation.php:57
[2025-01-05 12:13:28] Error: 2 - Undefined array key "idTrip" en C:\xampp\htdocs\bitacora_oriental\view\reservation\listRequestsReservation.php:57
[2025-01-05 12:13:28] Error: 2 - Undefined array key "idTrip" en C:\xampp\htdocs\bitacora_oriental\view\reservation\listRequestsReservation.php:57
[2025-01-05 12:13:28] Error: 2 - Undefined array key "idTrip" en C:\xampp\htdocs\bitacora_oriental\view\reservation\listRequestsReservation.php:57
[2025-01-05 12:13:28] Error: 2 - Undefined array key "idTrip" en C:\xampp\htdocs\bitacora_oriental\view\reservation\listRequestsReservation.php:57
[2025-01-05 12:13:28] Error: 2 - Undefined array key "idTrip" en C:\xampp\htdocs\bitacora_oriental\view\reservation\listRequestsReservation.php:57
[2025-01-05 12:13:28] Error: 2 - Undefined array key "idTrip" en C:\xampp\htdocs\bitacora_oriental\view\reservation\listRequestsReservation.php:57
[2025-01-05 12:13:28] Error: 2 - Undefined array key "idTrip" en C:\xampp\htdocs\bitacora_oriental\view\reservation\listRequestsReservation.php:57
[2025-01-05 12:13:28] Error: 2 - Undefined array key "idTrip" en C:\xampp\htdocs\bitacora_oriental\view\reservation\listRequestsReservation.php:57
[2025-01-05 12:13:28] Error: 2 - Undefined array key "idTrip" en C:\xampp\htdocs\bitacora_oriental\view\reservation\listRequestsReservation.php:57
[2025-01-05 12:13:28] Error: 2 - Undefined array key "idTrip" en C:\xampp\htdocs\bitacora_oriental\view\reservation\listRequestsReservation.php:57
[2025-01-05 12:13:28] Error: 2 - Undefined array key "idTrip" en C:\xampp\htdocs\bitacora_oriental\view\reservation\listRequestsReservation.php:57
[2025-01-05 12:13:28] Error: 2 - Undefined array key "idTrip" en C:\xampp\htdocs\bitacora_oriental\view\reservation\listRequestsReservation.php:57
[2025-01-05 12:13:28] Error: 2 - Undefined array key "idTrip" en C:\xampp\htdocs\bitacora_oriental\view\reservation\listRequestsReservation.php:57
[2025-01-05 12:13:28] Error: 2 - Undefined array key "idTrip" en C:\xampp\htdocs\bitacora_oriental\view\reservation\listRequestsReservation.php:57
[2025-01-05 12:13:28] Error: 2 - Undefined array key "idTrip" en C:\xampp\htdocs\bitacora_oriental\view\reservation\listRequestsReservation.php:57
[2025-01-05 12:13:28] Error: 2 - Undefined array key "idTrip" en C:\xampp\htdocs\bitacora_oriental\view\reservation\listRequestsReservation.php:57
[2025-01-05 12:13:28] Error: 2 - Undefined array key "idTrip" en C:\xampp\htdocs\bitacora_oriental\view\reservation\listRequestsReservation.php:57
[2025-01-05 12:13:28] Error: 2 - Undefined array key "idTrip" en C:\xampp\htdocs\bitacora_oriental\view\reservation\listRequestsReservation.php:57
[2025-01-05 12:13:28] Error: 2 - Undefined array key "idTrip" en C:\xampp\htdocs\bitacora_oriental\view\reservation\listRequestsReservation.php:57
[2025-01-05 12:13:28] Error: 2 - Undefined array key "idTrip" en C:\xampp\htdocs\bitacora_oriental\view\reservation\listRequestsReservation.php:57
[2025-01-05 12:13:28] Error: 2 - Undefined array key "idTrip" en C:\xampp\htdocs\bitacora_oriental\view\reservation\listRequestsReservation.php:57
[2025-01-05 12:14:19] Error: 2 - Undefined array key "idTrip" en C:\xampp\htdocs\bitacora_oriental\view\reservation\listRequestsReservation.php:57
[2025-01-05 12:14:19] Error: 2 - Undefined array key "idTrip" en C:\xampp\htdocs\bitacora_oriental\view\reservation\listRequestsReservation.php:57
[2025-01-05 12:14:19] Error: 2 - Undefined array key "idTrip" en C:\xampp\htdocs\bitacora_oriental\view\reservation\listRequestsReservation.php:57
[2025-01-05 12:14:19] Error: 2 - Undefined array key "idTrip" en C:\xampp\htdocs\bitacora_oriental\view\reservation\listRequestsReservation.php:57
[2025-01-05 12:14:19] Error: 2 - Undefined array key "idTrip" en C:\xampp\htdocs\bitacora_oriental\view\reservation\listRequestsReservation.php:57
[2025-01-05 12:14:19] Error: 2 - Undefined array key "idTrip" en C:\xampp\htdocs\bitacora_oriental\view\reservation\listRequestsReservation.php:57
[2025-01-05 12:14:19] Error: 2 - Undefined array key "idTrip" en C:\xampp\htdocs\bitacora_oriental\view\reservation\listRequestsReservation.php:57
[2025-01-05 12:14:19] Error: 2 - Undefined array key "idTrip" en C:\xampp\htdocs\bitacora_oriental\view\reservation\listRequestsReservation.php:57
[2025-01-05 12:14:19] Error: 2 - Undefined array key "idTrip" en C:\xampp\htdocs\bitacora_oriental\view\reservation\listRequestsReservation.php:57
[2025-01-05 12:14:19] Error: 2 - Undefined array key "idTrip" en C:\xampp\htdocs\bitacora_oriental\view\reservation\listRequestsReservation.php:57
[2025-01-05 12:14:19] Error: 2 - Undefined array key "idTrip" en C:\xampp\htdocs\bitacora_oriental\view\reservation\listRequestsReservation.php:57
[2025-01-05 12:14:19] Error: 2 - Undefined array key "idTrip" en C:\xampp\htdocs\bitacora_oriental\view\reservation\listRequestsReservation.php:57
[2025-01-05 12:14:19] Error: 2 - Undefined array key "idTrip" en C:\xampp\htdocs\bitacora_oriental\view\reservation\listRequestsReservation.php:57
[2025-01-05 12:14:19] Error: 2 - Undefined array key "idTrip" en C:\xampp\htdocs\bitacora_oriental\view\reservation\listRequestsReservation.php:57
[2025-01-05 12:14:19] Error: 2 - Undefined array key "idTrip" en C:\xampp\htdocs\bitacora_oriental\view\reservation\listRequestsReservation.php:57
[2025-01-05 12:14:19] Error: 2 - Undefined array key "idTrip" en C:\xampp\htdocs\bitacora_oriental\view\reservation\listRequestsReservation.php:57
[2025-01-05 12:14:19] Error: 2 - Undefined array key "idTrip" en C:\xampp\htdocs\bitacora_oriental\view\reservation\listRequestsReservation.php:57
[2025-01-05 12:14:19] Error: 2 - Undefined array key "idTrip" en C:\xampp\htdocs\bitacora_oriental\view\reservation\listRequestsReservation.php:57
[2025-01-05 12:14:19] Error: 2 - Undefined array key "idTrip" en C:\xampp\htdocs\bitacora_oriental\view\reservation\listRequestsReservation.php:57
[2025-01-05 12:14:19] Error: 2 - Undefined array key "idTrip" en C:\xampp\htdocs\bitacora_oriental\view\reservation\listRequestsReservation.php:57
[2025-01-05 12:14:19] Error: 2 - Undefined array key "idTrip" en C:\xampp\htdocs\bitacora_oriental\view\reservation\listRequestsReservation.php:57
[2025-01-05 12:14:19] Error: 2 - Undefined array key "idTrip" en C:\xampp\htdocs\bitacora_oriental\view\reservation\listRequestsReservation.php:57
[2025-01-05 12:14:19] Error: 2 - Undefined array key "idTrip" en C:\xampp\htdocs\bitacora_oriental\view\reservation\listRequestsReservation.php:57
[2025-01-05 12:14:19] Error: 2 - Undefined array key "idTrip" en C:\xampp\htdocs\bitacora_oriental\view\reservation\listRequestsReservation.php:57
[2025-01-05 12:14:19] Error: 2 - Undefined array key "idTrip" en C:\xampp\htdocs\bitacora_oriental\view\reservation\listRequestsReservation.php:57
[2025-01-05 12:14:19] Error: 2 - Undefined array key "idTrip" en C:\xampp\htdocs\bitacora_oriental\view\reservation\listRequestsReservation.php:57
[2025-01-05 12:14:19] Error: 2 - Undefined array key "idTrip" en C:\xampp\htdocs\bitacora_oriental\view\reservation\listRequestsReservation.php:57
[2025-01-05 12:14:19] Error: 2 - Undefined array key "idTrip" en C:\xampp\htdocs\bitacora_oriental\view\reservation\listRequestsReservation.php:57
[2025-01-05 12:14:19] Error: 2 - Undefined array key "idTrip" en C:\xampp\htdocs\bitacora_oriental\view\reservation\listRequestsReservation.php:57
[2025-01-05 12:14:19] Error: 2 - Undefined array key "idTrip" en C:\xampp\htdocs\bitacora_oriental\view\reservation\listRequestsReservation.php:57
[2025-01-05 12:14:19] Error: 2 - Undefined array key "idTrip" en C:\xampp\htdocs\bitacora_oriental\view\reservation\listRequestsReservation.php:57
[2025-01-05 12:14:19] Error: 2 - Undefined array key "idTrip" en C:\xampp\htdocs\bitacora_oriental\view\reservation\listRequestsReservation.php:57
[2025-01-05 12:14:19] Error: 2 - Undefined array key "idTrip" en C:\xampp\htdocs\bitacora_oriental\view\reservation\listRequestsReservation.php:57
[2025-01-05 12:14:19] Error: 2 - Undefined array key "idTrip" en C:\xampp\htdocs\bitacora_oriental\view\reservation\listRequestsReservation.php:57
[2025-01-05 12:14:19] Error: 2 - Undefined array key "idTrip" en C:\xampp\htdocs\bitacora_oriental\view\reservation\listRequestsReservation.php:57
[2025-01-05 12:14:19] Error: 2 - Undefined array key "idTrip" en C:\xampp\htdocs\bitacora_oriental\view\reservation\listRequestsReservation.php:57
[2025-01-05 12:14:19] Error: 2 - Undefined array key "idTrip" en C:\xampp\htdocs\bitacora_oriental\view\reservation\listRequestsReservation.php:57
[2025-01-05 12:14:19] Error: 2 - Undefined array key "idTrip" en C:\xampp\htdocs\bitacora_oriental\view\reservation\listRequestsReservation.php:57
[2025-01-05 12:14:19] Error: 2 - Undefined array key "idTrip" en C:\xampp\htdocs\bitacora_oriental\view\reservation\listRequestsReservation.php:57
[2025-01-05 12:14:19] Error: 2 - Undefined array key "idTrip" en C:\xampp\htdocs\bitacora_oriental\view\reservation\listRequestsReservation.php:57
[2025-01-05 12:14:19] Error: 2 - Undefined array key "idTrip" en C:\xampp\htdocs\bitacora_oriental\view\reservation\listRequestsReservation.php:57
[2025-01-05 12:14:19] Error: 2 - Undefined array key "idTrip" en C:\xampp\htdocs\bitacora_oriental\view\reservation\listRequestsReservation.php:57
[2025-01-05 12:14:19] Error: 2 - Undefined array key "idTrip" en C:\xampp\htdocs\bitacora_oriental\view\reservation\listRequestsReservation.php:57
[2025-01-05 12:14:19] Error: 2 - Undefined array key "idTrip" en C:\xampp\htdocs\bitacora_oriental\view\reservation\listRequestsReservation.php:57
[2025-01-05 12:14:19] Error: 2 - Undefined array key "idTrip" en C:\xampp\htdocs\bitacora_oriental\view\reservation\listRequestsReservation.php:57
[2025-01-05 12:14:45] Error: 2 - Undefined array key "idTrip" en C:\xampp\htdocs\bitacora_oriental\view\reservation\listRequestsReservation.php:57
[2025-01-05 12:14:45] Error: 2 - Undefined array key "idTrip" en C:\xampp\htdocs\bitacora_oriental\view\reservation\listRequestsReservation.php:57
[2025-01-05 12:14:45] Error: 2 - Undefined array key "idTrip" en C:\xampp\htdocs\bitacora_oriental\view\reservation\listRequestsReservation.php:57
[2025-01-05 12:14:45] Error: 2 - Undefined array key "idTrip" en C:\xampp\htdocs\bitacora_oriental\view\reservation\listRequestsReservation.php:57
[2025-01-05 12:14:45] Error: 2 - Undefined array key "idTrip" en C:\xampp\htdocs\bitacora_oriental\view\reservation\listRequestsReservation.php:57
[2025-01-05 12:14:45] Error: 2 - Undefined array key "idTrip" en C:\xampp\htdocs\bitacora_oriental\view\reservation\listRequestsReservation.php:57
[2025-01-05 12:14:45] Error: 2 - Undefined array key "idTrip" en C:\xampp\htdocs\bitacora_oriental\view\reservation\listRequestsReservation.php:57
[2025-01-05 12:14:45] Error: 2 - Undefined array key "idTrip" en C:\xampp\htdocs\bitacora_oriental\view\reservation\listRequestsReservation.php:57
[2025-01-05 12:14:45] Error: 2 - Undefined array key "idTrip" en C:\xampp\htdocs\bitacora_oriental\view\reservation\listRequestsReservation.php:57
[2025-01-05 12:14:45] Error: 2 - Undefined array key "idTrip" en C:\xampp\htdocs\bitacora_oriental\view\reservation\listRequestsReservation.php:57
[2025-01-05 12:14:45] Error: 2 - Undefined array key "idTrip" en C:\xampp\htdocs\bitacora_oriental\view\reservation\listRequestsReservation.php:57
[2025-01-05 12:14:45] Error: 2 - Undefined array key "idTrip" en C:\xampp\htdocs\bitacora_oriental\view\reservation\listRequestsReservation.php:57
[2025-01-05 12:14:45] Error: 2 - Undefined array key "idTrip" en C:\xampp\htdocs\bitacora_oriental\view\reservation\listRequestsReservation.php:57
[2025-01-05 12:14:45] Error: 2 - Undefined array key "idTrip" en C:\xampp\htdocs\bitacora_oriental\view\reservation\listRequestsReservation.php:57
[2025-01-05 12:14:45] Error: 2 - Undefined array key "idTrip" en C:\xampp\htdocs\bitacora_oriental\view\reservation\listRequestsReservation.php:57
[2025-01-05 12:14:45] Error: 2 - Undefined array key "idTrip" en C:\xampp\htdocs\bitacora_oriental\view\reservation\listRequestsReservation.php:57
[2025-01-05 12:14:45] Error: 2 - Undefined array key "idTrip" en C:\xampp\htdocs\bitacora_oriental\view\reservation\listRequestsReservation.php:57
[2025-01-05 12:14:45] Error: 2 - Undefined array key "idTrip" en C:\xampp\htdocs\bitacora_oriental\view\reservation\listRequestsReservation.php:57
[2025-01-05 12:14:45] Error: 2 - Undefined array key "idTrip" en C:\xampp\htdocs\bitacora_oriental\view\reservation\listRequestsReservation.php:57
[2025-01-05 12:14:45] Error: 2 - Undefined array key "idTrip" en C:\xampp\htdocs\bitacora_oriental\view\reservation\listRequestsReservation.php:57
[2025-01-05 12:14:45] Error: 2 - Undefined array key "idTrip" en C:\xampp\htdocs\bitacora_oriental\view\reservation\listRequestsReservation.php:57
[2025-01-05 12:14:45] Error: 2 - Undefined array key "idTrip" en C:\xampp\htdocs\bitacora_oriental\view\reservation\listRequestsReservation.php:57
[2025-01-05 12:14:45] Error: 2 - Undefined array key "idTrip" en C:\xampp\htdocs\bitacora_oriental\view\reservation\listRequestsReservation.php:57
[2025-01-05 12:14:45] Error: 2 - Undefined array key "idTrip" en C:\xampp\htdocs\bitacora_oriental\view\reservation\listRequestsReservation.php:57
[2025-01-05 12:14:45] Error: 2 - Undefined array key "idTrip" en C:\xampp\htdocs\bitacora_oriental\view\reservation\listRequestsReservation.php:57
[2025-01-05 12:14:45] Error: 2 - Undefined array key "idTrip" en C:\xampp\htdocs\bitacora_oriental\view\reservation\listRequestsReservation.php:57
[2025-01-05 12:14:45] Error: 2 - Undefined array key "idTrip" en C:\xampp\htdocs\bitacora_oriental\view\reservation\listRequestsReservation.php:57
[2025-01-05 12:14:45] Error: 2 - Undefined array key "idTrip" en C:\xampp\htdocs\bitacora_oriental\view\reservation\listRequestsReservation.php:57
[2025-01-05 12:14:45] Error: 2 - Undefined array key "idTrip" en C:\xampp\htdocs\bitacora_oriental\view\reservation\listRequestsReservation.php:57
[2025-01-05 12:14:45] Error: 2 - Undefined array key "idTrip" en C:\xampp\htdocs\bitacora_oriental\view\reservation\listRequestsReservation.php:57
[2025-01-05 12:14:45] Error: 2 - Undefined array key "idTrip" en C:\xampp\htdocs\bitacora_oriental\view\reservation\listRequestsReservation.php:57
[2025-01-05 12:14:45] Error: 2 - Undefined array key "idTrip" en C:\xampp\htdocs\bitacora_oriental\view\reservation\listRequestsReservation.php:57
[2025-01-05 12:14:45] Error: 2 - Undefined array key "idTrip" en C:\xampp\htdocs\bitacora_oriental\view\reservation\listRequestsReservation.php:57
[2025-01-05 12:14:45] Error: 2 - Undefined array key "idTrip" en C:\xampp\htdocs\bitacora_oriental\view\reservation\listRequestsReservation.php:57
[2025-01-05 12:14:45] Error: 2 - Undefined array key "idTrip" en C:\xampp\htdocs\bitacora_oriental\view\reservation\listRequestsReservation.php:57
[2025-01-05 12:14:45] Error: 2 - Undefined array key "idTrip" en C:\xampp\htdocs\bitacora_oriental\view\reservation\listRequestsReservation.php:57
[2025-01-05 12:14:45] Error: 2 - Undefined array key "idTrip" en C:\xampp\htdocs\bitacora_oriental\view\reservation\listRequestsReservation.php:57
[2025-01-05 12:14:45] Error: 2 - Undefined array key "idTrip" en C:\xampp\htdocs\bitacora_oriental\view\reservation\listRequestsReservation.php:57
[2025-01-05 12:14:45] Error: 2 - Undefined array key "idTrip" en C:\xampp\htdocs\bitacora_oriental\view\reservation\listRequestsReservation.php:57
[2025-01-05 12:14:45] Error: 2 - Undefined array key "idTrip" en C:\xampp\htdocs\bitacora_oriental\view\reservation\listRequestsReservation.php:57
[2025-01-05 12:14:45] Error: 2 - Undefined array key "idTrip" en C:\xampp\htdocs\bitacora_oriental\view\reservation\listRequestsReservation.php:57
[2025-01-05 12:14:45] Error: 2 - Undefined array key "idTrip" en C:\xampp\htdocs\bitacora_oriental\view\reservation\listRequestsReservation.php:57
[2025-01-05 12:14:45] Error: 2 - Undefined array key "idTrip" en C:\xampp\htdocs\bitacora_oriental\view\reservation\listRequestsReservation.php:57
[2025-01-05 12:14:45] Error: 2 - Undefined array key "idTrip" en C:\xampp\htdocs\bitacora_oriental\view\reservation\listRequestsReservation.php:57
[2025-01-05 12:14:45] Error: 2 - Undefined array key "idTrip" en C:\xampp\htdocs\bitacora_oriental\view\reservation\listRequestsReservation.php:57
[2025-01-05 12:14:50] Error: 2 - Undefined array key "idTrip" en C:\xampp\htdocs\bitacora_oriental\view\reservation\listRequestsReservation.php:57
[2025-01-05 12:14:50] Error: 2 - Undefined array key "idTrip" en C:\xampp\htdocs\bitacora_oriental\view\reservation\listRequestsReservation.php:57
[2025-01-05 12:14:50] Error: 2 - Undefined array key "idTrip" en C:\xampp\htdocs\bitacora_oriental\view\reservation\listRequestsReservation.php:57
[2025-01-05 12:14:50] Error: 2 - Undefined array key "idTrip" en C:\xampp\htdocs\bitacora_oriental\view\reservation\listRequestsReservation.php:57
[2025-01-05 12:14:50] Error: 2 - Undefined array key "idTrip" en C:\xampp\htdocs\bitacora_oriental\view\reservation\listRequestsReservation.php:57
[2025-01-05 12:14:50] Error: 2 - Undefined array key "idTrip" en C:\xampp\htdocs\bitacora_oriental\view\reservation\listRequestsReservation.php:57
[2025-01-05 12:14:50] Error: 2 - Undefined array key "idTrip" en C:\xampp\htdocs\bitacora_oriental\view\reservation\listRequestsReservation.php:57
[2025-01-05 12:14:50] Error: 2 - Undefined array key "idTrip" en C:\xampp\htdocs\bitacora_oriental\view\reservation\listRequestsReservation.php:57
[2025-01-05 12:14:50] Error: 2 - Undefined array key "idTrip" en C:\xampp\htdocs\bitacora_oriental\view\reservation\listRequestsReservation.php:57
[2025-01-05 12:14:50] Error: 2 - Undefined array key "idTrip" en C:\xampp\htdocs\bitacora_oriental\view\reservation\listRequestsReservation.php:57
[2025-01-05 12:14:50] Error: 2 - Undefined array key "idTrip" en C:\xampp\htdocs\bitacora_oriental\view\reservation\listRequestsReservation.php:57
[2025-01-05 12:14:50] Error: 2 - Undefined array key "idTrip" en C:\xampp\htdocs\bitacora_oriental\view\reservation\listRequestsReservation.php:57
[2025-01-05 12:14:50] Error: 2 - Undefined array key "idTrip" en C:\xampp\htdocs\bitacora_oriental\view\reservation\listRequestsReservation.php:57
[2025-01-05 12:14:50] Error: 2 - Undefined array key "idTrip" en C:\xampp\htdocs\bitacora_oriental\view\reservation\listRequestsReservation.php:57
[2025-01-05 12:14:50] Error: 2 - Undefined array key "idTrip" en C:\xampp\htdocs\bitacora_oriental\view\reservation\listRequestsReservation.php:57
[2025-01-05 12:14:50] Error: 2 - Undefined array key "idTrip" en C:\xampp\htdocs\bitacora_oriental\view\reservation\listRequestsReservation.php:57
[2025-01-05 12:14:50] Error: 2 - Undefined array key "idTrip" en C:\xampp\htdocs\bitacora_oriental\view\reservation\listRequestsReservation.php:57
[2025-01-05 12:14:50] Error: 2 - Undefined array key "idTrip" en C:\xampp\htdocs\bitacora_oriental\view\reservation\listRequestsReservation.php:57
[2025-01-05 12:14:50] Error: 2 - Undefined array key "idTrip" en C:\xampp\htdocs\bitacora_oriental\view\reservation\listRequestsReservation.php:57
[2025-01-05 12:14:50] Error: 2 - Undefined array key "idTrip" en C:\xampp\htdocs\bitacora_oriental\view\reservation\listRequestsReservation.php:57
[2025-01-05 12:14:50] Error: 2 - Undefined array key "idTrip" en C:\xampp\htdocs\bitacora_oriental\view\reservation\listRequestsReservation.php:57
[2025-01-05 12:14:50] Error: 2 - Undefined array key "idTrip" en C:\xampp\htdocs\bitacora_oriental\view\reservation\listRequestsReservation.php:57
[2025-01-05 12:14:50] Error: 2 - Undefined array key "idTrip" en C:\xampp\htdocs\bitacora_oriental\view\reservation\listRequestsReservation.php:57
[2025-01-05 12:14:50] Error: 2 - Undefined array key "idTrip" en C:\xampp\htdocs\bitacora_oriental\view\reservation\listRequestsReservation.php:57
[2025-01-05 12:14:50] Error: 2 - Undefined array key "idTrip" en C:\xampp\htdocs\bitacora_oriental\view\reservation\listRequestsReservation.php:57
[2025-01-05 12:14:50] Error: 2 - Undefined array key "idTrip" en C:\xampp\htdocs\bitacora_oriental\view\reservation\listRequestsReservation.php:57
[2025-01-05 12:14:50] Error: 2 - Undefined array key "idTrip" en C:\xampp\htdocs\bitacora_oriental\view\reservation\listRequestsReservation.php:57
[2025-01-05 12:14:50] Error: 2 - Undefined array key "idTrip" en C:\xampp\htdocs\bitacora_oriental\view\reservation\listRequestsReservation.php:57
[2025-01-05 12:14:50] Error: 2 - Undefined array key "idTrip" en C:\xampp\htdocs\bitacora_oriental\view\reservation\listRequestsReservation.php:57
[2025-01-05 12:14:50] Error: 2 - Undefined array key "idTrip" en C:\xampp\htdocs\bitacora_oriental\view\reservation\listRequestsReservation.php:57
[2025-01-05 12:14:50] Error: 2 - Undefined array key "idTrip" en C:\xampp\htdocs\bitacora_oriental\view\reservation\listRequestsReservation.php:57
[2025-01-05 12:14:50] Error: 2 - Undefined array key "idTrip" en C:\xampp\htdocs\bitacora_oriental\view\reservation\listRequestsReservation.php:57
[2025-01-05 12:14:50] Error: 2 - Undefined array key "idTrip" en C:\xampp\htdocs\bitacora_oriental\view\reservation\listRequestsReservation.php:57
[2025-01-05 12:14:50] Error: 2 - Undefined array key "idTrip" en C:\xampp\htdocs\bitacora_oriental\view\reservation\listRequestsReservation.php:57
[2025-01-05 12:14:50] Error: 2 - Undefined array key "idTrip" en C:\xampp\htdocs\bitacora_oriental\view\reservation\listRequestsReservation.php:57
[2025-01-05 12:14:50] Error: 2 - Undefined array key "idTrip" en C:\xampp\htdocs\bitacora_oriental\view\reservation\listRequestsReservation.php:57
[2025-01-05 12:14:50] Error: 2 - Undefined array key "idTrip" en C:\xampp\htdocs\bitacora_oriental\view\reservation\listRequestsReservation.php:57
[2025-01-05 12:14:50] Error: 2 - Undefined array key "idTrip" en C:\xampp\htdocs\bitacora_oriental\view\reservation\listRequestsReservation.php:57
[2025-01-05 12:14:50] Error: 2 - Undefined array key "idTrip" en C:\xampp\htdocs\bitacora_oriental\view\reservation\listRequestsReservation.php:57
[2025-01-05 12:14:50] Error: 2 - Undefined array key "idTrip" en C:\xampp\htdocs\bitacora_oriental\view\reservation\listRequestsReservation.php:57
[2025-01-05 12:14:50] Error: 2 - Undefined array key "idTrip" en C:\xampp\htdocs\bitacora_oriental\view\reservation\listRequestsReservation.php:57
[2025-01-05 12:14:50] Error: 2 - Undefined array key "idTrip" en C:\xampp\htdocs\bitacora_oriental\view\reservation\listRequestsReservation.php:57
[2025-01-05 12:14:50] Error: 2 - Undefined array key "idTrip" en C:\xampp\htdocs\bitacora_oriental\view\reservation\listRequestsReservation.php:57
[2025-01-05 12:14:50] Error: 2 - Undefined array key "idTrip" en C:\xampp\htdocs\bitacora_oriental\view\reservation\listRequestsReservation.php:57
[2025-01-05 12:19:21] Error: 2 - Undefined array key "idTrip" en C:\xampp\htdocs\bitacora_oriental\view\reservation\listRequestsReservation.php:57
[2025-01-05 12:19:21] Error: 2 - Undefined array key "idTrip" en C:\xampp\htdocs\bitacora_oriental\view\reservation\listRequestsReservation.php:57
[2025-01-05 12:19:21] Error: 2 - Undefined array key "idTrip" en C:\xampp\htdocs\bitacora_oriental\view\reservation\listRequestsReservation.php:57
[2025-01-05 12:19:21] Error: 2 - Undefined array key "idTrip" en C:\xampp\htdocs\bitacora_oriental\view\reservation\listRequestsReservation.php:57
[2025-01-05 12:19:21] Error: 2 - Undefined array key "idTrip" en C:\xampp\htdocs\bitacora_oriental\view\reservation\listRequestsReservation.php:57
[2025-01-05 12:19:21] Error: 2 - Undefined array key "idTrip" en C:\xampp\htdocs\bitacora_oriental\view\reservation\listRequestsReservation.php:57
[2025-01-05 12:19:21] Error: 2 - Undefined array key "idTrip" en C:\xampp\htdocs\bitacora_oriental\view\reservation\listRequestsReservation.php:57
[2025-01-05 12:19:21] Error: 2 - Undefined array key "idTrip" en C:\xampp\htdocs\bitacora_oriental\view\reservation\listRequestsReservation.php:57
[2025-01-05 12:19:21] Error: 2 - Undefined array key "idTrip" en C:\xampp\htdocs\bitacora_oriental\view\reservation\listRequestsReservation.php:57
[2025-01-05 12:19:21] Error: 2 - Undefined array key "idTrip" en C:\xampp\htdocs\bitacora_oriental\view\reservation\listRequestsReservation.php:57
[2025-01-05 12:19:21] Error: 2 - Undefined array key "idTrip" en C:\xampp\htdocs\bitacora_oriental\view\reservation\listRequestsReservation.php:57
[2025-01-05 12:19:21] Error: 2 - Undefined array key "idTrip" en C:\xampp\htdocs\bitacora_oriental\view\reservation\listRequestsReservation.php:57
[2025-01-05 12:19:21] Error: 2 - Undefined array key "idTrip" en C:\xampp\htdocs\bitacora_oriental\view\reservation\listRequestsReservation.php:57
[2025-01-05 12:19:21] Error: 2 - Undefined array key "idTrip" en C:\xampp\htdocs\bitacora_oriental\view\reservation\listRequestsReservation.php:57
[2025-01-05 12:19:21] Error: 2 - Undefined array key "idTrip" en C:\xampp\htdocs\bitacora_oriental\view\reservation\listRequestsReservation.php:57
[2025-01-05 12:19:21] Error: 2 - Undefined array key "idTrip" en C:\xampp\htdocs\bitacora_oriental\view\reservation\listRequestsReservation.php:57
[2025-01-05 12:19:21] Error: 2 - Undefined array key "idTrip" en C:\xampp\htdocs\bitacora_oriental\view\reservation\listRequestsReservation.php:57
[2025-01-05 12:19:21] Error: 2 - Undefined array key "idTrip" en C:\xampp\htdocs\bitacora_oriental\view\reservation\listRequestsReservation.php:57
[2025-01-05 12:19:21] Error: 2 - Undefined array key "idTrip" en C:\xampp\htdocs\bitacora_oriental\view\reservation\listRequestsReservation.php:57
[2025-01-05 12:19:21] Error: 2 - Undefined array key "idTrip" en C:\xampp\htdocs\bitacora_oriental\view\reservation\listRequestsReservation.php:57
[2025-01-05 12:19:21] Error: 2 - Undefined array key "idTrip" en C:\xampp\htdocs\bitacora_oriental\view\reservation\listRequestsReservation.php:57
[2025-01-05 12:19:21] Error: 2 - Undefined array key "idTrip" en C:\xampp\htdocs\bitacora_oriental\view\reservation\listRequestsReservation.php:57
[2025-01-05 12:19:21] Error: 2 - Undefined array key "idTrip" en C:\xampp\htdocs\bitacora_oriental\view\reservation\listRequestsReservation.php:57
[2025-01-05 12:19:21] Error: 2 - Undefined array key "idTrip" en C:\xampp\htdocs\bitacora_oriental\view\reservation\listRequestsReservation.php:57
[2025-01-05 12:19:21] Error: 2 - Undefined array key "idTrip" en C:\xampp\htdocs\bitacora_oriental\view\reservation\listRequestsReservation.php:57
[2025-01-05 12:19:21] Error: 2 - Undefined array key "idTrip" en C:\xampp\htdocs\bitacora_oriental\view\reservation\listRequestsReservation.php:57
[2025-01-05 12:19:21] Error: 2 - Undefined array key "idTrip" en C:\xampp\htdocs\bitacora_oriental\view\reservation\listRequestsReservation.php:57
[2025-01-05 12:19:21] Error: 2 - Undefined array key "idTrip" en C:\xampp\htdocs\bitacora_oriental\view\reservation\listRequestsReservation.php:57
[2025-01-05 12:19:21] Error: 2 - Undefined array key "idTrip" en C:\xampp\htdocs\bitacora_oriental\view\reservation\listRequestsReservation.php:57
[2025-01-05 12:19:21] Error: 2 - Undefined array key "idTrip" en C:\xampp\htdocs\bitacora_oriental\view\reservation\listRequestsReservation.php:57
[2025-01-05 12:19:21] Error: 2 - Undefined array key "idTrip" en C:\xampp\htdocs\bitacora_oriental\view\reservation\listRequestsReservation.php:57
[2025-01-05 12:19:21] Error: 2 - Undefined array key "idTrip" en C:\xampp\htdocs\bitacora_oriental\view\reservation\listRequestsReservation.php:57
[2025-01-05 12:19:21] Error: 2 - Undefined array key "idTrip" en C:\xampp\htdocs\bitacora_oriental\view\reservation\listRequestsReservation.php:57
[2025-01-05 12:19:21] Error: 2 - Undefined array key "idTrip" en C:\xampp\htdocs\bitacora_oriental\view\reservation\listRequestsReservation.php:57
[2025-01-05 12:19:21] Error: 2 - Undefined array key "idTrip" en C:\xampp\htdocs\bitacora_oriental\view\reservation\listRequestsReservation.php:57
[2025-01-05 12:19:21] Error: 2 - Undefined array key "idTrip" en C:\xampp\htdocs\bitacora_oriental\view\reservation\listRequestsReservation.php:57
[2025-01-05 12:19:21] Error: 2 - Undefined array key "idTrip" en C:\xampp\htdocs\bitacora_oriental\view\reservation\listRequestsReservation.php:57
[2025-01-05 12:19:21] Error: 2 - Undefined array key "idTrip" en C:\xampp\htdocs\bitacora_oriental\view\reservation\listRequestsReservation.php:57
[2025-01-05 12:19:21] Error: 2 - Undefined array key "idTrip" en C:\xampp\htdocs\bitacora_oriental\view\reservation\listRequestsReservation.php:57
[2025-01-05 12:19:21] Error: 2 - Undefined array key "idTrip" en C:\xampp\htdocs\bitacora_oriental\view\reservation\listRequestsReservation.php:57
[2025-01-05 12:19:21] Error: 2 - Undefined array key "idTrip" en C:\xampp\htdocs\bitacora_oriental\view\reservation\listRequestsReservation.php:57
[2025-01-05 12:31:48] Error: 2 - Undefined array key "idTrip" en C:\xampp\htdocs\bitacora_oriental\view\reservation\listRequestsReservation.php:57
[2025-01-05 12:31:48] Error: 2 - Undefined array key "idTrip" en C:\xampp\htdocs\bitacora_oriental\view\reservation\listRequestsReservation.php:57
[2025-01-05 12:31:48] Error: 2 - Undefined array key "idTrip" en C:\xampp\htdocs\bitacora_oriental\view\reservation\listRequestsReservation.php:57
[2025-01-05 12:31:48] Error: 2 - Undefined array key "idTrip" en C:\xampp\htdocs\bitacora_oriental\view\reservation\listRequestsReservation.php:57
[2025-01-05 12:31:48] Error: 2 - Undefined array key "idTrip" en C:\xampp\htdocs\bitacora_oriental\view\reservation\listRequestsReservation.php:57
[2025-01-05 12:31:48] Error: 2 - Undefined array key "idTrip" en C:\xampp\htdocs\bitacora_oriental\view\reservation\listRequestsReservation.php:57
[2025-01-05 12:31:48] Error: 2 - Undefined array key "idTrip" en C:\xampp\htdocs\bitacora_oriental\view\reservation\listRequestsReservation.php:57
[2025-01-05 12:31:48] Error: 2 - Undefined array key "idTrip" en C:\xampp\htdocs\bitacora_oriental\view\reservation\listRequestsReservation.php:57
[2025-01-05 12:31:48] Error: 2 - Undefined array key "idTrip" en C:\xampp\htdocs\bitacora_oriental\view\reservation\listRequestsReservation.php:57
[2025-01-05 12:31:48] Error: 2 - Undefined array key "idTrip" en C:\xampp\htdocs\bitacora_oriental\view\reservation\listRequestsReservation.php:57
[2025-01-05 12:31:48] Error: 2 - Undefined array key "idTrip" en C:\xampp\htdocs\bitacora_oriental\view\reservation\listRequestsReservation.php:57
[2025-01-05 12:31:48] Error: 2 - Undefined array key "idTrip" en C:\xampp\htdocs\bitacora_oriental\view\reservation\listRequestsReservation.php:57
[2025-01-05 12:31:48] Error: 2 - Undefined array key "idTrip" en C:\xampp\htdocs\bitacora_oriental\view\reservation\listRequestsReservation.php:57
[2025-01-05 12:31:48] Error: 2 - Undefined array key "idTrip" en C:\xampp\htdocs\bitacora_oriental\view\reservation\listRequestsReservation.php:57
[2025-01-05 12:31:48] Error: 2 - Undefined array key "idTrip" en C:\xampp\htdocs\bitacora_oriental\view\reservation\listRequestsReservation.php:57
[2025-01-05 12:31:48] Error: 2 - Undefined array key "idTrip" en C:\xampp\htdocs\bitacora_oriental\view\reservation\listRequestsReservation.php:57
[2025-01-05 12:31:48] Error: 2 - Undefined array key "idTrip" en C:\xampp\htdocs\bitacora_oriental\view\reservation\listRequestsReservation.php:57
[2025-01-05 12:31:48] Error: 2 - Undefined array key "idTrip" en C:\xampp\htdocs\bitacora_oriental\view\reservation\listRequestsReservation.php:57
[2025-01-05 12:31:48] Error: 2 - Undefined array key "idTrip" en C:\xampp\htdocs\bitacora_oriental\view\reservation\listRequestsReservation.php:57
[2025-01-05 12:31:48] Error: 2 - Undefined array key "idTrip" en C:\xampp\htdocs\bitacora_oriental\view\reservation\listRequestsReservation.php:57
[2025-01-05 12:31:48] Error: 2 - Undefined array key "idTrip" en C:\xampp\htdocs\bitacora_oriental\view\reservation\listRequestsReservation.php:57
[2025-01-05 12:31:48] Error: 2 - Undefined array key "idTrip" en C:\xampp\htdocs\bitacora_oriental\view\reservation\listRequestsReservation.php:57
[2025-01-05 12:31:48] Error: 2 - Undefined array key "idTrip" en C:\xampp\htdocs\bitacora_oriental\view\reservation\listRequestsReservation.php:57
[2025-01-05 12:31:48] Error: 2 - Undefined array key "idTrip" en C:\xampp\htdocs\bitacora_oriental\view\reservation\listRequestsReservation.php:57
[2025-01-05 12:31:48] Error: 2 - Undefined array key "idTrip" en C:\xampp\htdocs\bitacora_oriental\view\reservation\listRequestsReservation.php:57
[2025-01-05 12:31:48] Error: 2 - Undefined array key "idTrip" en C:\xampp\htdocs\bitacora_oriental\view\reservation\listRequestsReservation.php:57
[2025-01-05 12:31:48] Error: 2 - Undefined array key "idTrip" en C:\xampp\htdocs\bitacora_oriental\view\reservation\listRequestsReservation.php:57
[2025-01-05 12:31:48] Error: 2 - Undefined array key "idTrip" en C:\xampp\htdocs\bitacora_oriental\view\reservation\listRequestsReservation.php:57
[2025-01-05 12:31:48] Error: 2 - Undefined array key "idTrip" en C:\xampp\htdocs\bitacora_oriental\view\reservation\listRequestsReservation.php:57
[2025-01-05 12:31:48] Error: 2 - Undefined array key "idTrip" en C:\xampp\htdocs\bitacora_oriental\view\reservation\listRequestsReservation.php:57
[2025-01-05 12:31:48] Error: 2 - Undefined array key "idTrip" en C:\xampp\htdocs\bitacora_oriental\view\reservation\listRequestsReservation.php:57
[2025-01-05 12:31:48] Error: 2 - Undefined array key "idTrip" en C:\xampp\htdocs\bitacora_oriental\view\reservation\listRequestsReservation.php:57
[2025-01-05 12:31:48] Error: 2 - Undefined array key "idTrip" en C:\xampp\htdocs\bitacora_oriental\view\reservation\listRequestsReservation.php:57
[2025-01-05 12:31:48] Error: 2 - Undefined array key "idTrip" en C:\xampp\htdocs\bitacora_oriental\view\reservation\listRequestsReservation.php:57
[2025-01-05 12:31:48] Error: 2 - Undefined array key "idTrip" en C:\xampp\htdocs\bitacora_oriental\view\reservation\listRequestsReservation.php:57
[2025-01-05 12:31:48] Error: 2 - Undefined array key "idTrip" en C:\xampp\htdocs\bitacora_oriental\view\reservation\listRequestsReservation.php:57
[2025-01-05 12:31:48] Error: 2 - Undefined array key "idTrip" en C:\xampp\htdocs\bitacora_oriental\view\reservation\listRequestsReservation.php:57
[2025-01-05 12:31:48] Error: 2 - Undefined array key "idTrip" en C:\xampp\htdocs\bitacora_oriental\view\reservation\listRequestsReservation.php:57
[2025-01-05 12:31:48] Error: 2 - Undefined array key "idTrip" en C:\xampp\htdocs\bitacora_oriental\view\reservation\listRequestsReservation.php:57
[2025-01-05 12:31:48] Error: 2 - Undefined array key "idTrip" en C:\xampp\htdocs\bitacora_oriental\view\reservation\listRequestsReservation.php:57
[2025-01-05 12:31:48] Error: 2 - Undefined array key "idTrip" en C:\xampp\htdocs\bitacora_oriental\view\reservation\listRequestsReservation.php:57
[2025-01-05 12:59:43] Error: 2 - Undefined array key "idTrip" en C:\xampp\htdocs\bitacora_oriental\controller\reservation.php:65
[2025-01-05 12:59:56] Error: 2 - Undefined array key "idTrip" en C:\xampp\htdocs\bitacora_oriental\controller\reservation.php:65
[2025-01-05 13:48:09] Error: 2 - Undefined variable $sms en C:\xampp\htdocs\bitacora_oriental\model\reservation.php:324
[2025-01-05 13:48:36] Error: 2 - Undefined variable $sms en C:\xampp\htdocs\bitacora_oriental\model\reservation.php:324
[2025-01-05 13:54:20] Error: 1024 - 2 - La dirección (URL) del controlador no existe. en C:\xampp\htdocs\bitacora_oriental\index.php:91
[2025-01-05 14:48:51] Error: 2 - require_once(C:\xampp\htdocs\bitacora_oriental\config/../view/reservation/a.php): Failed to open stream: No such file or directory en C:\xampp\htdocs\bitacora_oriental\index.php:116
[2025-01-05 14:57:16] Error: 1024 - 2 - La dirección (URL) del controlador no existe. en C:\xampp\htdocs\bitacora_oriental\index.php:91
[2025-01-05 16:37:56] Error: 2 - Undefined array key "privilege" en C:\xampp\htdocs\bitacora_oriental_SAas\view\template\header.php:40
[2025-01-05 16:37:56] Error: 2 - Undefined array key "privilege" en C:\xampp\htdocs\bitacora_oriental_SAas\view\template\header.php:40
[2025-01-05 16:37:56] Error: 2 - Undefined array key "privilege" en C:\xampp\htdocs\bitacora_oriental_SAas\view\template\headerTourist.php:35
[2025-01-05 16:37:56] Error: 2 - Undefined array key "privilege" en C:\xampp\htdocs\bitacora_oriental_SAas\view\template\footer.php:8
[2025-01-05 16:37:56] Error: 2 - Undefined array key "privilege" en C:\xampp\htdocs\bitacora_oriental_SAas\view\template\footer.php:8
[2025-01-05 16:38:09] Error: 2 - Undefined array key "privilege" en C:\xampp\htdocs\bitacora_oriental_SAas\view\template\header.php:40
[2025-01-05 16:38:09] Error: 2 - Undefined array key "privilege" en C:\xampp\htdocs\bitacora_oriental_SAas\view\template\header.php:40
[2025-01-05 16:38:09] Error: 2 - Undefined array key "privilege" en C:\xampp\htdocs\bitacora_oriental_SAas\view\template\headerTourist.php:35
[2025-01-05 16:38:09] Error: 2 - Undefined array key "privilege" en C:\xampp\htdocs\bitacora_oriental_SAas\view\template\footer.php:8
[2025-01-05 16:38:09] Error: 2 - Undefined array key "privilege" en C:\xampp\htdocs\bitacora_oriental_SAas\view\template\footer.php:8
[2025-01-05 16:40:44] Error: 2 - Undefined array key "privilege" en C:\xampp\htdocs\bitacora_oriental_SAas\view\template\header.php:40
[2025-01-05 16:40:44] Error: 2 - Undefined array key "privilege" en C:\xampp\htdocs\bitacora_oriental_SAas\view\template\header.php:40
[2025-01-05 16:40:44] Error: 2 - Undefined array key "privilege" en C:\xampp\htdocs\bitacora_oriental_SAas\view\template\headerTourist.php:35
[2025-01-05 16:40:44] Error: 2 - Undefined array key "privilege" en C:\xampp\htdocs\bitacora_oriental_SAas\view\template\footer.php:8
[2025-01-05 16:40:44] Error: 2 - Undefined array key "privilege" en C:\xampp\htdocs\bitacora_oriental_SAas\view\template\footer.php:8
[2025-01-05 16:42:16] Error: 2 - Undefined array key "privilege" en C:\xampp\htdocs\bitacora_oriental_SAas\view\template\header.php:40
[2025-01-05 16:42:16] Error: 2 - Undefined array key "privilege" en C:\xampp\htdocs\bitacora_oriental_SAas\view\template\header.php:40
[2025-01-05 16:42:16] Error: 2 - Undefined array key "privilege" en C:\xampp\htdocs\bitacora_oriental_SAas\view\template\footer.php:8
[2025-01-05 16:42:16] Error: 2 - Undefined array key "privilege" en C:\xampp\htdocs\bitacora_oriental_SAas\view\template\footer.php:8
[2025-01-05 16:46:47] Error: 2 - require_once(C:\xampp\htdocs\bitacora_oriental_SAas\config/../view/reservation/a.php): Failed to open stream: No such file or directory en C:\xampp\htdocs\bitacora_oriental_SAas\index.php:116
[2025-01-05 16:47:54] Error: 2 - require_once(C:\xampp\htdocs\bitacora_oriental_SAas\config/../view/reservation/a.php): Failed to open stream: No such file or directory en C:\xampp\htdocs\bitacora_oriental_SAas\index.php:116
[2025-01-05 17:01:40] Error: 1024 - 2 - La dirección (URL) del controlador no existe. en C:\xampp\htdocs\bitacora_oriental_SAas\index.php:91
[2025-01-05 17:02:11] Error: 1024 - 2 - La dirección (URL) del controlador no existe. en C:\xampp\htdocs\bitacora_oriental_SAas\index.php:91
[2025-01-06 08:17:07] Error: 2 - Undefined array key "vacant " en C:\xampp\htdocs\bitacora_oriental\view\dashboard\dashboard.php:55
[2025-01-06 08:17:07] Error: 2 - Undefined array key "vacant " en C:\xampp\htdocs\bitacora_oriental\view\dashboard\dashboard.php:57
[2025-01-06 08:17:07] Error: 2 - Undefined array key "vacant " en C:\xampp\htdocs\bitacora_oriental\view\dashboard\dashboard.php:59
[2025-01-06 08:17:07] Error: 2 - Undefined array key "vacant " en C:\xampp\htdocs\bitacora_oriental\view\dashboard\dashboard.php:61
[2025-01-06 08:17:07] Error: 2 - Undefined array key "vacant " en C:\xampp\htdocs\bitacora_oriental\view\dashboard\dashboard.php:55
[2025-01-06 08:17:07] Error: 2 - Undefined array key "vacant " en C:\xampp\htdocs\bitacora_oriental\view\dashboard\dashboard.php:57
[2025-01-06 08:17:07] Error: 2 - Undefined array key "vacant " en C:\xampp\htdocs\bitacora_oriental\view\dashboard\dashboard.php:59
[2025-01-06 08:17:07] Error: 2 - Undefined array key "vacant " en C:\xampp\htdocs\bitacora_oriental\view\dashboard\dashboard.php:61
[2025-01-06 08:17:07] Error: 2 - Undefined array key "vacant " en C:\xampp\htdocs\bitacora_oriental\view\dashboard\dashboard.php:55
[2025-01-06 08:17:07] Error: 2 - Undefined array key "vacant " en C:\xampp\htdocs\bitacora_oriental\view\dashboard\dashboard.php:57
[2025-01-06 08:17:07] Error: 2 - Undefined array key "vacant " en C:\xampp\htdocs\bitacora_oriental\view\dashboard\dashboard.php:59
[2025-01-06 08:17:07] Error: 2 - Undefined array key "vacant " en C:\xampp\htdocs\bitacora_oriental\view\dashboard\dashboard.php:61
[2025-01-06 08:17:26] Error: 2 - Undefined array key "vacant " en C:\xampp\htdocs\bitacora_oriental\view\dashboard\dashboard.php:55
[2025-01-06 08:17:26] Error: 2 - Undefined array key "vacant " en C:\xampp\htdocs\bitacora_oriental\view\dashboard\dashboard.php:57
[2025-01-06 08:17:26] Error: 2 - Undefined array key "vacant " en C:\xampp\htdocs\bitacora_oriental\view\dashboard\dashboard.php:59
[2025-01-06 08:17:26] Error: 2 - Undefined array key "vacant " en C:\xampp\htdocs\bitacora_oriental\view\dashboard\dashboard.php:61
[2025-01-06 08:17:26] Error: 2 - Undefined array key "vacant " en C:\xampp\htdocs\bitacora_oriental\view\dashboard\dashboard.php:55
[2025-01-06 08:17:26] Error: 2 - Undefined array key "vacant " en C:\xampp\htdocs\bitacora_oriental\view\dashboard\dashboard.php:57
[2025-01-06 08:17:26] Error: 2 - Undefined array key "vacant " en C:\xampp\htdocs\bitacora_oriental\view\dashboard\dashboard.php:59
[2025-01-06 08:17:26] Error: 2 - Undefined array key "vacant " en C:\xampp\htdocs\bitacora_oriental\view\dashboard\dashboard.php:61
[2025-01-06 08:17:26] Error: 2 - Undefined array key "vacant " en C:\xampp\htdocs\bitacora_oriental\view\dashboard\dashboard.php:55
[2025-01-06 08:17:26] Error: 2 - Undefined array key "vacant " en C:\xampp\htdocs\bitacora_oriental\view\dashboard\dashboard.php:57
[2025-01-06 08:17:27] Error: 2 - Undefined array key "vacant " en C:\xampp\htdocs\bitacora_oriental\view\dashboard\dashboard.php:59
[2025-01-06 08:17:27] Error: 2 - Undefined array key "vacant " en C:\xampp\htdocs\bitacora_oriental\view\dashboard\dashboard.php:61
[2025-01-06 08:18:35] Error: 2 - Undefined array key "vacant " en C:\xampp\htdocs\bitacora_oriental\view\dashboard\dashboard.php:55
[2025-01-06 08:18:35] Error: 2 - Undefined array key "vacant " en C:\xampp\htdocs\bitacora_oriental\view\dashboard\dashboard.php:57
[2025-01-06 08:18:35] Error: 2 - Undefined array key "vacant " en C:\xampp\htdocs\bitacora_oriental\view\dashboard\dashboard.php:59
[2025-01-06 08:18:35] Error: 2 - Undefined array key "vacant " en C:\xampp\htdocs\bitacora_oriental\view\dashboard\dashboard.php:61
[2025-01-06 08:18:35] Error: 2 - Undefined array key "vacant " en C:\xampp\htdocs\bitacora_oriental\view\dashboard\dashboard.php:55
[2025-01-06 08:18:35] Error: 2 - Undefined array key "vacant " en C:\xampp\htdocs\bitacora_oriental\view\dashboard\dashboard.php:57
[2025-01-06 08:18:35] Error: 2 - Undefined array key "vacant " en C:\xampp\htdocs\bitacora_oriental\view\dashboard\dashboard.php:59
[2025-01-06 08:18:35] Error: 2 - Undefined array key "vacant " en C:\xampp\htdocs\bitacora_oriental\view\dashboard\dashboard.php:61
[2025-01-06 08:18:35] Error: 2 - Undefined array key "vacant " en C:\xampp\htdocs\bitacora_oriental\view\dashboard\dashboard.php:55
[2025-01-06 08:18:35] Error: 2 - Undefined array key "vacant " en C:\xampp\htdocs\bitacora_oriental\view\dashboard\dashboard.php:57
[2025-01-06 08:18:35] Error: 2 - Undefined array key "vacant " en C:\xampp\htdocs\bitacora_oriental\view\dashboard\dashboard.php:59
[2025-01-06 08:18:35] Error: 2 - Undefined array key "vacant " en C:\xampp\htdocs\bitacora_oriental\view\dashboard\dashboard.php:61
[2025-01-06 10:46:32] Error: 2 - Undefined array key "idTrip" en C:\xampp\htdocs\bitacora_oriental\controller\reservation.php:74
[2025-01-06 10:46:32] Error: 2 - Undefined variable $sms en C:\xampp\htdocs\bitacora_oriental\model\reservation.php:279
[2025-01-06 10:46:32] Error: 2 - require_once(C:\xampp\htdocs\bitacora_oriental\config/../view/reservation/a.php): Failed to open stream: No such file or directory en C:\xampp\htdocs\bitacora_oriental\index.php:116
[2025-01-06 10:46:32] Error: 2 - Undefined array key "idTrip" en C:\xampp\htdocs\bitacora_oriental\controller\reservation.php:74
[2025-01-06 10:46:32] Error: 2 - Undefined variable $sms en C:\xampp\htdocs\bitacora_oriental\model\reservation.php:279
[2025-01-06 10:46:32] Error: 2 - require_once(C:\xampp\htdocs\bitacora_oriental\config/../view/reservation/a.php): Failed to open stream: No such file or directory en C:\xampp\htdocs\bitacora_oriental\index.php:116
[2025-01-06 12:23:59] Error: 2 - require_once(C:\xampp\htdocs\bitacora_oriental\config/../view/reservation/a.php): Failed to open stream: No such file or directory en C:\xampp\htdocs\bitacora_oriental\index.php:116
[2025-01-06 12:30:43] Error: 2 - Undefined array key "includeMinor" en C:\xampp\htdocs\bitacora_oriental\model\reservation.php:116
[2025-01-06 12:30:43] Error: 2 - Undefined array key "includeMinor" en C:\xampp\htdocs\bitacora_oriental\model\reservation.php:122
[2025-01-06 12:34:04] Error: 2 - Undefined array key "includeMinor" en C:\xampp\htdocs\bitacora_oriental\model\reservation.php:116
[2025-01-06 12:34:04] Error: 2 - Undefined array key "includeMinor" en C:\xampp\htdocs\bitacora_oriental\model\reservation.php:122
[2025-01-06 12:54:41] Error: 2 - Undefined array key "includeMinor" en C:\xampp\htdocs\bitacora_oriental\model\reservation.php:102
[2025-01-06 12:54:41] Error: 2 - Undefined array key "includeMinor" en C:\xampp\htdocs\bitacora_oriental\model\reservation.php:119
[2025-01-06 12:55:42] Error: 2 - Undefined array key "includeMinor" en C:\xampp\htdocs\bitacora_oriental\model\reservation.php:102
[2025-01-06 12:55:42] Error: 2 - Undefined array key "includeMinor" en C:\xampp\htdocs\bitacora_oriental\model\reservation.php:119
[2025-01-06 12:56:40] Error: 2 - Undefined array key "includeMinor" en C:\xampp\htdocs\bitacora_oriental\model\reservation.php:102
[2025-01-06 12:59:08] Error: 2 - Undefined array key "includeMinor" en C:\xampp\htdocs\bitacora_oriental\model\reservation.php:102
[2025-01-06 13:21:16] Error: 2 - Undefined array key "includeMinor" en C:\xampp\htdocs\bitacora_oriental\model\reservation.php:102
[2025-01-06 13:21:40] Error: 2 - Undefined array key "includeMinor" en C:\xampp\htdocs\bitacora_oriental\model\reservation.php:102
[2025-01-06 13:34:47] Error: 2 - Undefined array key "includeMinor" en C:\xampp\htdocs\bitacora_oriental\model\reservation.php:102
[2025-01-06 13:35:51] Error: 2 - Undefined array key "includeMinor" en C:\xampp\htdocs\bitacora_oriental\model\reservation.php:102
[2025-01-06 13:36:27] Error: 2 - Undefined array key "includeMinor" en C:\xampp\htdocs\bitacora_oriental\model\reservation.php:102
[2025-01-06 14:03:50] Error: 2 - Undefined array key 1 en C:\xampp\htdocs\bitacora_oriental\model\reservation.php:179
[2025-01-06 14:03:50] Error: 2 - Undefined array key 2 en C:\xampp\htdocs\bitacora_oriental\model\reservation.php:179
[2025-01-06 14:03:50] Error: 2 - Undefined array key 1 en C:\xampp\htdocs\bitacora_oriental\model\reservation.php:179
[2025-01-06 14:03:50] Error: 2 - Undefined array key 2 en C:\xampp\htdocs\bitacora_oriental\model\reservation.php:179
[2025-01-06 14:04:32] Error: 2 - Undefined array key 1 en C:\xampp\htdocs\bitacora_oriental\model\reservation.php:179
[2025-01-06 14:04:32] Error: 2 - Undefined array key 2 en C:\xampp\htdocs\bitacora_oriental\model\reservation.php:179
[2025-01-06 14:04:32] Error: 2 - Undefined array key 1 en C:\xampp\htdocs\bitacora_oriental\model\reservation.php:179
[2025-01-06 14:04:32] Error: 2 - Undefined array key 2 en C:\xampp\htdocs\bitacora_oriental\model\reservation.php:179
[2025-01-06 14:11:55] Error: 2 - Undefined array key 1 en C:\xampp\htdocs\bitacora_oriental\model\reservation.php:179
[2025-01-06 14:11:55] Error: 2 - Undefined array key 2 en C:\xampp\htdocs\bitacora_oriental\model\reservation.php:179
[2025-01-06 14:11:55] Error: 2 - Undefined array key 1 en C:\xampp\htdocs\bitacora_oriental\model\reservation.php:179
[2025-01-06 14:11:55] Error: 2 - Undefined array key 2 en C:\xampp\htdocs\bitacora_oriental\model\reservation.php:179
[2025-01-06 14:12:18] Error: 2 - Undefined array key 1 en C:\xampp\htdocs\bitacora_oriental\model\reservation.php:179
[2025-01-06 14:12:18] Error: 2 - Undefined array key 2 en C:\xampp\htdocs\bitacora_oriental\model\reservation.php:179
[2025-01-06 14:13:33] Error: 2 - Undefined array key 1 en C:\xampp\htdocs\bitacora_oriental\model\reservation.php:179
[2025-01-06 14:13:33] Error: 2 - Undefined array key 2 en C:\xampp\htdocs\bitacora_oriental\model\reservation.php:179
[2025-01-06 14:13:33] Error: 2 - Undefined array key 1 en C:\xampp\htdocs\bitacora_oriental\model\reservation.php:179
[2025-01-06 14:13:33] Error: 2 - Undefined array key 2 en C:\xampp\htdocs\bitacora_oriental\model\reservation.php:179
[2025-01-06 14:13:33] Error: 2 - Undefined array key 1 en C:\xampp\htdocs\bitacora_oriental\model\reservation.php:179
[2025-01-06 14:13:33] Error: 2 - Undefined array key 2 en C:\xampp\htdocs\bitacora_oriental\model\reservation.php:179
[2025-01-06 14:13:33] Error: 2 - Undefined array key 1 en C:\xampp\htdocs\bitacora_oriental\model\reservation.php:179
[2025-01-06 14:13:33] Error: 2 - Undefined array key 2 en C:\xampp\htdocs\bitacora_oriental\model\reservation.php:179
[2025-01-06 14:13:33] Error: 2 - Undefined array key 1 en C:\xampp\htdocs\bitacora_oriental\model\reservation.php:179
[2025-01-06 14:13:33] Error: 2 - Undefined array key 2 en C:\xampp\htdocs\bitacora_oriental\model\reservation.php:179
[2025-01-06 14:13:33] Error: 2 - Undefined array key 1 en C:\xampp\htdocs\bitacora_oriental\model\reservation.php:179
[2025-01-06 14:13:33] Error: 2 - Undefined array key 2 en C:\xampp\htdocs\bitacora_oriental\model\reservation.php:179
[2025-01-06 14:13:56] Error: 2 - Undefined array key 1 en C:\xampp\htdocs\bitacora_oriental\model\reservation.php:179
[2025-01-06 14:13:56] Error: 2 - Undefined array key 2 en C:\xampp\htdocs\bitacora_oriental\model\reservation.php:179
[2025-01-06 14:13:56] Error: 2 - Undefined array key 1 en C:\xampp\htdocs\bitacora_oriental\model\reservation.php:179
[2025-01-06 14:13:56] Error: 2 - Undefined array key 2 en C:\xampp\htdocs\bitacora_oriental\model\reservation.php:179
[2025-01-06 14:13:56] Error: 2 - Undefined array key 1 en C:\xampp\htdocs\bitacora_oriental\model\reservation.php:179
[2025-01-06 14:13:56] Error: 2 - Undefined array key 2 en C:\xampp\htdocs\bitacora_oriental\model\reservation.php:179
[2025-01-06 14:13:56] Error: 2 - Undefined array key 1 en C:\xampp\htdocs\bitacora_oriental\model\reservation.php:179
[2025-01-06 14:13:56] Error: 2 - Undefined array key 2 en C:\xampp\htdocs\bitacora_oriental\model\reservation.php:179
[2025-01-06 14:13:56] Error: 2 - Undefined array key 1 en C:\xampp\htdocs\bitacora_oriental\model\reservation.php:179
[2025-01-06 14:13:56] Error: 2 - Undefined array key 2 en C:\xampp\htdocs\bitacora_oriental\model\reservation.php:179
[2025-01-06 14:13:56] Error: 2 - Undefined array key 1 en C:\xampp\htdocs\bitacora_oriental\model\reservation.php:179
[2025-01-06 14:13:56] Error: 2 - Undefined array key 2 en C:\xampp\htdocs\bitacora_oriental\model\reservation.php:179
[2025-01-06 15:52:24] Error: 2 - mail(): Failed to connect to mailserver at &quot;localhost&quot; port 25, verify your &quot;SMTP&quot; and &quot;smtp_port&quot; setting in php.ini or use ini_set() en C:\xampp\htdocs\bitacora_oriental\model\user.php:401
[2025-01-06 15:53:02] Error: 2 - mail(): Failed to connect to mailserver at &quot;localhost&quot; port 25, verify your &quot;SMTP&quot; and &quot;smtp_port&quot; setting in php.ini or use ini_set() en C:\xampp\htdocs\bitacora_oriental\model\user.php:401
[2025-01-06 15:53:37] Error: 2 - mail(): Failed to connect to mailserver at &quot;localhost&quot; port 25, verify your &quot;SMTP&quot; and &quot;smtp_port&quot; setting in php.ini or use ini_set() en C:\xampp\htdocs\bitacora_oriental\model\user.php:401
[2025-01-06 15:53:45] Error: 2 - mail(): Failed to connect to mailserver at &quot;localhost&quot; port 25, verify your &quot;SMTP&quot; and &quot;smtp_port&quot; setting in php.ini or use ini_set() en C:\xampp\htdocs\bitacora_oriental\model\user.php:401
[2025-01-06 15:54:17] Error: 2 - mail(): Failed to connect to mailserver at &quot;localhost&quot; port 25, verify your &quot;SMTP&quot; and &quot;smtp_port&quot; setting in php.ini or use ini_set() en C:\xampp\htdocs\bitacora_oriental\model\user.php:401
[2025-01-06 15:55:42] Error: 2 - require_once(C:\xampp\htdocs\bitacora_oriental\config/../controller/user.php): Failed to open stream: No such file or directory en C:\xampp\htdocs\bitacora_oriental\controller\reservation.php:47
[2025-01-06 15:55:45] Error: 2 - require_once(C:\xampp\htdocs\bitacora_oriental\config/../controller/user.php): Failed to open stream: No such file or directory en C:\xampp\htdocs\bitacora_oriental\controller\reservation.php:47
[2025-01-06 15:57:03] Error: 2 - require_once(C:\xampp\htdocs\bitacora_oriental\config/../view/reservation/a.php): Failed to open stream: No such file or directory en C:\xampp\htdocs\bitacora_oriental\index.php:116
[2025-01-06 16:14:59] Error: 2 - Undefined array key "addReservation" en C:\xampp\htdocs\bitacora_oriental\controller\users.php:93
[2025-01-06 16:15:08] Error: 2 - Undefined array key "addReservation" en C:\xampp\htdocs\bitacora_oriental\controller\users.php:93
[2025-01-06 16:15:19] Error: 2 - Undefined array key "addReservation" en C:\xampp\htdocs\bitacora_oriental\controller\users.php:93
[2025-01-06 16:15:57] Error: 2 - Undefined array key "addReservation" en C:\xampp\htdocs\bitacora_oriental\controller\users.php:93
[2025-01-06 16:28:39] Error: 2 - Undefined array key "addReservation" en C:\xampp\htdocs\bitacora_oriental\controller\users.php:87
[2025-01-06 16:32:57] Error: 2 - Undefined array key "idTrip" en C:\xampp\htdocs\bitacora_oriental\controller\reservation.php:35
[2025-01-06 20:27:12] Error: 2 - Undefined array key 1 en C:\xampp\htdocs\bitacora_oriental\model\reservation.php:179
[2025-01-06 20:27:12] Error: 2 - Undefined array key 2 en C:\xampp\htdocs\bitacora_oriental\model\reservation.php:179
[2025-01-06 20:27:12] Error: 2 - Undefined array key 1 en C:\xampp\htdocs\bitacora_oriental\model\reservation.php:179
[2025-01-06 20:27:12] Error: 2 - Undefined array key 2 en C:\xampp\htdocs\bitacora_oriental\model\reservation.php:179
[2025-01-06 21:05:14] Error: 2 - Undefined variable $sms en C:\xampp\htdocs\bitacora_oriental\view\reservation\addRequestsReservation.php:63
[2025-01-06 21:06:23] Error: 2 - Undefined variable $sms en C:\xampp\htdocs\bitacora_oriental\view\reservation\addRequestsReservation.php:63
[2025-01-06 21:24:17] Error: 2 - Undefined array key 1 en C:\xampp\htdocs\bitacora_oriental\model\reservation.php:179
[2025-01-06 21:24:17] Error: 2 - Undefined array key 2 en C:\xampp\htdocs\bitacora_oriental\model\reservation.php:179
[2025-01-07 10:29:20] Error: 2 - require_once(C:\xampp\htdocs\bitacora_oriental\config/../model/dashboard.ph): Failed to open stream: No such file or directory en C:\xampp\htdocs\bitacora_oriental\controller\dashboard.php:3
[2025-01-07 11:09:27] Error: 2 - require_once(C:\xampp\htdocs\bitacora_oriental\config/../model/dashboard.php
    ): Failed to open stream: Permission denied en C:\xampp\htdocs\bitacora_oriental\controller\dashboard.php:3
[2025-01-07 20:18:21] Error: 2 - Undefined array key "user" en C:\xampp\htdocs\bitacora_oriental\view\template\headerTourist.php:60
[2025-01-07 20:18:21] Error: 8192 - base64_decode(): Passing null to parameter #1 ($string) of type string is deprecated en C:\xampp\htdocs\bitacora_oriental\controller\userSession.php:24
[2025-01-07 20:18:21] Error: 2 - Trying to access array offset on value of type null en C:\xampp\htdocs\bitacora_oriental\view\template\headerTourist.php:80
[2025-01-07 20:18:21] Error: 2 - Trying to access array offset on value of type null en C:\xampp\htdocs\bitacora_oriental\view\template\headerTourist.php:80
[2025-01-08 09:28:30] Error: 1024 - 2 - La dirección (URL) del controlador no existe. en C:\xampp\htdocs\bitacora_oriental\index.php:91
[2025-01-08 09:47:22] Error: 1024 - 2 - La dirección (URL) del controlador no existe. en C:\xampp\htdocs\bitacora_oriental\index.php:91
[2025-01-08 09:47:27] Error: 1024 - 2 - La dirección (URL) del controlador no existe. en C:\xampp\htdocs\bitacora_oriental\index.php:91
[2025-01-08 09:52:32] Error: 1024 - 2 - La dirección (URL) del controlador no existe. en C:\xampp\htdocs\bitacora_oriental\index.php:91
[2025-01-08 09:52:35] Error: 1024 - 2 - La dirección (URL) del controlador no existe. en C:\xampp\htdocs\bitacora_oriental\index.php:91
[2025-01-08 09:52:40] Error: 1024 - 2 - La dirección (URL) del controlador no existe. en C:\xampp\htdocs\bitacora_oriental\index.php:91
[2025-01-08 10:31:41] Error: 2 - require_once(C:\xampp\htdocs\bitacora_oriental\config/../view/reservation/a.php): Failed to open stream: No such file or directory en C:\xampp\htdocs\bitacora_oriental\index.php:116
[2025-01-08 10:31:57] Error: 2 - require_once(C:\xampp\htdocs\bitacora_oriental\config/../view/reservation/a.php): Failed to open stream: No such file or directory en C:\xampp\htdocs\bitacora_oriental\index.php:116
[2025-01-08 10:35:44] Error: 2 - require_once(C:\xampp\htdocs\bitacora_oriental\config/../view/reservation/a.php): Failed to open stream: No such file or directory en C:\xampp\htdocs\bitacora_oriental\index.php:116
[2025-01-08 11:00:58] Error: 1024 - 2 - La dirección (URL) del controlador no existe. en C:\xampp\htdocs\bitacora_oriental\index.php:91
[2025-01-08 11:01:20] Error: 1024 - 2 - La dirección (URL) del controlador no existe. en C:\xampp\htdocs\bitacora_oriental\index.php:91
[2025-01-08 11:01:23] Error: 1024 - 2 - La dirección (URL) del controlador no existe. en C:\xampp\htdocs\bitacora_oriental\index.php:91
[2025-01-08 11:04:01] Error: 2 - Undefined variable $sms en C:\xampp\htdocs\bitacora_oriental\model\reservation.php:314
[2025-01-08 11:19:57] Error: 1024 - 2 - La dirección (URL) del controlador no existe. en C:\xampp\htdocs\bitacora_oriental\index.php:91
[2025-01-08 15:15:46] Error: 2 - mail(): Failed to connect to mailserver at &quot;localhost&quot; port 25, verify your &quot;SMTP&quot; and &quot;smtp_port&quot; setting in php.ini or use ini_set() en C:\xampp\htdocs\bitacora_oriental\model\user.php:512
[2025-01-08 15:30:49] Error: 2 - Trying to access array offset on value of type bool en C:\xampp\htdocs\bitacora_oriental\model\reservation.php:343
[2025-01-08 15:30:49] Error: 2 - Trying to access array offset on value of type bool en C:\xampp\htdocs\bitacora_oriental\model\reservation.php:344
[2025-01-08 15:36:14] Error: 2 - Trying to access array offset on value of type bool en C:\xampp\htdocs\bitacora_oriental\model\reservation.php:343
[2025-01-08 15:36:14] Error: 2 - Trying to access array offset on value of type bool en C:\xampp\htdocs\bitacora_oriental\model\reservation.php:344
[2025-01-08 15:38:11] Error: 2 - Trying to access array offset on value of type bool en C:\xampp\htdocs\bitacora_oriental\model\reservation.php:345
[2025-01-08 15:38:11] Error: 2 - Trying to access array offset on value of type bool en C:\xampp\htdocs\bitacora_oriental\model\reservation.php:346
[2025-01-08 16:08:48] Error: 2 - Undefined array key "vista" en C:\xampp\htdocs\bitacora_oriental\controller\reservation.php:92
[2025-01-08 16:09:02] Error: 2 - Undefined array key "vista" en C:\xampp\htdocs\bitacora_oriental\controller\reservation.php:92
[2025-01-08 16:09:17] Error: 2 - Undefined array key "vista" en C:\xampp\htdocs\bitacora_oriental\controller\reservation.php:92
[2025-01-08 16:19:16] Error: 2 - Undefined property: reservationController::$listRequests en C:\xampp\htdocs\bitacora_oriental\controller\reservation.php:92
[2025-01-08 16:19:16] Error: 2 - require_once(C:\xampp\htdocs\bitacora_oriental\config/../view/reservation/a.php): Failed to open stream: No such file or directory en C:\xampp\htdocs\bitacora_oriental\index.php:116
[2025-01-08 16:19:27] Error: 2 - Undefined property: reservationController::$listRequests en C:\xampp\htdocs\bitacora_oriental\controller\reservation.php:92
[2025-01-08 16:19:27] Error: 2 - require_once(C:\xampp\htdocs\bitacora_oriental\config/../view/reservation/a.php): Failed to open stream: No such file or directory en C:\xampp\htdocs\bitacora_oriental\index.php:116
[2025-01-08 16:20:18] Error: 2 - Undefined property: reservationController::$listRequestsC en C:\xampp\htdocs\bitacora_oriental\controller\reservation.php:93
[2025-01-08 16:20:18] Error: 2 - require_once(C:\xampp\htdocs\bitacora_oriental\config/../view/reservation/a.php): Failed to open stream: No such file or directory en C:\xampp\htdocs\bitacora_oriental\index.php:116
[2025-01-08 16:20:23] Error: 2 - Undefined property: reservationController::$listRequestsA en C:\xampp\htdocs\bitacora_oriental\controller\reservation.php:93
[2025-01-08 16:20:23] Error: 2 - require_once(C:\xampp\htdocs\bitacora_oriental\config/../view/reservation/a.php): Failed to open stream: No such file or directory en C:\xampp\htdocs\bitacora_oriental\index.php:116
[2025-01-08 17:13:00] Error: 1024 - 2 - La dirección (URL) del controlador no existe. en C:\xampp\htdocs\bitacora_oriental\index.php:91
[2025-01-08 20:13:15] Error: 2 - Array to string conversion en C:\xampp\htdocs\bitacora_oriental_SAAS\controller\trip.php:26
[2025-01-09 05:52:24] Error: 2 - Undefined array key "idTraveloffer" en C:\xampp\htdocs\bitacora_oriental\view\webLog\inserWebLog2.php:37
[2025-01-09 05:52:24] Error: 2 - Undefined array key "idTraveloffer" en C:\xampp\htdocs\bitacora_oriental\view\webLog\inserWebLog2.php:39
[2025-01-09 05:52:24] Error: 2 - Undefined array key "idTraveloffer" en C:\xampp\htdocs\bitacora_oriental\view\webLog\inserWebLog2.php:37
[2025-01-09 05:52:24] Error: 2 - Undefined array key "idTraveloffer" en C:\xampp\htdocs\bitacora_oriental\view\webLog\inserWebLog2.php:39
[2025-01-09 05:52:24] Error: 2 - Undefined array key "idTraveloffer" en C:\xampp\htdocs\bitacora_oriental\view\webLog\inserWebLog2.php:37
[2025-01-09 05:52:24] Error: 2 - Undefined array key "idTraveloffer" en C:\xampp\htdocs\bitacora_oriental\view\webLog\inserWebLog2.php:39
[2025-01-09 05:52:24] Error: 2 - Undefined array key "idTraveloffer" en C:\xampp\htdocs\bitacora_oriental\view\webLog\inserWebLog2.php:37
[2025-01-09 05:52:24] Error: 2 - Undefined array key "idTraveloffer" en C:\xampp\htdocs\bitacora_oriental\view\webLog\inserWebLog2.php:39
[2025-01-09 05:52:24] Error: 2 - Undefined array key "idTraveloffer" en C:\xampp\htdocs\bitacora_oriental\view\webLog\inserWebLog2.php:37
[2025-01-09 05:52:24] Error: 2 - Undefined array key "idTraveloffer" en C:\xampp\htdocs\bitacora_oriental\view\webLog\inserWebLog2.php:39
[2025-01-09 05:52:24] Error: 2 - Undefined array key "idTraveloffer" en C:\xampp\htdocs\bitacora_oriental\view\webLog\inserWebLog2.php:37
[2025-01-09 05:52:24] Error: 2 - Undefined array key "idTraveloffer" en C:\xampp\htdocs\bitacora_oriental\view\webLog\inserWebLog2.php:39
[2025-01-09 05:52:24] Error: 2 - Undefined array key "idTraveloffer" en C:\xampp\htdocs\bitacora_oriental\view\webLog\inserWebLog2.php:37
[2025-01-09 05:52:24] Error: 2 - Undefined array key "idTraveloffer" en C:\xampp\htdocs\bitacora_oriental\view\webLog\inserWebLog2.php:39
[2025-01-09 05:52:24] Error: 2 - Undefined array key "idTraveloffer" en C:\xampp\htdocs\bitacora_oriental\view\webLog\inserWebLog2.php:37
[2025-01-09 05:52:24] Error: 2 - Undefined array key "idTraveloffer" en C:\xampp\htdocs\bitacora_oriental\view\webLog\inserWebLog2.php:39
[2025-01-09 05:52:24] Error: 2 - Undefined array key "idTraveloffer" en C:\xampp\htdocs\bitacora_oriental\view\webLog\inserWebLog2.php:37
[2025-01-09 05:52:24] Error: 2 - Undefined array key "idTraveloffer" en C:\xampp\htdocs\bitacora_oriental\view\webLog\inserWebLog2.php:39
[2025-01-09 05:52:24] Error: 2 - Undefined array key "idTraveloffer" en C:\xampp\htdocs\bitacora_oriental\view\webLog\inserWebLog2.php:37
[2025-01-09 05:52:24] Error: 2 - Undefined array key "idTraveloffer" en C:\xampp\htdocs\bitacora_oriental\view\webLog\inserWebLog2.php:39
[2025-01-09 05:52:24] Error: 2 - Undefined array key "idTraveloffer" en C:\xampp\htdocs\bitacora_oriental\view\webLog\inserWebLog2.php:37
[2025-01-09 05:52:24] Error: 2 - Undefined array key "idTraveloffer" en C:\xampp\htdocs\bitacora_oriental\view\webLog\inserWebLog2.php:39
[2025-01-09 05:52:24] Error: 2 - Undefined array key "idTraveloffer" en C:\xampp\htdocs\bitacora_oriental\view\webLog\inserWebLog2.php:37
[2025-01-09 05:52:24] Error: 2 - Undefined array key "idTraveloffer" en C:\xampp\htdocs\bitacora_oriental\view\webLog\inserWebLog2.php:39
[2025-01-09 05:52:24] Error: 2 - Undefined array key "idTraveloffer" en C:\xampp\htdocs\bitacora_oriental\view\webLog\inserWebLog2.php:37
[2025-01-09 05:52:24] Error: 2 - Undefined array key "idTraveloffer" en C:\xampp\htdocs\bitacora_oriental\view\webLog\inserWebLog2.php:39
[2025-01-09 05:52:24] Error: 2 - Undefined array key "idTraveloffer" en C:\xampp\htdocs\bitacora_oriental\view\webLog\inserWebLog2.php:37
[2025-01-09 05:52:24] Error: 2 - Undefined array key "idTraveloffer" en C:\xampp\htdocs\bitacora_oriental\view\webLog\inserWebLog2.php:39
[2025-01-09 06:05:54] Error: 2 - Undefined array key "idTraveloffer" en C:\xampp\htdocs\bitacora_oriental\view\webLog\inserWebLog2.php:37
[2025-01-09 06:05:54] Error: 2 - Undefined array key "idTraveloffer" en C:\xampp\htdocs\bitacora_oriental\view\webLog\inserWebLog2.php:39
[2025-01-09 06:05:54] Error: 2 - Undefined array key "idTraveloffer" en C:\xampp\htdocs\bitacora_oriental\view\webLog\inserWebLog2.php:37
[2025-01-09 06:05:54] Error: 2 - Undefined array key "idTraveloffer" en C:\xampp\htdocs\bitacora_oriental\view\webLog\inserWebLog2.php:39
[2025-01-09 06:05:54] Error: 2 - Undefined array key "idTraveloffer" en C:\xampp\htdocs\bitacora_oriental\view\webLog\inserWebLog2.php:37
[2025-01-09 06:05:54] Error: 2 - Undefined array key "idTraveloffer" en C:\xampp\htdocs\bitacora_oriental\view\webLog\inserWebLog2.php:39
[2025-01-09 06:05:54] Error: 2 - Undefined array key "idTraveloffer" en C:\xampp\htdocs\bitacora_oriental\view\webLog\inserWebLog2.php:37
[2025-01-09 06:05:54] Error: 2 - Undefined array key "idTraveloffer" en C:\xampp\htdocs\bitacora_oriental\view\webLog\inserWebLog2.php:39
[2025-01-09 06:05:54] Error: 2 - Undefined array key "idTraveloffer" en C:\xampp\htdocs\bitacora_oriental\view\webLog\inserWebLog2.php:37
[2025-01-09 06:05:54] Error: 2 - Undefined array key "idTraveloffer" en C:\xampp\htdocs\bitacora_oriental\view\webLog\inserWebLog2.php:39
[2025-01-09 06:05:54] Error: 2 - Undefined array key "idTraveloffer" en C:\xampp\htdocs\bitacora_oriental\view\webLog\inserWebLog2.php:37
[2025-01-09 06:05:54] Error: 2 - Undefined array key "idTraveloffer" en C:\xampp\htdocs\bitacora_oriental\view\webLog\inserWebLog2.php:39
[2025-01-09 06:05:54] Error: 2 - Undefined array key "idTraveloffer" en C:\xampp\htdocs\bitacora_oriental\view\webLog\inserWebLog2.php:37
[2025-01-09 06:05:54] Error: 2 - Undefined array key "idTraveloffer" en C:\xampp\htdocs\bitacora_oriental\view\webLog\inserWebLog2.php:39
[2025-01-09 06:05:54] Error: 2 - Undefined array key "idTraveloffer" en C:\xampp\htdocs\bitacora_oriental\view\webLog\inserWebLog2.php:37
[2025-01-09 06:05:54] Error: 2 - Undefined array key "idTraveloffer" en C:\xampp\htdocs\bitacora_oriental\view\webLog\inserWebLog2.php:39
[2025-01-09 06:05:54] Error: 2 - Undefined array key "idTraveloffer" en C:\xampp\htdocs\bitacora_oriental\view\webLog\inserWebLog2.php:37
[2025-01-09 06:05:54] Error: 2 - Undefined array key "idTraveloffer" en C:\xampp\htdocs\bitacora_oriental\view\webLog\inserWebLog2.php:39
[2025-01-09 06:05:54] Error: 2 - Undefined array key "idTraveloffer" en C:\xampp\htdocs\bitacora_oriental\view\webLog\inserWebLog2.php:37
[2025-01-09 06:05:54] Error: 2 - Undefined array key "idTraveloffer" en C:\xampp\htdocs\bitacora_oriental\view\webLog\inserWebLog2.php:39
[2025-01-09 06:05:54] Error: 2 - Undefined array key "idTraveloffer" en C:\xampp\htdocs\bitacora_oriental\view\webLog\inserWebLog2.php:37
[2025-01-09 06:05:54] Error: 2 - Undefined array key "idTraveloffer" en C:\xampp\htdocs\bitacora_oriental\view\webLog\inserWebLog2.php:39
[2025-01-09 06:05:54] Error: 2 - Undefined array key "idTraveloffer" en C:\xampp\htdocs\bitacora_oriental\view\webLog\inserWebLog2.php:37
[2025-01-09 06:05:54] Error: 2 - Undefined array key "idTraveloffer" en C:\xampp\htdocs\bitacora_oriental\view\webLog\inserWebLog2.php:39
[2025-01-09 06:05:54] Error: 2 - Undefined array key "idTraveloffer" en C:\xampp\htdocs\bitacora_oriental\view\webLog\inserWebLog2.php:37
[2025-01-09 06:05:54] Error: 2 - Undefined array key "idTraveloffer" en C:\xampp\htdocs\bitacora_oriental\view\webLog\inserWebLog2.php:39
[2025-01-09 06:05:54] Error: 2 - Undefined array key "idTraveloffer" en C:\xampp\htdocs\bitacora_oriental\view\webLog\inserWebLog2.php:37
[2025-01-09 06:05:54] Error: 2 - Undefined array key "idTraveloffer" en C:\xampp\htdocs\bitacora_oriental\view\webLog\inserWebLog2.php:39
[2025-01-09 06:06:04] Error: 2 - Undefined array key "idTraveloffer" en C:\xampp\htdocs\bitacora_oriental\view\webLog\inserWebLog2.php:37
[2025-01-09 06:06:04] Error: 2 - Undefined array key "idTraveloffer" en C:\xampp\htdocs\bitacora_oriental\view\webLog\inserWebLog2.php:39
[2025-01-09 06:06:04] Error: 2 - Undefined array key "idTraveloffer" en C:\xampp\htdocs\bitacora_oriental\view\webLog\inserWebLog2.php:37
[2025-01-09 06:06:04] Error: 2 - Undefined array key "idTraveloffer" en C:\xampp\htdocs\bitacora_oriental\view\webLog\inserWebLog2.php:39
[2025-01-09 06:06:04] Error: 2 - Undefined array key "idTraveloffer" en C:\xampp\htdocs\bitacora_oriental\view\webLog\inserWebLog2.php:37
[2025-01-09 06:06:04] Error: 2 - Undefined array key "idTraveloffer" en C:\xampp\htdocs\bitacora_oriental\view\webLog\inserWebLog2.php:39
[2025-01-09 06:06:04] Error: 2 - Undefined array key "idTraveloffer" en C:\xampp\htdocs\bitacora_oriental\view\webLog\inserWebLog2.php:37
[2025-01-09 06:06:04] Error: 2 - Undefined array key "idTraveloffer" en C:\xampp\htdocs\bitacora_oriental\view\webLog\inserWebLog2.php:39
[2025-01-09 06:06:04] Error: 2 - Undefined array key "idTraveloffer" en C:\xampp\htdocs\bitacora_oriental\view\webLog\inserWebLog2.php:37
[2025-01-09 06:06:04] Error: 2 - Undefined array key "idTraveloffer" en C:\xampp\htdocs\bitacora_oriental\view\webLog\inserWebLog2.php:39
[2025-01-09 06:06:04] Error: 2 - Undefined array key "idTraveloffer" en C:\xampp\htdocs\bitacora_oriental\view\webLog\inserWebLog2.php:37
[2025-01-09 06:06:04] Error: 2 - Undefined array key "idTraveloffer" en C:\xampp\htdocs\bitacora_oriental\view\webLog\inserWebLog2.php:39
[2025-01-09 06:06:04] Error: 2 - Undefined array key "idTraveloffer" en C:\xampp\htdocs\bitacora_oriental\view\webLog\inserWebLog2.php:37
[2025-01-09 06:06:04] Error: 2 - Undefined array key "idTraveloffer" en C:\xampp\htdocs\bitacora_oriental\view\webLog\inserWebLog2.php:39
[2025-01-09 06:06:04] Error: 2 - Undefined array key "idTraveloffer" en C:\xampp\htdocs\bitacora_oriental\view\webLog\inserWebLog2.php:37
[2025-01-09 06:06:04] Error: 2 - Undefined array key "idTraveloffer" en C:\xampp\htdocs\bitacora_oriental\view\webLog\inserWebLog2.php:39
[2025-01-09 06:06:04] Error: 2 - Undefined array key "idTraveloffer" en C:\xampp\htdocs\bitacora_oriental\view\webLog\inserWebLog2.php:37
[2025-01-09 06:06:04] Error: 2 - Undefined array key "idTraveloffer" en C:\xampp\htdocs\bitacora_oriental\view\webLog\inserWebLog2.php:39
[2025-01-09 06:06:04] Error: 2 - Undefined array key "idTraveloffer" en C:\xampp\htdocs\bitacora_oriental\view\webLog\inserWebLog2.php:37
[2025-01-09 06:06:04] Error: 2 - Undefined array key "idTraveloffer" en C:\xampp\htdocs\bitacora_oriental\view\webLog\inserWebLog2.php:39
[2025-01-09 06:06:04] Error: 2 - Undefined array key "idTraveloffer" en C:\xampp\htdocs\bitacora_oriental\view\webLog\inserWebLog2.php:37
[2025-01-09 06:06:04] Error: 2 - Undefined array key "idTraveloffer" en C:\xampp\htdocs\bitacora_oriental\view\webLog\inserWebLog2.php:39
[2025-01-09 06:06:04] Error: 2 - Undefined array key "idTraveloffer" en C:\xampp\htdocs\bitacora_oriental\view\webLog\inserWebLog2.php:37
[2025-01-09 06:06:04] Error: 2 - Undefined array key "idTraveloffer" en C:\xampp\htdocs\bitacora_oriental\view\webLog\inserWebLog2.php:39
[2025-01-09 06:06:04] Error: 2 - Undefined array key "idTraveloffer" en C:\xampp\htdocs\bitacora_oriental\view\webLog\inserWebLog2.php:37
[2025-01-09 06:06:04] Error: 2 - Undefined array key "idTraveloffer" en C:\xampp\htdocs\bitacora_oriental\view\webLog\inserWebLog2.php:39
[2025-01-09 06:06:04] Error: 2 - Undefined array key "idTraveloffer" en C:\xampp\htdocs\bitacora_oriental\view\webLog\inserWebLog2.php:37
[2025-01-09 06:06:04] Error: 2 - Undefined array key "idTraveloffer" en C:\xampp\htdocs\bitacora_oriental\view\webLog\inserWebLog2.php:39
[2025-01-09 06:06:21] Error: 2 - Undefined array key "idTraveloffer" en C:\xampp\htdocs\bitacora_oriental\view\webLog\inserWebLog2.php:37
[2025-01-09 06:06:21] Error: 2 - Undefined array key "idTraveloffer" en C:\xampp\htdocs\bitacora_oriental\view\webLog\inserWebLog2.php:39
[2025-01-09 06:06:21] Error: 2 - Undefined array key "idTraveloffer" en C:\xampp\htdocs\bitacora_oriental\view\webLog\inserWebLog2.php:37
[2025-01-09 06:06:21] Error: 2 - Undefined array key "idTraveloffer" en C:\xampp\htdocs\bitacora_oriental\view\webLog\inserWebLog2.php:39
[2025-01-09 06:06:21] Error: 2 - Undefined array key "idTraveloffer" en C:\xampp\htdocs\bitacora_oriental\view\webLog\inserWebLog2.php:37
[2025-01-09 06:06:21] Error: 2 - Undefined array key "idTraveloffer" en C:\xampp\htdocs\bitacora_oriental\view\webLog\inserWebLog2.php:39
[2025-01-09 06:06:21] Error: 2 - Undefined array key "idTraveloffer" en C:\xampp\htdocs\bitacora_oriental\view\webLog\inserWebLog2.php:37
[2025-01-09 06:06:21] Error: 2 - Undefined array key "idTraveloffer" en C:\xampp\htdocs\bitacora_oriental\view\webLog\inserWebLog2.php:39
[2025-01-09 06:06:21] Error: 2 - Undefined array key "idTraveloffer" en C:\xampp\htdocs\bitacora_oriental\view\webLog\inserWebLog2.php:37
[2025-01-09 06:06:21] Error: 2 - Undefined array key "idTraveloffer" en C:\xampp\htdocs\bitacora_oriental\view\webLog\inserWebLog2.php:39
[2025-01-09 06:06:21] Error: 2 - Undefined array key "idTraveloffer" en C:\xampp\htdocs\bitacora_oriental\view\webLog\inserWebLog2.php:37
[2025-01-09 06:06:21] Error: 2 - Undefined array key "idTraveloffer" en C:\xampp\htdocs\bitacora_oriental\view\webLog\inserWebLog2.php:39
[2025-01-09 06:06:21] Error: 2 - Undefined array key "idTraveloffer" en C:\xampp\htdocs\bitacora_oriental\view\webLog\inserWebLog2.php:37
[2025-01-09 06:06:21] Error: 2 - Undefined array key "idTraveloffer" en C:\xampp\htdocs\bitacora_oriental\view\webLog\inserWebLog2.php:39
[2025-01-09 06:06:21] Error: 2 - Undefined array key "idTraveloffer" en C:\xampp\htdocs\bitacora_oriental\view\webLog\inserWebLog2.php:37
[2025-01-09 06:06:21] Error: 2 - Undefined array key "idTraveloffer" en C:\xampp\htdocs\bitacora_oriental\view\webLog\inserWebLog2.php:39
[2025-01-09 06:06:21] Error: 2 - Undefined array key "idTraveloffer" en C:\xampp\htdocs\bitacora_oriental\view\webLog\inserWebLog2.php:37
[2025-01-09 06:06:21] Error: 2 - Undefined array key "idTraveloffer" en C:\xampp\htdocs\bitacora_oriental\view\webLog\inserWebLog2.php:39
[2025-01-09 06:06:21] Error: 2 - Undefined array key "idTraveloffer" en C:\xampp\htdocs\bitacora_oriental\view\webLog\inserWebLog2.php:37
[2025-01-09 06:06:21] Error: 2 - Undefined array key "idTraveloffer" en C:\xampp\htdocs\bitacora_oriental\view\webLog\inserWebLog2.php:39
[2025-01-09 06:06:21] Error: 2 - Undefined array key "idTraveloffer" en C:\xampp\htdocs\bitacora_oriental\view\webLog\inserWebLog2.php:37
[2025-01-09 06:06:21] Error: 2 - Undefined array key "idTraveloffer" en C:\xampp\htdocs\bitacora_oriental\view\webLog\inserWebLog2.php:39
[2025-01-09 06:06:21] Error: 2 - Undefined array key "idTraveloffer" en C:\xampp\htdocs\bitacora_oriental\view\webLog\inserWebLog2.php:37
[2025-01-09 06:06:21] Error: 2 - Undefined array key "idTraveloffer" en C:\xampp\htdocs\bitacora_oriental\view\webLog\inserWebLog2.php:39
[2025-01-09 06:06:21] Error: 2 - Undefined array key "idTraveloffer" en C:\xampp\htdocs\bitacora_oriental\view\webLog\inserWebLog2.php:37
[2025-01-09 06:06:21] Error: 2 - Undefined array key "idTraveloffer" en C:\xampp\htdocs\bitacora_oriental\view\webLog\inserWebLog2.php:39
[2025-01-09 06:06:21] Error: 2 - Undefined array key "idTraveloffer" en C:\xampp\htdocs\bitacora_oriental\view\webLog\inserWebLog2.php:37
[2025-01-09 06:06:21] Error: 2 - Undefined array key "idTraveloffer" en C:\xampp\htdocs\bitacora_oriental\view\webLog\inserWebLog2.php:39
[2025-01-09 06:07:19] Error: 2 - Undefined array key "idTraveloffer" en C:\xampp\htdocs\bitacora_oriental\view\webLog\inserWebLog2.php:37
[2025-01-09 06:07:19] Error: 2 - Undefined array key "idTraveloffer" en C:\xampp\htdocs\bitacora_oriental\view\webLog\inserWebLog2.php:39
[2025-01-09 06:07:19] Error: 2 - Undefined array key "idTraveloffer" en C:\xampp\htdocs\bitacora_oriental\view\webLog\inserWebLog2.php:37
[2025-01-09 06:07:19] Error: 2 - Undefined array key "idTraveloffer" en C:\xampp\htdocs\bitacora_oriental\view\webLog\inserWebLog2.php:39
[2025-01-09 06:07:19] Error: 2 - Undefined array key "idTraveloffer" en C:\xampp\htdocs\bitacora_oriental\view\webLog\inserWebLog2.php:37
[2025-01-09 06:07:19] Error: 2 - Undefined array key "idTraveloffer" en C:\xampp\htdocs\bitacora_oriental\view\webLog\inserWebLog2.php:39
[2025-01-09 06:07:19] Error: 2 - Undefined array key "idTraveloffer" en C:\xampp\htdocs\bitacora_oriental\view\webLog\inserWebLog2.php:37
[2025-01-09 06:07:19] Error: 2 - Undefined array key "idTraveloffer" en C:\xampp\htdocs\bitacora_oriental\view\webLog\inserWebLog2.php:39
[2025-01-09 06:07:19] Error: 2 - Undefined array key "idTraveloffer" en C:\xampp\htdocs\bitacora_oriental\view\webLog\inserWebLog2.php:37
[2025-01-09 06:07:19] Error: 2 - Undefined array key "idTraveloffer" en C:\xampp\htdocs\bitacora_oriental\view\webLog\inserWebLog2.php:39
[2025-01-09 06:07:19] Error: 2 - Undefined array key "idTraveloffer" en C:\xampp\htdocs\bitacora_oriental\view\webLog\inserWebLog2.php:37
[2025-01-09 06:07:19] Error: 2 - Undefined array key "idTraveloffer" en C:\xampp\htdocs\bitacora_oriental\view\webLog\inserWebLog2.php:39
[2025-01-09 06:07:19] Error: 2 - Undefined array key "idTraveloffer" en C:\xampp\htdocs\bitacora_oriental\view\webLog\inserWebLog2.php:37
[2025-01-09 06:07:19] Error: 2 - Undefined array key "idTraveloffer" en C:\xampp\htdocs\bitacora_oriental\view\webLog\inserWebLog2.php:39
[2025-01-09 06:07:19] Error: 2 - Undefined array key "idTraveloffer" en C:\xampp\htdocs\bitacora_oriental\view\webLog\inserWebLog2.php:37
[2025-01-09 06:07:19] Error: 2 - Undefined array key "idTraveloffer" en C:\xampp\htdocs\bitacora_oriental\view\webLog\inserWebLog2.php:39
[2025-01-09 06:07:19] Error: 2 - Undefined array key "idTraveloffer" en C:\xampp\htdocs\bitacora_oriental\view\webLog\inserWebLog2.php:37
[2025-01-09 06:07:19] Error: 2 - Undefined array key "idTraveloffer" en C:\xampp\htdocs\bitacora_oriental\view\webLog\inserWebLog2.php:39
[2025-01-09 06:07:19] Error: 2 - Undefined array key "idTraveloffer" en C:\xampp\htdocs\bitacora_oriental\view\webLog\inserWebLog2.php:37
[2025-01-09 06:07:19] Error: 2 - Undefined array key "idTraveloffer" en C:\xampp\htdocs\bitacora_oriental\view\webLog\inserWebLog2.php:39
[2025-01-09 06:07:19] Error: 2 - Undefined array key "idTraveloffer" en C:\xampp\htdocs\bitacora_oriental\view\webLog\inserWebLog2.php:37
[2025-01-09 06:07:19] Error: 2 - Undefined array key "idTraveloffer" en C:\xampp\htdocs\bitacora_oriental\view\webLog\inserWebLog2.php:39
[2025-01-09 06:07:19] Error: 2 - Undefined array key "idTraveloffer" en C:\xampp\htdocs\bitacora_oriental\view\webLog\inserWebLog2.php:37
[2025-01-09 06:07:19] Error: 2 - Undefined array key "idTraveloffer" en C:\xampp\htdocs\bitacora_oriental\view\webLog\inserWebLog2.php:39
[2025-01-09 06:07:19] Error: 2 - Undefined array key "idTraveloffer" en C:\xampp\htdocs\bitacora_oriental\view\webLog\inserWebLog2.php:37
[2025-01-09 06:07:19] Error: 2 - Undefined array key "idTraveloffer" en C:\xampp\htdocs\bitacora_oriental\view\webLog\inserWebLog2.php:39
[2025-01-09 06:07:19] Error: 2 - Undefined array key "idTraveloffer" en C:\xampp\htdocs\bitacora_oriental\view\webLog\inserWebLog2.php:37
[2025-01-09 06:07:19] Error: 2 - Undefined array key "idTraveloffer" en C:\xampp\htdocs\bitacora_oriental\view\webLog\inserWebLog2.php:39
[2025-01-09 06:07:35] Error: 2 - Undefined array key "idTraveloffer" en C:\xampp\htdocs\bitacora_oriental\view\webLog\inserWebLog2.php:37
[2025-01-09 06:07:35] Error: 2 - Undefined array key "idTraveloffer" en C:\xampp\htdocs\bitacora_oriental\view\webLog\inserWebLog2.php:39
[2025-01-09 06:07:35] Error: 2 - Undefined array key "idTraveloffer" en C:\xampp\htdocs\bitacora_oriental\view\webLog\inserWebLog2.php:37
[2025-01-09 06:07:35] Error: 2 - Undefined array key "idTraveloffer" en C:\xampp\htdocs\bitacora_oriental\view\webLog\inserWebLog2.php:39
[2025-01-09 06:07:35] Error: 2 - Undefined array key "idTraveloffer" en C:\xampp\htdocs\bitacora_oriental\view\webLog\inserWebLog2.php:37
[2025-01-09 06:07:35] Error: 2 - Undefined array key "idTraveloffer" en C:\xampp\htdocs\bitacora_oriental\view\webLog\inserWebLog2.php:39
[2025-01-09 06:07:35] Error: 2 - Undefined array key "idTraveloffer" en C:\xampp\htdocs\bitacora_oriental\view\webLog\inserWebLog2.php:37
[2025-01-09 06:07:35] Error: 2 - Undefined array key "idTraveloffer" en C:\xampp\htdocs\bitacora_oriental\view\webLog\inserWebLog2.php:39
[2025-01-09 06:07:35] Error: 2 - Undefined array key "idTraveloffer" en C:\xampp\htdocs\bitacora_oriental\view\webLog\inserWebLog2.php:37
[2025-01-09 06:07:35] Error: 2 - Undefined array key "idTraveloffer" en C:\xampp\htdocs\bitacora_oriental\view\webLog\inserWebLog2.php:39
[2025-01-09 06:07:35] Error: 2 - Undefined array key "idTraveloffer" en C:\xampp\htdocs\bitacora_oriental\view\webLog\inserWebLog2.php:37
[2025-01-09 06:07:35] Error: 2 - Undefined array key "idTraveloffer" en C:\xampp\htdocs\bitacora_oriental\view\webLog\inserWebLog2.php:39
[2025-01-09 06:07:35] Error: 2 - Undefined array key "idTraveloffer" en C:\xampp\htdocs\bitacora_oriental\view\webLog\inserWebLog2.php:37
[2025-01-09 06:07:35] Error: 2 - Undefined array key "idTraveloffer" en C:\xampp\htdocs\bitacora_oriental\view\webLog\inserWebLog2.php:39
[2025-01-09 06:07:35] Error: 2 - Undefined array key "idTraveloffer" en C:\xampp\htdocs\bitacora_oriental\view\webLog\inserWebLog2.php:37
[2025-01-09 06:07:35] Error: 2 - Undefined array key "idTraveloffer" en C:\xampp\htdocs\bitacora_oriental\view\webLog\inserWebLog2.php:39
[2025-01-09 06:07:35] Error: 2 - Undefined array key "idTraveloffer" en C:\xampp\htdocs\bitacora_oriental\view\webLog\inserWebLog2.php:37
[2025-01-09 06:07:35] Error: 2 - Undefined array key "idTraveloffer" en C:\xampp\htdocs\bitacora_oriental\view\webLog\inserWebLog2.php:39
[2025-01-09 06:07:35] Error: 2 - Undefined array key "idTraveloffer" en C:\xampp\htdocs\bitacora_oriental\view\webLog\inserWebLog2.php:37
[2025-01-09 06:07:35] Error: 2 - Undefined array key "idTraveloffer" en C:\xampp\htdocs\bitacora_oriental\view\webLog\inserWebLog2.php:39
[2025-01-09 06:07:35] Error: 2 - Undefined array key "idTraveloffer" en C:\xampp\htdocs\bitacora_oriental\view\webLog\inserWebLog2.php:37
[2025-01-09 06:07:35] Error: 2 - Undefined array key "idTraveloffer" en C:\xampp\htdocs\bitacora_oriental\view\webLog\inserWebLog2.php:39
[2025-01-09 06:07:35] Error: 2 - Undefined array key "idTraveloffer" en C:\xampp\htdocs\bitacora_oriental\view\webLog\inserWebLog2.php:37
[2025-01-09 06:07:35] Error: 2 - Undefined array key "idTraveloffer" en C:\xampp\htdocs\bitacora_oriental\view\webLog\inserWebLog2.php:39
[2025-01-09 06:07:35] Error: 2 - Undefined array key "idTraveloffer" en C:\xampp\htdocs\bitacora_oriental\view\webLog\inserWebLog2.php:37
[2025-01-09 06:07:35] Error: 2 - Undefined array key "idTraveloffer" en C:\xampp\htdocs\bitacora_oriental\view\webLog\inserWebLog2.php:39
[2025-01-09 06:07:35] Error: 2 - Undefined array key "idTraveloffer" en C:\xampp\htdocs\bitacora_oriental\view\webLog\inserWebLog2.php:37
[2025-01-09 06:07:35] Error: 2 - Undefined array key "idTraveloffer" en C:\xampp\htdocs\bitacora_oriental\view\webLog\inserWebLog2.php:39
[2025-01-10 10:49:11] Error: 2 - Undefined array key "idWeblog" en C:\xampp\htdocs\bitacora_oriental\controller\comment.php:25
[2025-01-10 10:49:44] Error: 2 - Undefined array key "idWeblog" en C:\xampp\htdocs\bitacora_oriental\controller\comment.php:25
[2025-01-10 10:49:51] Error: 2 - Undefined array key "idWeblog" en C:\xampp\htdocs\bitacora_oriental\controller\comment.php:25
[2025-01-10 10:50:36] Error: 2 - Undefined array key "titleTrip" en C:\xampp\htdocs\bitacora_oriental\view\comment\listComment.php:32
[2025-01-10 10:50:36] Error: 2 - Undefined array key "titleTrip" en C:\xampp\htdocs\bitacora_oriental\view\comment\listComment.php:32
[2025-01-10 10:50:36] Error: 2 - Undefined array key "titleTrip" en C:\xampp\htdocs\bitacora_oriental\view\comment\listComment.php:32
[2025-01-10 11:11:45] Error: 2 - Undefined array key "titleTrip" en C:\xampp\htdocs\bitacora_oriental\view\comment\listComment.php:32
[2025-01-10 11:11:45] Error: 2 - Undefined array key "message" en C:\xampp\htdocs\bitacora_oriental\view\comment\listComment.php:33
[2025-01-10 11:11:45] Error: 2 - Undefined array key "dataTime" en C:\xampp\htdocs\bitacora_oriental\view\comment\listComment.php:34
[2025-01-10 11:12:07] Error: 2 - Undefined array key "titleTrip" en C:\xampp\htdocs\bitacora_oriental\view\comment\listComment.php:32
[2025-01-10 11:12:07] Error: 2 - Undefined array key "message" en C:\xampp\htdocs\bitacora_oriental\view\comment\listComment.php:33
[2025-01-10 11:12:07] Error: 2 - Undefined array key "dataTime" en C:\xampp\htdocs\bitacora_oriental\view\comment\listComment.php:34
[2025-01-10 11:26:20] Error: 2 - Undefined array key "idWeblog" en C:\xampp\htdocs\bitacora_oriental\view\comment\listComment.php:18
[2025-01-10 11:26:20] Error: 2 - Undefined array key "idWeblog" en C:\xampp\htdocs\bitacora_oriental\view\comment\listComment.php:18
[2025-01-10 11:26:48] Error: 2 - Undefined array key "idWeblog" en C:\xampp\htdocs\bitacora_oriental\view\comment\listComment.php:18
[2025-01-10 11:26:48] Error: 2 - Undefined array key "idWeblog" en C:\xampp\htdocs\bitacora_oriental\view\comment\listComment.php:18
[2025-01-10 11:33:28] Error: 2 - Undefined array key "dataComment" en C:\xampp\htdocs\bitacora_oriental\view\comment\listComment.php:26
[2025-01-10 11:37:57] Error: 2 - Trying to access array offset on value of type bool en C:\xampp\htdocs\bitacora_oriental\view\comment\listComment.php:38
[2025-01-10 11:37:57] Error: 2 - Trying to access array offset on value of type bool en C:\xampp\htdocs\bitacora_oriental\view\comment\listComment.php:39
[2025-01-10 11:37:57] Error: 2 - Trying to access array offset on value of type bool en C:\xampp\htdocs\bitacora_oriental\view\comment\listComment.php:40
[2025-01-10 12:35:32] Error: 2 - Undefined array key "Type" en C:\xampp\htdocs\bitacora_oriental\controller\comment.php:28
[2025-01-10 12:36:47] Error: 2 - Undefined array key "Type" en C:\xampp\htdocs\bitacora_oriental\controller\comment.php:28
[2025-01-10 13:13:27] Error: 2 - Trying to access array offset on value of type null en C:\xampp\htdocs\bitacora_oriental\view\comment\listComment.php:37
[2025-01-10 13:14:26] Error: 2 - Trying to access array offset on value of type null en C:\xampp\htdocs\bitacora_oriental\view\comment\listComment.php:37
[2025-01-10 13:20:59] Error: 2 - Undefined array key "id" en C:\xampp\htdocs\bitacora_oriental\controller\comment.php:51
[2025-01-10 13:28:18] Error: 2 - Trying to access array offset on value of type null en C:\xampp\htdocs\bitacora_oriental\view\comment\listComment.php:37
[2025-01-10 19:39:06] Error: 2 - require_once(C:\xampp\htdocs\bitacora_oriental\config/../view/webLog\WebLogList.php): Failed to open stream: No such file or directory en C:\xampp\htdocs\bitacora_oriental\index.php:116
[2025-01-10 19:47:53] Error: 2 - Undefined array key "weblog" en C:\xampp\htdocs\bitacora_oriental\view\webLog\editWebLog.php:5
[2025-01-10 19:47:53] Error: 2 - Trying to access array offset on value of type null en C:\xampp\htdocs\bitacora_oriental\view\webLog\editWebLog.php:5
[2025-01-10 19:47:53] Error: 2 - Undefined array key "weblog" en C:\xampp\htdocs\bitacora_oriental\view\webLog\editWebLog.php:13
[2025-01-10 19:47:53] Error: 2 - Trying to access array offset on value of type null en C:\xampp\htdocs\bitacora_oriental\view\webLog\editWebLog.php:13
[2025-01-10 19:47:53] Error: 2 - Undefined array key "weblog" en C:\xampp\htdocs\bitacora_oriental\view\webLog\editWebLog.php:20
[2025-01-10 19:47:53] Error: 2 - Trying to access array offset on value of type null en C:\xampp\htdocs\bitacora_oriental\view\webLog\editWebLog.php:20
[2025-01-10 19:47:53] Error: 2 - Undefined array key "travelOffer" en C:\xampp\htdocs\bitacora_oriental\view\webLog\EditWebLog2.php:18
[2025-01-10 20:10:41] Error: 2 - Undefined array key "weblog" en C:\xampp\htdocs\bitacora_oriental\view\webLog\editWebLog.php:5
[2025-01-10 20:10:41] Error: 2 - Trying to access array offset on value of type null en C:\xampp\htdocs\bitacora_oriental\view\webLog\editWebLog.php:5
[2025-01-10 20:10:41] Error: 2 - Undefined array key "weblog" en C:\xampp\htdocs\bitacora_oriental\view\webLog\editWebLog.php:13
[2025-01-10 20:10:41] Error: 2 - Trying to access array offset on value of type null en C:\xampp\htdocs\bitacora_oriental\view\webLog\editWebLog.php:13
[2025-01-10 20:10:41] Error: 2 - Undefined array key "weblog" en C:\xampp\htdocs\bitacora_oriental\view\webLog\editWebLog.php:20
[2025-01-10 20:10:41] Error: 2 - Trying to access array offset on value of type null en C:\xampp\htdocs\bitacora_oriental\view\webLog\editWebLog.php:20
[2025-01-10 20:10:41] Error: 2 - Undefined array key "travelOffer" en C:\xampp\htdocs\bitacora_oriental\view\webLog\EditWebLog2.php:18
[2025-01-11 08:55:26] Error: 2 - Undefined variable $webLog en C:\xampp\htdocs\bitacora_oriental\controller\webLog.php:111
[2025-01-11 08:55:57] Error: 2 - Undefined variable $webLog en C:\xampp\htdocs\bitacora_oriental\controller\webLog.php:113
[2025-01-11 08:56:08] Error: 2 - Undefined variable $webLog en C:\xampp\htdocs\bitacora_oriental\controller\webLog.php:113
[2025-01-11 08:56:31] Error: 2 - Undefined variable $webLog en C:\xampp\htdocs\bitacora_oriental\controller\webLog.php:113
[2025-01-11 08:56:59] Error: 2 - Undefined variable $webLog en C:\xampp\htdocs\bitacora_oriental\controller\webLog.php:113
[2025-01-11 08:58:11] Error: 2 - Undefined variable $webLog en C:\xampp\htdocs\bitacora_oriental\controller\webLog.php:114
[2025-01-11 08:59:35] Error: 2 - Undefined variable $webLog en C:\xampp\htdocs\bitacora_oriental\controller\webLog.php:114
[2025-01-11 08:59:35] Error: 2 - Trying to access array offset on value of type null en C:\xampp\htdocs\bitacora_oriental\controller\webLog.php:119
[2025-01-11 08:59:35] Error: 2 - Trying to access array offset on value of type null en C:\xampp\htdocs\bitacora_oriental\controller\webLog.php:122
[2025-01-11 08:59:35] Error: 2 - Trying to access array offset on value of type null en C:\xampp\htdocs\bitacora_oriental\view\webLog\editWebLog.php:5
[2025-01-11 08:59:36] Error: 2 - Trying to access array offset on value of type null en C:\xampp\htdocs\bitacora_oriental\view\webLog\editWebLog.php:13
[2025-01-11 08:59:36] Error: 2 - Trying to access array offset on value of type null en C:\xampp\htdocs\bitacora_oriental\view\webLog\editWebLog.php:20
[2025-01-11 11:02:46] Error: 2 - mail(): Failed to connect to mailserver at &quot;localhost&quot; port 25, verify your &quot;SMTP&quot; and &quot;smtp_port&quot; setting in php.ini or use ini_set() en C:\xampp\htdocs\bitacora_oriental\model\user.php:401
[2025-01-11 11:03:33] Error: 2 - mail(): Failed to connect to mailserver at &quot;localhost&quot; port 25, verify your &quot;SMTP&quot; and &quot;smtp_port&quot; setting in php.ini or use ini_set() en C:\xampp\htdocs\bitacora_oriental\model\user.php:470
[2025-01-11 11:07:10] Error: 2 - mail(): Failed to connect to mailserver at &quot;localhost&quot; port 25, verify your &quot;SMTP&quot; and &quot;smtp_port&quot; setting in php.ini or use ini_set() en C:\xampp\htdocs\bitacora_oriental\model\user.php:401
[2025-01-11 11:07:28] Error: 2 - mail(): Failed to connect to mailserver at &quot;localhost&quot; port 25, verify your &quot;SMTP&quot; and &quot;smtp_port&quot; setting in php.ini or use ini_set() en C:\xampp\htdocs\bitacora_oriental\model\user.php:470
[2025-01-11 11:09:47] Error: 2 - mail(): Failed to connect to mailserver at &quot;localhost&quot; port 25, verify your &quot;SMTP&quot; and &quot;smtp_port&quot; setting in php.ini or use ini_set() en C:\xampp\htdocs\bitacora_oriental\model\user.php:401
[2025-01-11 11:10:19] Error: 2 - mail(): Failed to connect to mailserver at &quot;localhost&quot; port 25, verify your &quot;SMTP&quot; and &quot;smtp_port&quot; setting in php.ini or use ini_set() en C:\xampp\htdocs\bitacora_oriental\model\user.php:470
[2025-01-11 11:11:49] Error: 2 - mail(): Failed to connect to mailserver at &quot;localhost&quot; port 25, verify your &quot;SMTP&quot; and &quot;smtp_port&quot; setting in php.ini or use ini_set() en C:\xampp\htdocs\bitacora_oriental\model\user.php:401
[2025-01-11 11:12:05] Error: 2 - mail(): Failed to connect to mailserver at &quot;localhost&quot; port 25, verify your &quot;SMTP&quot; and &quot;smtp_port&quot; setting in php.ini or use ini_set() en C:\xampp\htdocs\bitacora_oriental\model\user.php:470
[2025-01-11 11:17:29] Error: 2 - mail(): Failed to connect to mailserver at &quot;localhost&quot; port 25, verify your &quot;SMTP&quot; and &quot;smtp_port&quot; setting in php.ini or use ini_set() en C:\xampp\htdocs\bitacora_oriental\model\user.php:401
[2025-01-11 11:17:46] Error: 2 - mail(): Failed to connect to mailserver at &quot;localhost&quot; port 25, verify your &quot;SMTP&quot; and &quot;smtp_port&quot; setting in php.ini or use ini_set() en C:\xampp\htdocs\bitacora_oriental\model\user.php:470
[2025-01-11 11:40:52] Error: 2 - Array to string conversion en C:\xampp\htdocs\bitacora_oriental\view\trip\add3Trip.php:6
[2025-01-11 11:41:09] Error: 2 - Array to string conversion en C:\xampp\htdocs\bitacora_oriental\view\trip\add3Trip.php:6
[2025-01-11 14:40:57] Error: 2 - Undefined array key "vacante" en C:\xampp\htdocs\bitacora_oriental\view\trip\editTrip.php:68
[2025-01-12 16:12:51] Error: 1024 - 2 - La dirección (URL) del controlador no existe. en C:\xampp\htdocs\bitacora_oriental\index.php:91
[2025-01-13 19:17:28] Error: 8192 - htmlspecialchars(): Passing null to parameter #1 ($string) of type string is deprecated en C:\xampp\htdocs\bitacora_oriental\view\template\sidebar.php:3
[2025-01-13 19:17:59] Error: 2 - Undefined variable $aux en C:\xampp\htdocs\bitacora_oriental\controller\historys.php:11
[2025-01-13 19:17:59] Error: 8192 - htmlspecialchars(): Passing null to parameter #1 ($string) of type string is deprecated en C:\xampp\htdocs\bitacora_oriental\view\template\sidebar.php:3
[2025-01-14 10:46:04] Error: 2 - require_once(C:\xampp\htdocs\bitacora_oriental\config/../view/reservation/listRequestsReservationE.php): Failed to open stream: No such file or directory en C:\xampp\htdocs\bitacora_oriental\index.php:116
[2025-01-14 12:18:51] Error: 1024 - 256 - El conjunto de datos de la bitácora de viaje que se intenta insertar no es válido. en C:\xampp\htdocs\bitacora_oriental\model\webLog.php:304
[2025-01-14 12:19:35] Error: 1024 - 256 - El conjunto de datos de la bitácora de viaje que se intenta insertar no es válido. en C:\xampp\htdocs\bitacora_oriental\model\webLog.php:304
[2025-01-14 12:27:19] Error: 1024 - 256 - El conjunto de datos de la bitácora de viaje que se intenta insertar no es válido. en C:\xampp\htdocs\bitacora_oriental\model\webLog.php:304
[2025-01-14 12:28:06] Error: 1024 - 256 - El conjunto de datos de la bitácora de viaje que se intenta insertar no es válido. en C:\xampp\htdocs\bitacora_oriental\model\webLog.php:304
[2025-01-14 12:34:00] Error: 1024 - 256 - El conjunto de datos de la bitácora de viaje que se intenta insertar no es válido. en C:\xampp\htdocs\bitacora_oriental\model\webLog.php:304
[2025-01-14 12:35:16] Error: 1024 - 256 - El conjunto de datos de la bitácora de viaje que se intenta insertar no es válido. en C:\xampp\htdocs\bitacora_oriental\model\webLog.php:304
[2025-01-14 12:40:44] Error: 1024 - 256 - El conjunto de datos de la bitácora de viaje que se intenta insertar no es válido. en C:\xampp\htdocs\bitacora_oriental\model\webLog.php:304
[2025-01-14 12:42:04] Error: 1024 - 256 - El conjunto de datos de la bitácora de viaje que se intenta insertar no es válido. en C:\xampp\htdocs\bitacora_oriental\model\webLog.php:304
[2025-01-14 13:41:17] Error: 2 - Undefined variable $i en C:\xampp\htdocs\bitacora_oriental\view\user\listUser.php:39
[2025-01-14 13:41:17] Error: 2 - Undefined variable $tourist en C:\xampp\htdocs\bitacora_oriental\view\user\listUser.php:39
[2025-01-14 13:41:17] Error: 2 - Trying to access array offset on value of type null en C:\xampp\htdocs\bitacora_oriental\view\user\listUser.php:39
[2025-01-14 13:41:17] Error: 2 - Trying to access array offset on value of type null en C:\xampp\htdocs\bitacora_oriental\view\user\listUser.php:39
[2025-01-14 13:41:17] Error: 8192 - number_format(): Passing null to parameter #1 ($num) of type float is deprecated en C:\xampp\htdocs\bitacora_oriental\view\user\listUser.php:39
[2025-01-15 14:40:01] Error: 2 - require_once(C:\xampp\htdocs\bitacora_oriental\config/../controller/main.php): Failed to open stream: No such file or directory en C:\xampp\htdocs\bitacora_oriental\model\report.php:2
[2025-01-15 15:39:34] Error: 2 - session_destroy(): Trying to destroy uninitialized session en C:\xampp\htdocs\bitacora_oriental\index.php:30
[2025-01-15 15:39:36] Error: 2 - session_destroy(): Trying to destroy uninitialized session en C:\xampp\htdocs\bitacora_oriental\index.php:30
[2025-01-15 15:39:38] Error: 2 - session_destroy(): Trying to destroy uninitialized session en C:\xampp\htdocs\bitacora_oriental\index.php:30
[2025-01-15 15:39:39] Error: 2 - session_destroy(): Trying to destroy uninitialized session en C:\xampp\htdocs\bitacora_oriental\index.php:30
[2025-01-15 15:39:40] Error: 2 - session_destroy(): Trying to destroy uninitialized session en C:\xampp\htdocs\bitacora_oriental\index.php:30
[2025-01-15 15:39:41] Error: 2 - session_destroy(): Trying to destroy uninitialized session en C:\xampp\htdocs\bitacora_oriental\index.php:30
[2025-01-15 15:39:42] Error: 2 - session_destroy(): Trying to destroy uninitialized session en C:\xampp\htdocs\bitacora_oriental\index.php:30
[2025-01-15 15:39:43] Error: 2 - session_destroy(): Trying to destroy uninitialized session en C:\xampp\htdocs\bitacora_oriental\index.php:30
[2025-01-15 15:39:44] Error: 2 - session_destroy(): Trying to destroy uninitialized session en C:\xampp\htdocs\bitacora_oriental\index.php:30
[2025-01-15 15:39:50] Error: 2 - session_destroy(): Trying to destroy uninitialized session en C:\xampp\htdocs\bitacora_oriental\index.php:30
[2025-01-15 15:39:51] Error: 2 - session_destroy(): Trying to destroy uninitialized session en C:\xampp\htdocs\bitacora_oriental\index.php:30
[2025-01-15 15:39:52] Error: 2 - session_destroy(): Trying to destroy uninitialized session en C:\xampp\htdocs\bitacora_oriental\index.php:30
[2025-01-15 15:39:54] Error: 2 - session_destroy(): Trying to destroy uninitialized session en C:\xampp\htdocs\bitacora_oriental\index.php:30
[2025-01-15 15:39:55] Error: 2 - session_destroy(): Trying to destroy uninitialized session en C:\xampp\htdocs\bitacora_oriental\index.php:30
[2025-01-15 15:39:55] Error: 2 - session_destroy(): Trying to destroy uninitialized session en C:\xampp\htdocs\bitacora_oriental\index.php:30
[2025-01-15 15:39:56] Error: 2 - session_destroy(): Trying to destroy uninitialized session en C:\xampp\htdocs\bitacora_oriental\index.php:30
[2025-01-15 15:40:09] Error: 2 - session_destroy(): Trying to destroy uninitialized session en C:\xampp\htdocs\bitacora_oriental\index.php:30
[2025-01-15 15:40:13] Error: 2 - session_destroy(): Trying to destroy uninitialized session en C:\xampp\htdocs\bitacora_oriental\index.php:30
[2025-01-15 15:40:13] Error: 2 - session_destroy(): Trying to destroy uninitialized session en C:\xampp\htdocs\bitacora_oriental\index.php:30
[2025-01-15 15:40:16] Error: 2 - session_destroy(): Trying to destroy uninitialized session en C:\xampp\htdocs\bitacora_oriental\index.php:30
[2025-01-15 15:40:16] Error: 2 - session_destroy(): Trying to destroy uninitialized session en C:\xampp\htdocs\bitacora_oriental\index.php:30
[2025-01-15 15:40:26] Error: 2 - session_destroy(): Trying to destroy uninitialized session en C:\xampp\htdocs\bitacora_oriental\index.php:30
[2025-01-15 15:40:29] Error: 2 - session_destroy(): Trying to destroy uninitialized session en C:\xampp\htdocs\bitacora_oriental\index.php:30
[2025-01-15 15:40:29] Error: 2 - session_destroy(): Trying to destroy uninitialized session en C:\xampp\htdocs\bitacora_oriental\index.php:30
[2025-01-15 15:47:04] Error: 2 - session_destroy(): Trying to destroy uninitialized session en C:\xampp\htdocs\bitacora_oriental\index.php:30
[2025-01-15 15:47:04] Error: 2 - session_destroy(): Trying to destroy uninitialized session en C:\xampp\htdocs\bitacora_oriental\index.php:30
[2025-01-15 15:47:20] Error: 2 - session_destroy(): Trying to destroy uninitialized session en C:\xampp\htdocs\bitacora_oriental\index.php:30
[2025-01-15 16:19:22] Error: 2 - include(C:\xampp\htdocs\bitacora_oriental\config/../lib/utils/tools.php): Failed to open stream: No such file or directory en C:\xampp\htdocs\bitacora_oriental\view\packages\packagesList.php:3
[2025-01-15 16:19:22] Error: 2 - include(): Failed opening 'C:\xampp\htdocs\bitacora_oriental\config/../lib/utils/tools.php' for inclusion (include_path='C:\xampp\php\PEAR') en C:\xampp\htdocs\bitacora_oriental\view\packages\packagesList.php:3
[2025-01-15 16:19:33] Error: 2 - require_once(lib/utils/tools.php): Failed to open stream: No such file or directory en C:\xampp\htdocs\bitacora_oriental\view\report\viewReport.php:6
[2025-01-15 16:19:46] Error: 2 - include(C:\xampp\htdocs\bitacora_oriental\config/../lib/utils/tools.php): Failed to open stream: No such file or directory en C:\xampp\htdocs\bitacora_oriental\view\packages\packagesList.php:3
[2025-01-15 16:19:46] Error: 2 - include(): Failed opening 'C:\xampp\htdocs\bitacora_oriental\config/../lib/utils/tools.php' for inclusion (include_path='C:\xampp\php\PEAR') en C:\xampp\htdocs\bitacora_oriental\view\packages\packagesList.php:3
[2025-01-15 16:20:04] Error: 2 - require_once(lib/utils/tools.php): Failed to open stream: No such file or directory en C:\xampp\htdocs\bitacora_oriental\view\report\viewReport.php:6
[2025-01-15 16:23:04] Error: 2 - include(C:\xampp\htdocs\bitacora_oriental\config/../lib/utils/tools.php): Failed to open stream: No such file or directory en C:\xampp\htdocs\bitacora_oriental\view\packages\packagesList.php:3
[2025-01-15 16:23:04] Error: 2 - include(): Failed opening 'C:\xampp\htdocs\bitacora_oriental\config/../lib/utils/tools.php' for inclusion (include_path='C:\xampp\php\PEAR') en C:\xampp\htdocs\bitacora_oriental\view\packages\packagesList.php:3
[2025-01-15 16:24:33] Error: 2 - require_once(lib/utils/tools.php): Failed to open stream: No such file or directory en C:\xampp\htdocs\bitacora_oriental\view\report\viewReport.php:6
[2025-01-15 16:26:09] Error: 2 - require_once(lib/utils/tools.php): Failed to open stream: No such file or directory en C:\xampp\htdocs\bitacora_oriental\view\report\viewReport.php:6
[2025-01-15 16:27:21] Error: 2 - require_once(lib/utils/tools.php): Failed to open stream: No such file or directory en C:\xampp\htdocs\bitacora_oriental\view\report\viewReport.php:6
[2025-01-15 16:27:33] Error: 2 - require_once(lib/utils/tools.php): Failed to open stream: No such file or directory en C:\xampp\htdocs\bitacora_oriental\view\report\viewReport.php:6
[2025-01-15 16:29:52] Error: 2 - require_once(lib\utils\tools.php): Failed to open stream: No such file or directory en C:\xampp\htdocs\bitacora_oriental\view\history\listHistory.php:3
[2025-01-15 16:29:57] Error: 2 - require_once(lib\utils\tools.php): Failed to open stream: No such file or directory en C:\xampp\htdocs\bitacora_oriental\view\history\listHistory.php:3
[2025-01-15 16:30:01] Error: 2 - require_once(lib/utils/tools.php): Failed to open stream: No such file or directory en C:\xampp\htdocs\bitacora_oriental\view\report\viewReport.php:6
[2025-01-15 16:31:15] Error: 2 - require_once(lib/utils/tools.php): Failed to open stream: No such file or directory en C:\xampp\htdocs\bitacora_oriental\view\report\viewReport.php:6
[2025-01-15 16:31:17] Error: 2 - require_once(lib/utils/tools.php): Failed to open stream: No such file or directory en C:\xampp\htdocs\bitacora_oriental\view\report\viewReport.php:6
[2025-01-15 16:31:24] Error: 2 - require_once(lib/utils/tools.php): Failed to open stream: No such file or directory en C:\xampp\htdocs\bitacora_oriental\view\report\viewReport.php:6
[2025-01-15 16:31:38] Error: 2 - require_once(lib/utils/tools.php): Failed to open stream: No such file or directory en C:\xampp\htdocs\bitacora_oriental\view\report\viewReport.php:6
[2025-01-15 20:28:53] Error: 2 - Undefined array key "comment" en C:\xampp\htdocs\bitacora_oriental\controller\historys.php:50
[2025-01-15 21:04:13] Error: 2 - require_once(C:\xampp\htdocs\bitacora_oriental\config/../lib/utils/tools.php): Failed to open stream: No such file or directory en C:\xampp\htdocs\bitacora_oriental\view\faq\listFaq.php:3
[2025-01-15 21:08:34] Error: 1024 - 1 - Error en el rehistro de histrial, faltan datos para la operación. en C:\xampp\htdocs\bitacora_oriental\model\history.php:53
[2025-01-15 21:09:01] Error: 1024 - 1 - Error en el rehistro de histrial, faltan datos para la operación. en C:\xampp\htdocs\bitacora_oriental\model\history.php:53
[2025-01-15 21:09:14] Error: 1024 - 1 - Error en el rehistro de histrial, faltan datos para la operación. en C:\xampp\htdocs\bitacora_oriental\model\history.php:53
[2025-01-15 21:09:18] Error: 1024 - 1 - Error en el rehistro de histrial, faltan datos para la operación. en C:\xampp\htdocs\bitacora_oriental\model\history.php:53
[2025-01-15 21:10:04] Error: 1024 - 1 - Error en el rehistro de histrial, faltan datos para la operación. en C:\xampp\htdocs\bitacora_oriental\model\history.php:52
[2025-01-15 21:10:41] Error: 1024 - 1 - Error en el rehistro de histrial, faltan datos para la operación. en C:\xampp\htdocs\bitacora_oriental\model\history.php:51
[2025-01-15 21:10:50] Error: 1024 - 1 - Error en el rehistro de histrial, faltan datos para la operación. en C:\xampp\htdocs\bitacora_oriental\model\history.php:51
[2025-01-16 10:06:28] Error: 2 - mail(): Failed to connect to mailserver at &quot;localhost&quot; port 25, verify your &quot;SMTP&quot; and &quot;smtp_port&quot; setting in php.ini or use ini_set() en C:\xampp\htdocs\bitacora_oriental\model\user.php:523
[2025-01-16 10:13:32] Error: 2 - Undefined array key "idPackages" en C:\xampp\htdocs\bitacora_oriental\view\reservation\listRequestsTouristE.php:43
[2025-01-16 10:13:32] Error: 2 - Undefined array key "idPackages" en C:\xampp\htdocs\bitacora_oriental\view\reservation\listRequestsTouristE.php:43
[2025-01-16 11:15:37] Error: 2 - Undefined array key "idPackages" en C:\xampp\htdocs\bitacora_oriental\view\reservation\editRequestsReservation.php:102
[2025-01-16 11:17:16] Error: 2 - Undefined array key "idPackages" en C:\xampp\htdocs\bitacora_oriental\view\reservation\editRequestsReservation.php:102
[2025-01-16 11:17:30] Error: 2 - Undefined array key "idPackages" en C:\xampp\htdocs\bitacora_oriental\view\reservation\editRequestsReservation.php:102
[2025-01-16 11:17:45] Error: 2 - Undefined variable $data en C:\xampp\htdocs\bitacora_oriental\view\reservation\editRequestsReservation.php:102
[2025-01-16 11:17:45] Error: 2 - Trying to access array offset on value of type null en C:\xampp\htdocs\bitacora_oriental\view\reservation\editRequestsReservation.php:102
[2025-01-16 11:17:55] Error: 2 - Undefined array key "idPackages" en C:\xampp\htdocs\bitacora_oriental\view\reservation\editRequestsReservation.php:102
[2025-01-16 12:21:48] Error: 2 - Undefined array key "includeMinor" en C:\xampp\htdocs\bitacora_oriental\model\reservation.php:105
[2025-01-16 12:25:16] Error: 2 - Array to string conversion en C:\xampp\htdocs\bitacora_oriental\view\reservation\editRequestsReservation.php:9
[2025-01-16 12:25:16] Error: 2 - Array to string conversion en C:\xampp\htdocs\bitacora_oriental\view\reservation\editRequestsReservation.php:10
[2025-01-16 12:25:51] Error: 2 - Array to string conversion en C:\xampp\htdocs\bitacora_oriental\view\reservation\editRequestsReservation.php:10
[2025-01-16 12:26:51] Error: 2 - Array to string conversion en C:\xampp\htdocs\bitacora_oriental\view\reservation\editRequestsReservation.php:10
[2025-01-16 14:08:27] Error: 2 - Undefined array key "tourist" en C:\xampp\htdocs\bitacora_oriental\view\reservation\editRequestsReservation.php:7
[2025-01-16 22:14:27] Error: 2 - require_once(C:\laragon\www\bitacora_oriental_SAAS\config/../view/reservation/a.php): Failed to open stream: No such file or directory en C:\laragon\www\bitacora_oriental_SAAS\index.php:117
[2025-01-17 18:49:34] Error: 2 - mail(): Failed to connect to mailserver at &quot;localhost&quot; port 25, verify your &quot;SMTP&quot; and &quot;smtp_port&quot; setting in php.ini or use ini_set() en C:\xampp\htdocs\bitacora_oriental\model\user.php:523
[2025-01-17 18:50:30] Error: 2 - mail(): Failed to connect to mailserver at &quot;localhost&quot; port 25, verify your &quot;SMTP&quot; and &quot;smtp_port&quot; setting in php.ini or use ini_set() en C:\xampp\htdocs\bitacora_oriental\model\user.php:523
[2025-01-17 18:50:48] Error: 2 - mail(): Failed to connect to mailserver at &quot;localhost&quot; port 25, verify your &quot;SMTP&quot; and &quot;smtp_port&quot; setting in php.ini or use ini_set() en C:\xampp\htdocs\bitacora_oriental\model\user.php:523
[2025-01-17 18:51:57] Error: 2 - mail(): Failed to connect to mailserver at &quot;localhost&quot; port 25, verify your &quot;SMTP&quot; and &quot;smtp_port&quot; setting in php.ini or use ini_set() en C:\xampp\htdocs\bitacora_oriental\model\user.php:523
[2025-01-17 19:14:33] Error: 2 - mail(): Failed to connect to mailserver at &quot;localhost&quot; port 25, verify your &quot;SMTP&quot; and &quot;smtp_port&quot; setting in php.ini or use ini_set() en C:\xampp\htdocs\bitacora_oriental\model\user.php:523
[2025-01-17 22:32:13] Error: 2 - require_once(C:\laragon\www\bitacora_oriental_actualizado\config/../view/webLog/bitacoras.php): failed to open stream: No such file or directory en C:\laragon\www\bitacora_oriental_actualizado\index.php:117
[2025-01-17 22:32:19] Error: 2 - require_once(C:\laragon\www\bitacora_oriental_actualizado\config/../view/webLog/bitacoras.php): failed to open stream: No such file or directory en C:\laragon\www\bitacora_oriental_actualizado\index.php:117
[2025-01-17 23:57:35] Error: 8 - Undefined index: detaTime en C:\laragon\www\bitacora_oriental_actualizado\view\webLog\bitacoraConComentarios.php:21
[2025-01-17 23:57:35] Error: 8 - Undefined index: detaTime en C:\laragon\www\bitacora_oriental_actualizado\view\webLog\bitacoraConComentarios.php:21
[2025-01-17 23:57:35] Error: 8 - Undefined index: detaTime en C:\laragon\www\bitacora_oriental_actualizado\view\webLog\bitacoraConComentarios.php:21
[2025-01-17 23:57:35] Error: 8 - Undefined index: detaTime en C:\laragon\www\bitacora_oriental_actualizado\view\webLog\bitacoraConComentarios.php:21
[2025-01-17 23:57:35] Error: 8 - Undefined index: detaTime en C:\laragon\www\bitacora_oriental_actualizado\view\webLog\bitacoraConComentarios.php:21
[2025-01-17 23:57:35] Error: 8 - Undefined index: detaTime en C:\laragon\www\bitacora_oriental_actualizado\view\webLog\bitacoraConComentarios.php:21
[2025-01-17 23:57:35] Error: 8 - Undefined index: detaTime en C:\laragon\www\bitacora_oriental_actualizado\view\webLog\bitacoraConComentarios.php:21
[2025-01-17 23:57:35] Error: 8 - Undefined index: detaTime en C:\laragon\www\bitacora_oriental_actualizado\view\webLog\bitacoraConComentarios.php:21
[2025-01-17 23:57:35] Error: 8 - Undefined index: detaTime en C:\laragon\www\bitacora_oriental_actualizado\view\webLog\bitacoraConComentarios.php:21
[2025-01-17 23:57:35] Error: 8 - Undefined index: detaTime en C:\laragon\www\bitacora_oriental_actualizado\view\webLog\bitacoraConComentarios.php:21
[2025-01-17 23:57:35] Error: 8 - Undefined index: detaTime en C:\laragon\www\bitacora_oriental_actualizado\view\webLog\bitacoraConComentarios.php:21
[2025-01-17 23:57:35] Error: 8 - Undefined index: detaTime en C:\laragon\www\bitacora_oriental_actualizado\view\webLog\bitacoraConComentarios.php:21
[2025-01-17 23:57:35] Error: 8 - Undefined index: detaTime en C:\laragon\www\bitacora_oriental_actualizado\view\webLog\bitacoraConComentarios.php:21
[2025-01-18 07:59:14] Error: 2 - mail(): Failed to connect to mailserver at &quot;localhost&quot; port 25, verify your &quot;SMTP&quot; and &quot;smtp_port&quot; setting in php.ini or use ini_set() en C:\xampp\htdocs\bitacora_oriental\model\user.php:523
[2025-01-18 08:00:42] Error: 2 - mail(): Failed to connect to mailserver at &quot;localhost&quot; port 25, verify your &quot;SMTP&quot; and &quot;smtp_port&quot; setting in php.ini or use ini_set() en C:\xampp\htdocs\bitacora_oriental\model\user.php:523
[2025-01-18 08:03:44] Error: 2 - mail(): Failed to connect to mailserver at &quot;localhost&quot; port 25, verify your &quot;SMTP&quot; and &quot;smtp_port&quot; setting in php.ini or use ini_set() en C:\xampp\htdocs\bitacora_oriental\model\user.php:523
[2025-01-18 16:33:13] Error: 2 - mail(): Failed to connect to mailserver at &quot;localhost&quot; port 25, verify your &quot;SMTP&quot; and &quot;smtp_port&quot; setting in php.ini or use ini_set() en C:\xampp\htdocs\bitacora_oriental\model\user.php:523
[2025-01-18 16:33:14] Error: 2 - mail(): Failed to connect to mailserver at &quot;localhost&quot; port 25, verify your &quot;SMTP&quot; and &quot;smtp_port&quot; setting in php.ini or use ini_set() en C:\xampp\htdocs\bitacora_oriental\model\user.php:523
[2025-01-18 16:33:32] Error: 2 - mail(): Failed to connect to mailserver at &quot;localhost&quot; port 25, verify your &quot;SMTP&quot; and &quot;smtp_port&quot; setting in php.ini or use ini_set() en C:\xampp\htdocs\bitacora_oriental\model\user.php:523
[2025-01-18 16:33:49] Error: 2 - mail(): Failed to connect to mailserver at &quot;localhost&quot; port 25, verify your &quot;SMTP&quot; and &quot;smtp_port&quot; setting in php.ini or use ini_set() en C:\xampp\htdocs\bitacora_oriental\model\user.php:523
[2025-01-18 16:35:39] Error: 2 - mail(): Failed to connect to mailserver at &quot;localhost&quot; port 25, verify your &quot;SMTP&quot; and &quot;smtp_port&quot; setting in php.ini or use ini_set() en C:\xampp\htdocs\bitacora_oriental\model\user.php:523
[2025-01-18 16:36:05] Error: 2 - mail(): Failed to connect to mailserver at &quot;localhost&quot; port 25, verify your &quot;SMTP&quot; and &quot;smtp_port&quot; setting in php.ini or use ini_set() en C:\xampp\htdocs\bitacora_oriental\model\user.php:523
[2025-01-18 16:36:07] Error: 2 - mail(): Failed to connect to mailserver at &quot;localhost&quot; port 25, verify your &quot;SMTP&quot; and &quot;smtp_port&quot; setting in php.ini or use ini_set() en C:\xampp\htdocs\bitacora_oriental\model\user.php:523
[2025-01-18 16:36:09] Error: 2 - mail(): Failed to connect to mailserver at &quot;localhost&quot; port 25, verify your &quot;SMTP&quot; and &quot;smtp_port&quot; setting in php.ini or use ini_set() en C:\xampp\htdocs\bitacora_oriental\model\user.php:523
[2025-01-18 16:36:21] Error: 2 - mail(): Failed to connect to mailserver at &quot;localhost&quot; port 25, verify your &quot;SMTP&quot; and &quot;smtp_port&quot; setting in php.ini or use ini_set() en C:\xampp\htdocs\bitacora_oriental\model\user.php:523
[2025-01-18 16:40:30] Error: 2 - mail(): Failed to connect to mailserver at &quot;localhost&quot; port 25, verify your &quot;SMTP&quot; and &quot;smtp_port&quot; setting in php.ini or use ini_set() en C:\xampp\htdocs\bitacora_oriental\model\user.php:523
[2025-01-18 16:40:55] Error: 2 - mail(): Failed to connect to mailserver at &quot;localhost&quot; port 25, verify your &quot;SMTP&quot; and &quot;smtp_port&quot; setting in php.ini or use ini_set() en C:\xampp\htdocs\bitacora_oriental\model\user.php:523
[2025-01-18 16:45:59] Error: 2 - mail(): Failed to connect to mailserver at &quot;localhost&quot; port 25, verify your &quot;SMTP&quot; and &quot;smtp_port&quot; setting in php.ini or use ini_set() en C:\xampp\htdocs\bitacora_oriental\model\user.php:523
[2025-01-18 16:54:34] Error: 2 - mail(): Failed to connect to mailserver at &quot;localhost&quot; port 25, verify your &quot;SMTP&quot; and &quot;smtp_port&quot; setting in php.ini or use ini_set() en C:\xampp\htdocs\bitacora_oriental\model\user.php:523
[2025-01-18 19:15:00] Error: 2 - Undefined variable $orientation en C:\xampp\htdocs\bitacora_oriental\controller\reports.php:100
[2025-01-18 22:15:42] Error: 2 - mail(): Failed to connect to mailserver at &quot;localhost&quot; port 25, verify your &quot;SMTP&quot; and &quot;smtp_port&quot; setting in php.ini or use ini_set() en C:\xampp\htdocs\bitacora_oriental\model\user.php:412
[2025-01-18 22:16:01] Error: 2 - mail(): Failed to connect to mailserver at &quot;localhost&quot; port 25, verify your &quot;SMTP&quot; and &quot;smtp_port&quot; setting in php.ini or use ini_set() en C:\xampp\htdocs\bitacora_oriental\model\user.php:481
[2025-01-18 22:16:36] Error: 2 - mail(): Failed to connect to mailserver at &quot;localhost&quot; port 25, verify your &quot;SMTP&quot; and &quot;smtp_port&quot; setting in php.ini or use ini_set() en C:\xampp\htdocs\bitacora_oriental\model\user.php:523
[2025-01-18 22:25:13] Error: 2 - mail(): Failed to connect to mailserver at &quot;localhost&quot; port 25, verify your &quot;SMTP&quot; and &quot;smtp_port&quot; setting in php.ini or use ini_set() en C:\xampp\htdocs\bitacora_oriental\model\user.php:412
[2025-01-18 22:25:30] Error: 2 - mail(): Failed to connect to mailserver at &quot;localhost&quot; port 25, verify your &quot;SMTP&quot; and &quot;smtp_port&quot; setting in php.ini or use ini_set() en C:\xampp\htdocs\bitacora_oriental\model\user.php:481
[2025-01-18 23:22:49] Error: 2 - Undefined array key "imageUrls" en C:\xampp\htdocs\bitacora_oriental\view\webLog\bitacoras.php:38
[2025-01-18 23:22:49] Error: 8192 - explode(): Passing null to parameter #2 ($string) of type string is deprecated en C:\xampp\htdocs\bitacora_oriental\view\webLog\bitacoras.php:38
[2025-01-18 23:22:49] Error: 2 - Undefined array key "tripTitle" en C:\xampp\htdocs\bitacora_oriental\view\webLog\bitacoras.php:62
[2025-01-18 23:22:49] Error: 2 - Undefined array key "description" en C:\xampp\htdocs\bitacora_oriental\view\webLog\bitacoras.php:64
[2025-01-18 23:22:49] Error: 2 - Undefined array key "departureDate" en C:\xampp\htdocs\bitacora_oriental\view\webLog\bitacoras.php:76
[2025-01-18 23:22:49] Error: 8192 - DateTime::__construct(): Passing null to parameter #1 ($datetime) of type string is deprecated en C:\xampp\htdocs\bitacora_oriental\view\webLog\bitacoras.php:76
[2025-01-18 23:22:49] Error: 2 - Undefined array key "numberTravel" en C:\xampp\htdocs\bitacora_oriental\view\webLog\bitacoras.php:90
[2025-01-18 23:22:49] Error: 2 - Undefined array key "idWebLog" en C:\xampp\htdocs\bitacora_oriental\view\webLog\bitacoras.php:94
[2025-01-18 23:22:49] Error: 2 - Undefined array key "idWebLog" en C:\xampp\htdocs\bitacora_oriental\view\webLog\bitacoras.php:101
[2025-01-18 23:22:49] Error: 2 - Undefined array key "imageUrls" en C:\xampp\htdocs\bitacora_oriental\view\webLog\bitacoras.php:38
[2025-01-18 23:22:49] Error: 8192 - explode(): Passing null to parameter #2 ($string) of type string is deprecated en C:\xampp\htdocs\bitacora_oriental\view\webLog\bitacoras.php:38
[2025-01-18 23:22:49] Error: 2 - Undefined array key "tripTitle" en C:\xampp\htdocs\bitacora_oriental\view\webLog\bitacoras.php:62
[2025-01-18 23:22:49] Error: 2 - Undefined array key "description" en C:\xampp\htdocs\bitacora_oriental\view\webLog\bitacoras.php:64
[2025-01-18 23:22:49] Error: 2 - Undefined array key "departureDate" en C:\xampp\htdocs\bitacora_oriental\view\webLog\bitacoras.php:76
[2025-01-18 23:22:49] Error: 8192 - DateTime::__construct(): Passing null to parameter #1 ($datetime) of type string is deprecated en C:\xampp\htdocs\bitacora_oriental\view\webLog\bitacoras.php:76
[2025-01-18 23:22:49] Error: 2 - Undefined array key "numberTravel" en C:\xampp\htdocs\bitacora_oriental\view\webLog\bitacoras.php:90
[2025-01-18 23:22:49] Error: 2 - Undefined array key "idWebLog" en C:\xampp\htdocs\bitacora_oriental\view\webLog\bitacoras.php:94
[2025-01-18 23:22:49] Error: 2 - Undefined array key "idWebLog" en C:\xampp\htdocs\bitacora_oriental\view\webLog\bitacoras.php:101
[2025-01-18 23:22:49] Error: 2 - Undefined array key "imageUrls" en C:\xampp\htdocs\bitacora_oriental\view\webLog\bitacoras.php:38
[2025-01-18 23:22:49] Error: 8192 - explode(): Passing null to parameter #2 ($string) of type string is deprecated en C:\xampp\htdocs\bitacora_oriental\view\webLog\bitacoras.php:38
[2025-01-18 23:22:49] Error: 2 - Undefined array key "tripTitle" en C:\xampp\htdocs\bitacora_oriental\view\webLog\bitacoras.php:62
[2025-01-18 23:22:49] Error: 2 - Undefined array key "description" en C:\xampp\htdocs\bitacora_oriental\view\webLog\bitacoras.php:64
[2025-01-18 23:22:49] Error: 2 - Undefined array key "departureDate" en C:\xampp\htdocs\bitacora_oriental\view\webLog\bitacoras.php:76
[2025-01-18 23:22:49] Error: 8192 - DateTime::__construct(): Passing null to parameter #1 ($datetime) of type string is deprecated en C:\xampp\htdocs\bitacora_oriental\view\webLog\bitacoras.php:76
[2025-01-18 23:22:49] Error: 2 - Undefined array key "numberTravel" en C:\xampp\htdocs\bitacora_oriental\view\webLog\bitacoras.php:90
[2025-01-18 23:22:49] Error: 2 - Undefined array key "idWebLog" en C:\xampp\htdocs\bitacora_oriental\view\webLog\bitacoras.php:94
[2025-01-18 23:22:49] Error: 2 - Undefined array key "idWebLog" en C:\xampp\htdocs\bitacora_oriental\view\webLog\bitacoras.php:101
[2025-01-18 23:22:49] Error: 2 - Undefined array key "imageUrls" en C:\xampp\htdocs\bitacora_oriental\view\webLog\bitacoras.php:38
[2025-01-18 23:22:49] Error: 8192 - explode(): Passing null to parameter #2 ($string) of type string is deprecated en C:\xampp\htdocs\bitacora_oriental\view\webLog\bitacoras.php:38
[2025-01-18 23:22:49] Error: 2 - Undefined array key "tripTitle" en C:\xampp\htdocs\bitacora_oriental\view\webLog\bitacoras.php:62
[2025-01-18 23:22:49] Error: 2 - Undefined array key "description" en C:\xampp\htdocs\bitacora_oriental\view\webLog\bitacoras.php:64
[2025-01-18 23:22:49] Error: 2 - Undefined array key "departureDate" en C:\xampp\htdocs\bitacora_oriental\view\webLog\bitacoras.php:76
[2025-01-18 23:22:49] Error: 8192 - DateTime::__construct(): Passing null to parameter #1 ($datetime) of type string is deprecated en C:\xampp\htdocs\bitacora_oriental\view\webLog\bitacoras.php:76
[2025-01-18 23:22:49] Error: 2 - Undefined array key "numberTravel" en C:\xampp\htdocs\bitacora_oriental\view\webLog\bitacoras.php:90
[2025-01-18 23:22:49] Error: 2 - Undefined array key "idWebLog" en C:\xampp\htdocs\bitacora_oriental\view\webLog\bitacoras.php:94
[2025-01-18 23:22:49] Error: 2 - Undefined array key "idWebLog" en C:\xampp\htdocs\bitacora_oriental\view\webLog\bitacoras.php:101
[2025-01-18 23:22:49] Error: 2 - Undefined array key "imageUrls" en C:\xampp\htdocs\bitacora_oriental\view\webLog\bitacoras.php:38
[2025-01-18 23:22:49] Error: 8192 - explode(): Passing null to parameter #2 ($string) of type string is deprecated en C:\xampp\htdocs\bitacora_oriental\view\webLog\bitacoras.php:38
[2025-01-18 23:22:49] Error: 2 - Undefined array key "tripTitle" en C:\xampp\htdocs\bitacora_oriental\view\webLog\bitacoras.php:62
[2025-01-18 23:22:49] Error: 2 - Undefined array key "description" en C:\xampp\htdocs\bitacora_oriental\view\webLog\bitacoras.php:64
[2025-01-18 23:22:49] Error: 2 - Undefined array key "departureDate" en C:\xampp\htdocs\bitacora_oriental\view\webLog\bitacoras.php:76
[2025-01-18 23:22:49] Error: 8192 - DateTime::__construct(): Passing null to parameter #1 ($datetime) of type string is deprecated en C:\xampp\htdocs\bitacora_oriental\view\webLog\bitacoras.php:76
[2025-01-18 23:22:49] Error: 2 - Undefined array key "numberTravel" en C:\xampp\htdocs\bitacora_oriental\view\webLog\bitacoras.php:90
[2025-01-18 23:22:49] Error: 2 - Undefined array key "idWebLog" en C:\xampp\htdocs\bitacora_oriental\view\webLog\bitacoras.php:94
[2025-01-18 23:22:49] Error: 2 - Undefined array key "idWebLog" en C:\xampp\htdocs\bitacora_oriental\view\webLog\bitacoras.php:101
[2025-01-19 00:46:56] Error: 2 - Undefined variable $data en C:\xampp\htdocs\bitacora_oriental\view\webLog\bitacoraConComentarios.php:64
[2025-01-19 00:46:56] Error: 2 - Trying to access array offset on value of type null en C:\xampp\htdocs\bitacora_oriental\view\webLog\bitacoraConComentarios.php:64
[2025-01-19 00:46:56] Error: 8192 - htmlspecialchars(): Passing null to parameter #1 ($string) of type string is deprecated en C:\xampp\htdocs\bitacora_oriental\view\webLog\bitacoraConComentarios.php:64
[2025-01-19 00:47:50] Error: 2 - Undefined variable $data en C:\xampp\htdocs\bitacora_oriental\view\webLog\bitacoraConComentarios.php:64
[2025-01-19 00:47:50] Error: 2 - Trying to access array offset on value of type null en C:\xampp\htdocs\bitacora_oriental\view\webLog\bitacoraConComentarios.php:64
[2025-01-19 00:47:50] Error: 8192 - htmlspecialchars(): Passing null to parameter #1 ($string) of type string is deprecated en C:\xampp\htdocs\bitacora_oriental\view\webLog\bitacoraConComentarios.php:64
[2025-01-19 00:47:55] Error: 2 - Undefined variable $data en C:\xampp\htdocs\bitacora_oriental\view\webLog\bitacoraConComentarios.php:64
[2025-01-19 00:47:55] Error: 2 - Trying to access array offset on value of type null en C:\xampp\htdocs\bitacora_oriental\view\webLog\bitacoraConComentarios.php:64
[2025-01-19 00:47:55] Error: 8192 - htmlspecialchars(): Passing null to parameter #1 ($string) of type string is deprecated en C:\xampp\htdocs\bitacora_oriental\view\webLog\bitacoraConComentarios.php:64
[2025-01-19 00:53:47] Error: 2 - Undefined variable $data en C:\xampp\htdocs\bitacora_oriental\view\webLog\bitacoraConComentarios.php:64
[2025-01-19 00:53:47] Error: 2 - Trying to access array offset on value of type null en C:\xampp\htdocs\bitacora_oriental\view\webLog\bitacoraConComentarios.php:64
[2025-01-19 00:53:52] Error: 2 - Undefined variable $data en C:\xampp\htdocs\bitacora_oriental\view\webLog\bitacoraConComentarios.php:64
[2025-01-19 00:53:52] Error: 2 - Trying to access array offset on value of type null en C:\xampp\htdocs\bitacora_oriental\view\webLog\bitacoraConComentarios.php:64
[2025-01-19 00:54:15] Error: 2 - Undefined variable $data en C:\xampp\htdocs\bitacora_oriental\view\webLog\bitacoraConComentarios.php:64
[2025-01-19 00:54:15] Error: 2 - Trying to access array offset on value of type null en C:\xampp\htdocs\bitacora_oriental\view\webLog\bitacoraConComentarios.php:64
[2025-01-19 00:55:46] Error: 2 - Undefined array key "idWebLog" en C:\xampp\htdocs\bitacora_oriental\view\webLog\bitacoraConComentarios.php:64
[2025-01-19 00:56:08] Error: 2 - Undefined array key "id" en C:\xampp\htdocs\bitacora_oriental\view\webLog\bitacoraConComentarios.php:64
[2025-01-19 00:56:41] Error: 2 - Undefined array key "id" en C:\xampp\htdocs\bitacora_oriental\view\webLog\bitacoraConComentarios.php:65
[2025-01-19 00:56:45] Error: 2 - Undefined array key "id" en C:\xampp\htdocs\bitacora_oriental\view\webLog\bitacoraConComentarios.php:65
[2025-01-19 00:58:22] Error: 2 - Undefined array key "id" en C:\xampp\htdocs\bitacora_oriental\view\webLog\bitacoraConComentarios.php:65
[2025-01-19 00:59:07] Error: 2 - Undefined array key "id" en C:\xampp\htdocs\bitacora_oriental\view\webLog\bitacoraConComentarios.php:65
[2025-01-19 01:00:17] Error: 2 - Undefined array key "id" en C:\xampp\htdocs\bitacora_oriental\view\webLog\bitacoraConComentarios.php:65
[2025-01-19 01:02:00] Error: 2 - Undefined array key "id" en C:\xampp\htdocs\bitacora_oriental\view\webLog\bitacoraConComentarios.php:65
[2025-01-19 01:03:26] Error: 2 - Undefined array key "id" en C:\xampp\htdocs\bitacora_oriental\view\webLog\bitacoraConComentarios.php:65
[2025-01-19 03:14:57] Error: 2 - Undefined array key "idTrip" en C:\xampp\htdocs\bitacora_oriental\controller\reservation.php:46
[2025-01-19 03:14:57] Error: 2 - Undefined array key "idTrip" en C:\xampp\htdocs\bitacora_oriental\controller\reservation.php:47
[2025-01-19 03:14:57] Error: 2 - Undefined array key "idTrip" en C:\xampp\htdocs\bitacora_oriental\view\reservation\addRequestsReservation.php:39
[2025-01-19 03:14:57] Error: 2 - Trying to access array offset on value of type bool en C:\xampp\htdocs\bitacora_oriental\view\reservation\addRequestsReservation.php:40
[2025-01-19 03:14:57] Error: 2 - Trying to access array offset on value of type bool en C:\xampp\htdocs\bitacora_oriental\view\reservation\addRequestsReservation.php:51
[2025-01-19 03:14:57] Error: 2 - Trying to access array offset on value of type bool en C:\xampp\htdocs\bitacora_oriental\view\reservation\addRequestsReservation.php:51
[2025-01-19 03:14:57] Error: 2 - Trying to access array offset on value of type bool en C:\xampp\htdocs\bitacora_oriental\view\reservation\addRequestsReservation.php:52
[2025-01-19 03:14:57] Error: 2 - Trying to access array offset on value of type bool en C:\xampp\htdocs\bitacora_oriental\view\reservation\addRequestsReservation.php:82
[2025-01-19 03:14:57] Error: 2 - Trying to access array offset on value of type bool en C:\xampp\htdocs\bitacora_oriental\view\reservation\addRequestsReservation.php:83
[2025-01-19 03:15:05] Error: 2 - Undefined array key "idTrip" en C:\xampp\htdocs\bitacora_oriental\controller\reservation.php:46
[2025-01-19 03:15:05] Error: 2 - Undefined array key "idTrip" en C:\xampp\htdocs\bitacora_oriental\controller\reservation.php:47
[2025-01-19 03:15:05] Error: 2 - Undefined array key "idTrip" en C:\xampp\htdocs\bitacora_oriental\view\reservation\addRequestsReservation.php:39
[2025-01-19 03:15:05] Error: 2 - Trying to access array offset on value of type bool en C:\xampp\htdocs\bitacora_oriental\view\reservation\addRequestsReservation.php:40
[2025-01-19 03:15:05] Error: 2 - Trying to access array offset on value of type bool en C:\xampp\htdocs\bitacora_oriental\view\reservation\addRequestsReservation.php:51
[2025-01-19 03:15:05] Error: 2 - Trying to access array offset on value of type bool en C:\xampp\htdocs\bitacora_oriental\view\reservation\addRequestsReservation.php:51
[2025-01-19 03:15:05] Error: 2 - Trying to access array offset on value of type bool en C:\xampp\htdocs\bitacora_oriental\view\reservation\addRequestsReservation.php:52
[2025-01-19 03:15:05] Error: 2 - Trying to access array offset on value of type bool en C:\xampp\htdocs\bitacora_oriental\view\reservation\addRequestsReservation.php:82
[2025-01-19 03:15:05] Error: 2 - Trying to access array offset on value of type bool en C:\xampp\htdocs\bitacora_oriental\view\reservation\addRequestsReservation.php:83
[2025-01-19 03:15:06] Error: 2 - Undefined array key "idTrip" en C:\xampp\htdocs\bitacora_oriental\controller\reservation.php:46
[2025-01-19 03:15:06] Error: 2 - Undefined array key "idTrip" en C:\xampp\htdocs\bitacora_oriental\controller\reservation.php:47
[2025-01-19 03:15:06] Error: 2 - Undefined array key "idTrip" en C:\xampp\htdocs\bitacora_oriental\view\reservation\addRequestsReservation.php:39
[2025-01-19 03:15:06] Error: 2 - Trying to access array offset on value of type bool en C:\xampp\htdocs\bitacora_oriental\view\reservation\addRequestsReservation.php:40
[2025-01-19 03:15:06] Error: 2 - Trying to access array offset on value of type bool en C:\xampp\htdocs\bitacora_oriental\view\reservation\addRequestsReservation.php:51
[2025-01-19 03:15:06] Error: 2 - Trying to access array offset on value of type bool en C:\xampp\htdocs\bitacora_oriental\view\reservation\addRequestsReservation.php:51
[2025-01-19 03:15:06] Error: 2 - Trying to access array offset on value of type bool en C:\xampp\htdocs\bitacora_oriental\view\reservation\addRequestsReservation.php:52
[2025-01-19 03:15:06] Error: 2 - Trying to access array offset on value of type bool en C:\xampp\htdocs\bitacora_oriental\view\reservation\addRequestsReservation.php:82
[2025-01-19 03:15:06] Error: 2 - Trying to access array offset on value of type bool en C:\xampp\htdocs\bitacora_oriental\view\reservation\addRequestsReservation.php:83
[2025-01-19 03:15:08] Error: 2 - Undefined array key "idTrip" en C:\xampp\htdocs\bitacora_oriental\controller\reservation.php:46
[2025-01-19 03:15:08] Error: 2 - Undefined array key "idTrip" en C:\xampp\htdocs\bitacora_oriental\controller\reservation.php:47
[2025-01-19 03:15:08] Error: 2 - Undefined array key "idTrip" en C:\xampp\htdocs\bitacora_oriental\view\reservation\addRequestsReservation.php:39
[2025-01-19 03:15:08] Error: 2 - Trying to access array offset on value of type bool en C:\xampp\htdocs\bitacora_oriental\view\reservation\addRequestsReservation.php:40
[2025-01-19 03:15:08] Error: 2 - Trying to access array offset on value of type bool en C:\xampp\htdocs\bitacora_oriental\view\reservation\addRequestsReservation.php:51
[2025-01-19 03:15:08] Error: 2 - Trying to access array offset on value of type bool en C:\xampp\htdocs\bitacora_oriental\view\reservation\addRequestsReservation.php:51
[2025-01-19 03:15:08] Error: 2 - Trying to access array offset on value of type bool en C:\xampp\htdocs\bitacora_oriental\view\reservation\addRequestsReservation.php:52
[2025-01-19 03:15:08] Error: 2 - Trying to access array offset on value of type bool en C:\xampp\htdocs\bitacora_oriental\view\reservation\addRequestsReservation.php:82
[2025-01-19 03:15:08] Error: 2 - Trying to access array offset on value of type bool en C:\xampp\htdocs\bitacora_oriental\view\reservation\addRequestsReservation.php:83
[2025-01-19 03:15:09] Error: 2 - Undefined array key "idTrip" en C:\xampp\htdocs\bitacora_oriental\controller\reservation.php:46
[2025-01-19 03:15:09] Error: 2 - Undefined array key "idTrip" en C:\xampp\htdocs\bitacora_oriental\controller\reservation.php:47
[2025-01-19 03:15:09] Error: 2 - Undefined array key "idTrip" en C:\xampp\htdocs\bitacora_oriental\view\reservation\addRequestsReservation.php:39
[2025-01-19 03:15:09] Error: 2 - Trying to access array offset on value of type bool en C:\xampp\htdocs\bitacora_oriental\view\reservation\addRequestsReservation.php:40
[2025-01-19 03:15:09] Error: 2 - Trying to access array offset on value of type bool en C:\xampp\htdocs\bitacora_oriental\view\reservation\addRequestsReservation.php:51
[2025-01-19 03:15:09] Error: 2 - Trying to access array offset on value of type bool en C:\xampp\htdocs\bitacora_oriental\view\reservation\addRequestsReservation.php:51
[2025-01-19 03:15:09] Error: 2 - Trying to access array offset on value of type bool en C:\xampp\htdocs\bitacora_oriental\view\reservation\addRequestsReservation.php:52
[2025-01-19 03:15:09] Error: 2 - Trying to access array offset on value of type bool en C:\xampp\htdocs\bitacora_oriental\view\reservation\addRequestsReservation.php:82
[2025-01-19 03:15:09] Error: 2 - Trying to access array offset on value of type bool en C:\xampp\htdocs\bitacora_oriental\view\reservation\addRequestsReservation.php:83
[2025-01-19 03:16:28] Error: 2 - Undefined array key "idTrip" en C:\xampp\htdocs\bitacora_oriental\controller\reservation.php:46
[2025-01-19 03:16:28] Error: 2 - Undefined array key "idTrip" en C:\xampp\htdocs\bitacora_oriental\controller\reservation.php:47
[2025-01-19 03:16:28] Error: 2 - Undefined array key "idTrip" en C:\xampp\htdocs\bitacora_oriental\view\reservation\addRequestsReservation.php:39
[2025-01-19 03:16:28] Error: 2 - Trying to access array offset on value of type bool en C:\xampp\htdocs\bitacora_oriental\view\reservation\addRequestsReservation.php:40
[2025-01-19 03:16:28] Error: 2 - Trying to access array offset on value of type bool en C:\xampp\htdocs\bitacora_oriental\view\reservation\addRequestsReservation.php:51
[2025-01-19 03:16:28] Error: 2 - Trying to access array offset on value of type bool en C:\xampp\htdocs\bitacora_oriental\view\reservation\addRequestsReservation.php:51
[2025-01-19 03:16:28] Error: 2 - Trying to access array offset on value of type bool en C:\xampp\htdocs\bitacora_oriental\view\reservation\addRequestsReservation.php:52
[2025-01-19 03:16:28] Error: 2 - Trying to access array offset on value of type bool en C:\xampp\htdocs\bitacora_oriental\view\reservation\addRequestsReservation.php:82
[2025-01-19 03:16:28] Error: 2 - Trying to access array offset on value of type bool en C:\xampp\htdocs\bitacora_oriental\view\reservation\addRequestsReservation.php:83
[2025-01-19 03:27:57] Error: 2 - Undefined array key "idTrip" en C:\xampp\htdocs\bitacora_oriental\controller\reservation.php:48
[2025-01-19 03:27:57] Error: 2 - Undefined array key "idTrip" en C:\xampp\htdocs\bitacora_oriental\view\reservation\addRequestsReservation.php:39
[2025-01-19 03:27:57] Error: 2 - Trying to access array offset on value of type bool en C:\xampp\htdocs\bitacora_oriental\view\reservation\addRequestsReservation.php:40
[2025-01-19 03:27:57] Error: 2 - Trying to access array offset on value of type bool en C:\xampp\htdocs\bitacora_oriental\view\reservation\addRequestsReservation.php:51
[2025-01-19 03:27:57] Error: 2 - Trying to access array offset on value of type bool en C:\xampp\htdocs\bitacora_oriental\view\reservation\addRequestsReservation.php:51
[2025-01-19 03:27:57] Error: 2 - Trying to access array offset on value of type bool en C:\xampp\htdocs\bitacora_oriental\view\reservation\addRequestsReservation.php:52
[2025-01-19 03:27:57] Error: 2 - Trying to access array offset on value of type bool en C:\xampp\htdocs\bitacora_oriental\view\reservation\addRequestsReservation.php:82
[2025-01-19 03:27:57] Error: 2 - Trying to access array offset on value of type bool en C:\xampp\htdocs\bitacora_oriental\view\reservation\addRequestsReservation.php:83
[2025-01-19 09:32:52] Error: 2 - mail(): Failed to connect to mailserver at &quot;localhost&quot; port 25, verify your &quot;SMTP&quot; and &quot;smtp_port&quot; setting in php.ini or use ini_set() en C:\xampp\htdocs\bitacora_oriental\model\user.php:639
[2025-01-19 09:39:22] Error: 2 - mail(): Failed to connect to mailserver at &quot;localhost&quot; port 25, verify your &quot;SMTP&quot; and &quot;smtp_port&quot; setting in php.ini or use ini_set() en C:\xampp\htdocs\bitacora_oriental\model\user.php:412
[2025-01-19 09:39:40] Error: 2 - mail(): Failed to connect to mailserver at &quot;localhost&quot; port 25, verify your &quot;SMTP&quot; and &quot;smtp_port&quot; setting in php.ini or use ini_set() en C:\xampp\htdocs\bitacora_oriental\model\user.php:481
[2025-01-19 09:41:16] Error: 2 - mail(): Failed to connect to mailserver at &quot;localhost&quot; port 25, verify your &quot;SMTP&quot; and &quot;smtp_port&quot; setting in php.ini or use ini_set() en C:\xampp\htdocs\bitacora_oriental\model\user.php:639
[2025-01-19 09:42:03] Error: 2 - mail(): Failed to connect to mailserver at &quot;localhost&quot; port 25, verify your &quot;SMTP&quot; and &quot;smtp_port&quot; setting in php.ini or use ini_set() en C:\xampp\htdocs\bitacora_oriental\model\user.php:639
[2025-01-19 09:44:04] Error: 2 - mail(): Failed to connect to mailserver at &quot;localhost&quot; port 25, verify your &quot;SMTP&quot; and &quot;smtp_port&quot; setting in php.ini or use ini_set() en C:\xampp\htdocs\bitacora_oriental\model\user.php:639
[2025-01-19 10:13:02] Error: 2 - Undefined array key "trip" en C:\xampp\htdocs\bitacora_oriental\view\reservation\listRequestsReservationA.php:2
[2025-01-19 10:13:02] Error: 2 - Trying to access array offset on value of type null en C:\xampp\htdocs\bitacora_oriental\view\reservation\listRequestsReservationA.php:21
[2025-01-19 10:13:02] Error: 2 - Trying to access array offset on value of type null en C:\xampp\htdocs\bitacora_oriental\view\reservation\listRequestsReservationA.php:21
[2025-01-19 10:15:13] Error: 2 - Undefined array key "trip" en C:\xampp\htdocs\bitacora_oriental\view\reservation\listRequestsReservationA.php:2
[2025-01-19 10:15:13] Error: 2 - Trying to access array offset on value of type null en C:\xampp\htdocs\bitacora_oriental\view\reservation\listRequestsReservationA.php:21
[2025-01-19 10:15:13] Error: 2 - Trying to access array offset on value of type null en C:\xampp\htdocs\bitacora_oriental\view\reservation\listRequestsReservationA.php:21
[2025-01-19 10:24:10] Error: 2 - Undefined array key "idTrip" en C:\xampp\htdocs\bitacora_oriental\view\reservation\listRequestsReservationA.php:21
[2025-01-19 10:24:10] Error: 2 - Undefined array key "title" en C:\xampp\htdocs\bitacora_oriental\view\reservation\listRequestsReservationA.php:21
[2025-01-19 10:24:21] Error: 2 - Undefined array key "idTrip" en C:\xampp\htdocs\bitacora_oriental\view\reservation\listRequestsReservationA.php:21
[2025-01-19 10:24:21] Error: 2 - Undefined array key "title" en C:\xampp\htdocs\bitacora_oriental\view\reservation\listRequestsReservationA.php:21
[2025-01-19 10:27:35] Error: 2 - Undefined array key "idTrip" en C:\xampp\htdocs\bitacora_oriental\view\reservation\listRequestsReservationA.php:21
[2025-01-19 10:27:35] Error: 2 - Undefined array key "title" en C:\xampp\htdocs\bitacora_oriental\view\reservation\listRequestsReservationA.php:21
[2025-01-19 10:28:22] Error: 2 - Undefined array key "idTrip" en C:\xampp\htdocs\bitacora_oriental\view\reservation\listRequestsReservationA.php:21
[2025-01-19 10:28:22] Error: 2 - Undefined array key "title" en C:\xampp\htdocs\bitacora_oriental\view\reservation\listRequestsReservationA.php:21
[2025-01-19 10:29:11] Error: 2 - Undefined array key "idTrip" en C:\xampp\htdocs\bitacora_oriental\view\reservation\listRequestsReservationA.php:21
[2025-01-19 10:29:11] Error: 2 - Undefined array key "title" en C:\xampp\htdocs\bitacora_oriental\view\reservation\listRequestsReservationA.php:21
[2025-01-19 10:35:20] Error: 2 - Undefined array key "admin" en C:\xampp\htdocs\bitacora_oriental\view\reservation\addRequestsReservation.php:41
[2025-01-19 10:35:55] Error: 2 - Undefined array key "admin" en C:\xampp\htdocs\bitacora_oriental\view\reservation\addRequestsReservation.php:41
[2025-01-19 10:44:38] Error: 2 - Undefined array key "admin" en C:\xampp\htdocs\bitacora_oriental\view\reservation\addRequestsReservation.php:41
[2025-01-19 10:45:32] Error: 2 - Undefined array key "admin" en C:\xampp\htdocs\bitacora_oriental\view\reservation\addRequestsReservation.php:41
[2025-01-19 11:23:05] Error: 2 - Undefined array key "admin" en C:\xampp\htdocs\bitacora_oriental\view\reservation\addRequestsReservation.php:41
[2025-01-19 11:25:02] Error: 2 - require_once(C:\xampp\htdocs\bitacora_oriental\config/../view/reservation/a.php): Failed to open stream: No such file or directory en C:\xampp\htdocs\bitacora_oriental\index.php:117
[2025-01-19 11:25:05] Error: 2 - require_once(C:\xampp\htdocs\bitacora_oriental\config/../view/reservation/a.php): Failed to open stream: No such file or directory en C:\xampp\htdocs\bitacora_oriental\index.php:117
[2025-01-19 11:26:36] Error: 2 - Undefined array key "admin" en C:\xampp\htdocs\bitacora_oriental\view\reservation\addRequestsReservation.php:41
[2025-01-19 13:01:28] Error: 2 - Undefined array key "admin" en C:\xampp\htdocs\bitacora_oriental\view\reservation\addRequestsReservation.php:41
[2025-01-19 13:02:41] Error: 2 - Undefined array key "admin" en C:\xampp\htdocs\bitacora_oriental\view\reservation\addRequestsReservation.php:41
[2025-01-19 13:03:06] Error: 2 - Undefined array key "admin" en C:\xampp\htdocs\bitacora_oriental\view\reservation\addRequestsReservation.php:41
[2025-01-19 13:03:30] Error: 2 - mail(): Failed to connect to mailserver at &quot;localhost&quot; port 25, verify your &quot;SMTP&quot; and &quot;smtp_port&quot; setting in php.ini or use ini_set() en C:\xampp\htdocs\bitacora_oriental\model\user.php:523
[2025-01-19 13:21:37] Error: 2 - Undefined array key "admin" en C:\xampp\htdocs\bitacora_oriental\view\reservation\addRequestsReservation.php:41
[2025-01-19 13:22:13] Error: 2 - Undefined array key "admin" en C:\xampp\htdocs\bitacora_oriental\view\reservation\addRequestsReservation.php:41
[2025-01-19 13:24:26] Error: 2 - Undefined array key "admin" en C:\xampp\htdocs\bitacora_oriental\view\reservation\addRequestsReservation.php:41
[2025-01-19 13:26:02] Error: 2 - Undefined array key "admin" en C:\xampp\htdocs\bitacora_oriental\view\reservation\addRequestsReservation.php:41
[2025-01-19 13:26:02] Error: 2 - Undefined array key "admin" en C:\xampp\htdocs\bitacora_oriental\view\reservation\addRequestsReservation.php:41
[2025-01-19 13:48:14] Error: 2 - Undefined array key "admin" en C:\xampp\htdocs\bitacora_oriental\view\reservation\addRequestsReservation.php:41
[2025-01-19 13:48:49] Error: 2 - Undefined array key "admin" en C:\xampp\htdocs\bitacora_oriental\view\reservation\addRequestsReservation.php:41
[2025-01-19 15:16:45] Error: 2 - Undefined array key 0 en C:\xampp\htdocs\bitacora_oriental\view\report\report_trip.php:3
[2025-01-19 15:18:29] Error: 2 - Undefined array key 0 en C:\xampp\htdocs\bitacora_oriental\view\report\report_trip.php:3
[2025-01-19 15:22:53] Error: 2 - Undefined array key 0 en C:\xampp\htdocs\bitacora_oriental\view\report\report_trip.php:3
[2025-01-19 15:38:33] Error: 2 - mail(): Failed to connect to mailserver at &quot;localhost&quot; port 25, verify your &quot;SMTP&quot; and &quot;smtp_port&quot; setting in php.ini or use ini_set() en C:\xampp\htdocs\bitacora_oriental\model\user.php:639
[2025-01-19 19:10:59] Error: 2 - Undefined array key "admin" en C:\xampp\htdocs\bitacora_oriental\view\reservation\addRequestsReservation.php:41
[2025-01-19 19:58:56] Error: 2 - Undefined array key "idTrip" en C:\xampp\htdocs\bitacora_oriental\controller\reservation.php:103
[2025-01-19 19:58:56] Error: 2 - Undefined array key "idTrip" en C:\xampp\htdocs\bitacora_oriental\controller\reservation.php:105
[2025-01-19 19:58:56] Error: 2 - Undefined array key "idReservation" en C:\xampp\htdocs\bitacora_oriental\controller\reservation.php:107
[2025-01-19 19:58:56] Error: 2 - Undefined array key "idReservation" en C:\xampp\htdocs\bitacora_oriental\controller\reservation.php:111
[2025-01-19 19:58:56] Error: 2 - Trying to access array offset on value of type bool en C:\xampp\htdocs\bitacora_oriental\view\reservation\editRequestsReservation.php:7
[2025-01-19 19:58:56] Error: 2 - Trying to access array offset on value of type bool en C:\xampp\htdocs\bitacora_oriental\view\reservation\editRequestsReservation.php:8
[2025-01-19 19:58:56] Error: 2 - Undefined array key "id" en C:\xampp\htdocs\bitacora_oriental\view\reservation\editRequestsReservation.php:39
[2025-01-19 19:58:56] Error: 2 - Undefined array key "idTrip" en C:\xampp\htdocs\bitacora_oriental\view\reservation\editRequestsReservation.php:61
[2025-01-19 19:58:56] Error: 2 - Trying to access array offset on value of type bool en C:\xampp\htdocs\bitacora_oriental\view\reservation\editRequestsReservation.php:62
[2025-01-19 19:58:56] Error: 2 - Trying to access array offset on value of type bool en C:\xampp\htdocs\bitacora_oriental\view\reservation\editRequestsReservation.php:74
[2025-01-19 19:58:56] Error: 2 - Trying to access array offset on value of type bool en C:\xampp\htdocs\bitacora_oriental\view\reservation\editRequestsReservation.php:75
[2025-01-19 19:58:56] Error: 2 - Trying to access array offset on value of type bool en C:\xampp\htdocs\bitacora_oriental\view\reservation\editRequestsReservation.php:76
[2025-01-19 19:58:56] Error: 2 - Trying to access array offset on value of type bool en C:\xampp\htdocs\bitacora_oriental\view\reservation\editRequestsReservation.php:76
[2025-01-19 19:58:56] Error: 2 - Trying to access array offset on value of type bool en C:\xampp\htdocs\bitacora_oriental\view\reservation\editRequestsReservation.php:77
[2025-01-19 19:58:56] Error: 2 - Trying to access array offset on value of type bool en C:\xampp\htdocs\bitacora_oriental\view\reservation\editRequestsReservation.php:113
[2025-01-19 19:58:56] Error: 2 - Trying to access array offset on value of type bool en C:\xampp\htdocs\bitacora_oriental\view\reservation\editRequestsReservation.php:114
[2025-01-19 19:58:56] Error: 2 - Trying to access array offset on value of type bool en C:\xampp\htdocs\bitacora_oriental\view\reservation\editRequestsReservation.php:120
[2025-01-19 19:58:56] Error: 2 - foreach() argument must be of type array|object, null given en C:\xampp\htdocs\bitacora_oriental\view\reservation\editRequestsReservation.php:276
[2025-01-19 19:58:56] Error: 2 - Trying to access array offset on value of type bool en C:\xampp\htdocs\bitacora_oriental\view\reservation\editRequestsReservation.php:402
[2025-01-19 20:03:27] Error: 2 - Cannot modify header information - headers already sent by (output started at C:\xampp\htdocs\bitacora_oriental\view\template\headerTourist.php:68) en C:\xampp\htdocs\bitacora_oriental\view\reservation\editRequestsReservation.php:449
[2025-01-19 20:03:41] Error: 2 - Undefined array key "idTrip" en C:\xampp\htdocs\bitacora_oriental\controller\reservation.php:103
[2025-01-19 20:03:41] Error: 2 - Undefined array key "idTrip" en C:\xampp\htdocs\bitacora_oriental\controller\reservation.php:105
[2025-01-19 20:03:41] Error: 2 - Undefined array key "idReservation" en C:\xampp\htdocs\bitacora_oriental\controller\reservation.php:107
[2025-01-19 20:03:41] Error: 2 - Undefined array key "idReservation" en C:\xampp\htdocs\bitacora_oriental\controller\reservation.php:111
[2025-01-19 20:03:41] Error: 2 - Trying to access array offset on value of type bool en C:\xampp\htdocs\bitacora_oriental\view\reservation\editRequestsReservation.php:7
[2025-01-19 20:03:41] Error: 2 - Trying to access array offset on value of type bool en C:\xampp\htdocs\bitacora_oriental\view\reservation\editRequestsReservation.php:8
[2025-01-19 20:03:41] Error: 2 - Undefined array key "id" en C:\xampp\htdocs\bitacora_oriental\view\reservation\editRequestsReservation.php:39
[2025-01-19 20:03:41] Error: 2 - Undefined array key "idTrip" en C:\xampp\htdocs\bitacora_oriental\view\reservation\editRequestsReservation.php:61
[2025-01-19 20:03:41] Error: 2 - Trying to access array offset on value of type bool en C:\xampp\htdocs\bitacora_oriental\view\reservation\editRequestsReservation.php:62
[2025-01-19 20:03:41] Error: 2 - Trying to access array offset on value of type bool en C:\xampp\htdocs\bitacora_oriental\view\reservation\editRequestsReservation.php:74
[2025-01-19 20:03:41] Error: 2 - Trying to access array offset on value of type bool en C:\xampp\htdocs\bitacora_oriental\view\reservation\editRequestsReservation.php:75
[2025-01-19 20:03:41] Error: 2 - Trying to access array offset on value of type bool en C:\xampp\htdocs\bitacora_oriental\view\reservation\editRequestsReservation.php:76
[2025-01-19 20:03:41] Error: 2 - Trying to access array offset on value of type bool en C:\xampp\htdocs\bitacora_oriental\view\reservation\editRequestsReservation.php:76
[2025-01-19 20:03:41] Error: 2 - Trying to access array offset on value of type bool en C:\xampp\htdocs\bitacora_oriental\view\reservation\editRequestsReservation.php:77
[2025-01-19 20:03:41] Error: 2 - Trying to access array offset on value of type bool en C:\xampp\htdocs\bitacora_oriental\view\reservation\editRequestsReservation.php:113
[2025-01-19 20:03:41] Error: 2 - Trying to access array offset on value of type bool en C:\xampp\htdocs\bitacora_oriental\view\reservation\editRequestsReservation.php:114
[2025-01-19 20:03:41] Error: 2 - Trying to access array offset on value of type bool en C:\xampp\htdocs\bitacora_oriental\view\reservation\editRequestsReservation.php:120
[2025-01-19 20:03:41] Error: 2 - foreach() argument must be of type array|object, null given en C:\xampp\htdocs\bitacora_oriental\view\reservation\editRequestsReservation.php:276
[2025-01-19 20:03:41] Error: 2 - Trying to access array offset on value of type bool en C:\xampp\htdocs\bitacora_oriental\view\reservation\editRequestsReservation.php:402
[2025-01-19 20:03:41] Error: 2 - Cannot modify header information - headers already sent by (output started at C:\xampp\htdocs\bitacora_oriental\view\template\headerTourist.php:68) en C:\xampp\htdocs\bitacora_oriental\view\reservation\editRequestsReservation.php:449
[2025-01-19 20:03:47] Error: 2 - Cannot modify header information - headers already sent by (output started at C:\xampp\htdocs\bitacora_oriental\view\template\headerTourist.php:68) en C:\xampp\htdocs\bitacora_oriental\view\reservation\editRequestsReservation.php:449
[2025-01-19 20:03:48] Error: 2 - Cannot modify header information - headers already sent by (output started at C:\xampp\htdocs\bitacora_oriental\view\template\headerTourist.php:68) en C:\xampp\htdocs\bitacora_oriental\view\reservation\editRequestsReservation.php:449
[2025-01-19 20:03:58] Error: 2 - Cannot modify header information - headers already sent by (output started at C:\xampp\htdocs\bitacora_oriental\view\template\headerTourist.php:68) en C:\xampp\htdocs\bitacora_oriental\view\reservation\editRequestsReservation.php:449
[2025-01-19 20:04:16] Error: 2 - Undefined array key "idTrip" en C:\xampp\htdocs\bitacora_oriental\controller\reservation.php:103
[2025-01-19 20:04:16] Error: 2 - Undefined array key "idTrip" en C:\xampp\htdocs\bitacora_oriental\controller\reservation.php:105
[2025-01-19 20:04:16] Error: 2 - Undefined array key "idReservation" en C:\xampp\htdocs\bitacora_oriental\controller\reservation.php:107
[2025-01-19 20:04:16] Error: 2 - Undefined array key "idReservation" en C:\xampp\htdocs\bitacora_oriental\controller\reservation.php:111
[2025-01-19 20:04:16] Error: 2 - Trying to access array offset on value of type bool en C:\xampp\htdocs\bitacora_oriental\view\reservation\editRequestsReservation.php:7
[2025-01-19 20:04:16] Error: 2 - Trying to access array offset on value of type bool en C:\xampp\htdocs\bitacora_oriental\view\reservation\editRequestsReservation.php:8
[2025-01-19 20:04:16] Error: 2 - Undefined array key "id" en C:\xampp\htdocs\bitacora_oriental\view\reservation\editRequestsReservation.php:39
[2025-01-19 20:04:16] Error: 2 - Undefined array key "idTrip" en C:\xampp\htdocs\bitacora_oriental\view\reservation\editRequestsReservation.php:61
[2025-01-19 20:04:16] Error: 2 - Trying to access array offset on value of type bool en C:\xampp\htdocs\bitacora_oriental\view\reservation\editRequestsReservation.php:62
[2025-01-19 20:04:16] Error: 2 - Trying to access array offset on value of type bool en C:\xampp\htdocs\bitacora_oriental\view\reservation\editRequestsReservation.php:74
[2025-01-19 20:04:16] Error: 2 - Trying to access array offset on value of type bool en C:\xampp\htdocs\bitacora_oriental\view\reservation\editRequestsReservation.php:75
[2025-01-19 20:04:16] Error: 2 - Trying to access array offset on value of type bool en C:\xampp\htdocs\bitacora_oriental\view\reservation\editRequestsReservation.php:76
[2025-01-19 20:04:16] Error: 2 - Trying to access array offset on value of type bool en C:\xampp\htdocs\bitacora_oriental\view\reservation\editRequestsReservation.php:76
[2025-01-19 20:04:16] Error: 2 - Trying to access array offset on value of type bool en C:\xampp\htdocs\bitacora_oriental\view\reservation\editRequestsReservation.php:77
[2025-01-19 20:04:16] Error: 2 - Trying to access array offset on value of type bool en C:\xampp\htdocs\bitacora_oriental\view\reservation\editRequestsReservation.php:113
[2025-01-19 20:04:16] Error: 2 - Trying to access array offset on value of type bool en C:\xampp\htdocs\bitacora_oriental\view\reservation\editRequestsReservation.php:114
[2025-01-19 20:04:16] Error: 2 - Trying to access array offset on value of type bool en C:\xampp\htdocs\bitacora_oriental\view\reservation\editRequestsReservation.php:120
[2025-01-19 20:04:16] Error: 2 - foreach() argument must be of type array|object, null given en C:\xampp\htdocs\bitacora_oriental\view\reservation\editRequestsReservation.php:276
[2025-01-19 20:04:16] Error: 2 - Trying to access array offset on value of type bool en C:\xampp\htdocs\bitacora_oriental\view\reservation\editRequestsReservation.php:402
[2025-01-19 20:04:16] Error: 2 - Cannot modify header information - headers already sent by (output started at C:\xampp\htdocs\bitacora_oriental\view\template\headerTourist.php:68) en C:\xampp\htdocs\bitacora_oriental\view\reservation\editRequestsReservation.php:449
[2025-01-19 20:06:22] Error: 2 - Undefined array key "idTrip" en C:\xampp\htdocs\bitacora_oriental\controller\reservation.php:103
[2025-01-19 20:06:22] Error: 2 - Undefined array key "idTrip" en C:\xampp\htdocs\bitacora_oriental\controller\reservation.php:105
[2025-01-19 20:06:22] Error: 2 - Undefined array key "idReservation" en C:\xampp\htdocs\bitacora_oriental\controller\reservation.php:107
[2025-01-19 20:06:22] Error: 2 - Undefined array key "idReservation" en C:\xampp\htdocs\bitacora_oriental\controller\reservation.php:111
[2025-01-19 20:06:22] Error: 2 - Trying to access array offset on value of type bool en C:\xampp\htdocs\bitacora_oriental\view\reservation\editRequestsReservation.php:7
[2025-01-19 20:06:22] Error: 2 - Trying to access array offset on value of type bool en C:\xampp\htdocs\bitacora_oriental\view\reservation\editRequestsReservation.php:8
[2025-01-19 20:06:22] Error: 2 - Undefined array key "id" en C:\xampp\htdocs\bitacora_oriental\view\reservation\editRequestsReservation.php:39
[2025-01-19 20:06:22] Error: 2 - Undefined array key "idTrip" en C:\xampp\htdocs\bitacora_oriental\view\reservation\editRequestsReservation.php:61
[2025-01-19 20:06:22] Error: 2 - Trying to access array offset on value of type bool en C:\xampp\htdocs\bitacora_oriental\view\reservation\editRequestsReservation.php:62
[2025-01-19 20:06:22] Error: 2 - Trying to access array offset on value of type bool en C:\xampp\htdocs\bitacora_oriental\view\reservation\editRequestsReservation.php:74
[2025-01-19 20:06:22] Error: 2 - Trying to access array offset on value of type bool en C:\xampp\htdocs\bitacora_oriental\view\reservation\editRequestsReservation.php:75
[2025-01-19 20:06:22] Error: 2 - Trying to access array offset on value of type bool en C:\xampp\htdocs\bitacora_oriental\view\reservation\editRequestsReservation.php:76
[2025-01-19 20:06:22] Error: 2 - Trying to access array offset on value of type bool en C:\xampp\htdocs\bitacora_oriental\view\reservation\editRequestsReservation.php:76
[2025-01-19 20:06:22] Error: 2 - Trying to access array offset on value of type bool en C:\xampp\htdocs\bitacora_oriental\view\reservation\editRequestsReservation.php:77
[2025-01-19 20:06:22] Error: 2 - Trying to access array offset on value of type bool en C:\xampp\htdocs\bitacora_oriental\view\reservation\editRequestsReservation.php:113
[2025-01-19 20:06:22] Error: 2 - Trying to access array offset on value of type bool en C:\xampp\htdocs\bitacora_oriental\view\reservation\editRequestsReservation.php:114
[2025-01-19 20:06:22] Error: 2 - Trying to access array offset on value of type bool en C:\xampp\htdocs\bitacora_oriental\view\reservation\editRequestsReservation.php:120
[2025-01-19 20:06:22] Error: 2 - foreach() argument must be of type array|object, null given en C:\xampp\htdocs\bitacora_oriental\view\reservation\editRequestsReservation.php:276
[2025-01-19 20:06:22] Error: 2 - Trying to access array offset on value of type bool en C:\xampp\htdocs\bitacora_oriental\view\reservation\editRequestsReservation.php:402
[2025-01-19 20:06:32] Error: 2 - Undefined array key "idTrip" en C:\xampp\htdocs\bitacora_oriental\controller\reservation.php:103
[2025-01-19 20:06:32] Error: 2 - Undefined array key "idTrip" en C:\xampp\htdocs\bitacora_oriental\controller\reservation.php:105
[2025-01-19 20:06:32] Error: 2 - Undefined array key "idReservation" en C:\xampp\htdocs\bitacora_oriental\controller\reservation.php:107
[2025-01-19 20:06:32] Error: 2 - Undefined array key "idReservation" en C:\xampp\htdocs\bitacora_oriental\controller\reservation.php:111
[2025-01-19 20:06:32] Error: 2 - Trying to access array offset on value of type bool en C:\xampp\htdocs\bitacora_oriental\view\reservation\editRequestsReservation.php:7
[2025-01-19 20:06:32] Error: 2 - Trying to access array offset on value of type bool en C:\xampp\htdocs\bitacora_oriental\view\reservation\editRequestsReservation.php:8
[2025-01-19 20:06:32] Error: 2 - Undefined array key "id" en C:\xampp\htdocs\bitacora_oriental\view\reservation\editRequestsReservation.php:39
[2025-01-19 20:06:32] Error: 2 - Undefined array key "idTrip" en C:\xampp\htdocs\bitacora_oriental\view\reservation\editRequestsReservation.php:61
[2025-01-19 20:06:32] Error: 2 - Trying to access array offset on value of type bool en C:\xampp\htdocs\bitacora_oriental\view\reservation\editRequestsReservation.php:62
[2025-01-19 20:06:32] Error: 2 - Trying to access array offset on value of type bool en C:\xampp\htdocs\bitacora_oriental\view\reservation\editRequestsReservation.php:74
[2025-01-19 20:06:32] Error: 2 - Trying to access array offset on value of type bool en C:\xampp\htdocs\bitacora_oriental\view\reservation\editRequestsReservation.php:75
[2025-01-19 20:06:32] Error: 2 - Trying to access array offset on value of type bool en C:\xampp\htdocs\bitacora_oriental\view\reservation\editRequestsReservation.php:76
[2025-01-19 20:06:32] Error: 2 - Trying to access array offset on value of type bool en C:\xampp\htdocs\bitacora_oriental\view\reservation\editRequestsReservation.php:76
[2025-01-19 20:06:32] Error: 2 - Trying to access array offset on value of type bool en C:\xampp\htdocs\bitacora_oriental\view\reservation\editRequestsReservation.php:77
[2025-01-19 20:06:32] Error: 2 - Trying to access array offset on value of type bool en C:\xampp\htdocs\bitacora_oriental\view\reservation\editRequestsReservation.php:113
[2025-01-19 20:06:32] Error: 2 - Trying to access array offset on value of type bool en C:\xampp\htdocs\bitacora_oriental\view\reservation\editRequestsReservation.php:114
[2025-01-19 20:06:32] Error: 2 - Trying to access array offset on value of type bool en C:\xampp\htdocs\bitacora_oriental\view\reservation\editRequestsReservation.php:120
[2025-01-19 20:06:32] Error: 2 - foreach() argument must be of type array|object, null given en C:\xampp\htdocs\bitacora_oriental\view\reservation\editRequestsReservation.php:276
[2025-01-19 20:06:32] Error: 2 - Trying to access array offset on value of type bool en C:\xampp\htdocs\bitacora_oriental\view\reservation\editRequestsReservation.php:402
[2025-01-19 20:09:09] Error: 2 - Undefined array key "admin" en C:\xampp\htdocs\bitacora_oriental\view\reservation\addRequestsReservation.php:41
[2025-01-19 20:12:05] Error: 2 - Undefined variable $tripId en C:\xampp\htdocs\bitacora_oriental\controller\reservation.php:101
[2025-01-19 20:12:11] Error: 2 - Undefined variable $tripId en C:\xampp\htdocs\bitacora_oriental\controller\reservation.php:101
[2025-01-19 20:18:50] Error: 2 - Undefined array key "admin" en C:\xampp\htdocs\bitacora_oriental\view\reservation\addRequestsReservation.php:41
[2025-01-19 20:19:11] Error: 2 - Undefined array key "admin" en C:\xampp\htdocs\bitacora_oriental\view\reservation\addRequestsReservation.php:41
[2025-01-19 20:28:30] Error: 2 - Undefined array key "admin" en C:\xampp\htdocs\bitacora_oriental\view\reservation\addRequestsReservation.php:41
[2025-01-19 20:28:37] Error: 2 - Undefined array key "admin" en C:\xampp\htdocs\bitacora_oriental\view\reservation\addRequestsReservation.php:41
[2025-01-19 20:29:51] Error: 2 - Undefined array key "admin" en C:\xampp\htdocs\bitacora_oriental\view\reservation\addRequestsReservation.php:41
[2025-01-19 20:29:52] Error: 2 - Undefined array key "admin" en C:\xampp\htdocs\bitacora_oriental\view\reservation\addRequestsReservation.php:41
[2025-01-19 20:33:54] Error: 2 - Undefined array key "admin" en C:\xampp\htdocs\bitacora_oriental\view\reservation\addRequestsReservation.php:41
[2025-01-19 20:35:17] Error: 2 - Undefined array key "admin" en C:\xampp\htdocs\bitacora_oriental\view\reservation\addRequestsReservation.php:41
[2025-01-19 20:36:57] Error: 2 - Undefined array key "admin" en C:\xampp\htdocs\bitacora_oriental\view\reservation\addRequestsReservation.php:41
[2025-01-19 20:37:27] Error: 2 - Undefined array key "admin" en C:\xampp\htdocs\bitacora_oriental\view\reservation\addRequestsReservation.php:41
[2025-01-19 20:38:13] Error: 2 - Undefined array key "admin" en C:\xampp\htdocs\bitacora_oriental\view\reservation\addRequestsReservation.php:41
[2025-01-19 20:39:32] Error: 2 - Undefined array key "admin" en C:\xampp\htdocs\bitacora_oriental\view\reservation\addRequestsReservation.php:41
[2025-01-19 20:39:49] Error: 2 - Undefined array key "admin" en C:\xampp\htdocs\bitacora_oriental\view\reservation\addRequestsReservation.php:41
[2025-01-19 20:41:03] Error: 2 - Undefined array key "admin" en C:\xampp\htdocs\bitacora_oriental\view\reservation\addRequestsReservation.php:44
[2025-01-19 20:41:43] Error: 2 - Undefined array key "admin" en C:\xampp\htdocs\bitacora_oriental\view\reservation\addRequestsReservation.php:44
[2025-01-19 20:42:20] Error: 2 - Undefined array key "admin" en C:\xampp\htdocs\bitacora_oriental\view\reservation\addRequestsReservation.php:44
[2025-01-19 20:43:31] Error: 2 - Undefined array key "admin" en C:\xampp\htdocs\bitacora_oriental\view\reservation\addRequestsReservation.php:44
[2025-01-19 20:44:20] Error: 2 - Undefined array key "admin" en C:\xampp\htdocs\bitacora_oriental\view\reservation\addRequestsReservation.php:44
[2025-01-19 20:44:49] Error: 2 - Undefined array key "admin" en C:\xampp\htdocs\bitacora_oriental\view\reservation\addRequestsReservation.php:44
[2025-01-19 20:45:13] Error: 2 - Undefined array key "admin" en C:\xampp\htdocs\bitacora_oriental\view\reservation\addRequestsReservation.php:44
[2025-01-19 20:50:07] Error: 2 - Undefined array key "admin" en C:\xampp\htdocs\bitacora_oriental\view\reservation\addRequestsReservation.php:42
[2025-01-19 20:50:21] Error: 2 - Undefined array key "admin" en C:\xampp\htdocs\bitacora_oriental\view\reservation\addRequestsReservation.php:44
[2025-01-19 20:51:04] Error: 2 - Undefined array key "admin" en C:\xampp\htdocs\bitacora_oriental\view\reservation\addRequestsReservation.php:44
[2025-01-19 20:53:43] Error: 2 - Undefined array key "admin" en C:\xampp\htdocs\bitacora_oriental\view\reservation\addRequestsReservation.php:44
[2025-01-19 20:54:09] Error: 2 - Undefined array key "admin" en C:\xampp\htdocs\bitacora_oriental\view\reservation\addRequestsReservation.php:44
[2025-01-19 20:55:45] Error: 2 - Undefined array key "admin" en C:\xampp\htdocs\bitacora_oriental\view\reservation\addRequestsReservation.php:42
[2025-01-19 20:56:11] Error: 2 - Undefined array key "admin" en C:\xampp\htdocs\bitacora_oriental\view\reservation\addRequestsReservation.php:42
[2025-01-19 20:57:11] Error: 2 - Undefined array key "admin" en C:\xampp\htdocs\bitacora_oriental\view\reservation\addRequestsReservation.php:42
[2025-01-19 20:59:46] Error: 2 - Undefined array key "admin" en C:\xampp\htdocs\bitacora_oriental\view\reservation\addRequestsReservation.php:42
[2025-01-19 21:00:31] Error: 2 - Undefined array key "admin" en C:\xampp\htdocs\bitacora_oriental\view\reservation\addRequestsReservation.php:42
[2025-01-19 21:03:04] Error: 2 - Undefined array key "admin" en C:\xampp\htdocs\bitacora_oriental\view\reservation\addRequestsReservation.php:42
[2025-01-19 21:55:44] Error: 2 - mail(): Failed to connect to mailserver at &quot;localhost&quot; port 25, verify your &quot;SMTP&quot; and &quot;smtp_port&quot; setting in php.ini or use ini_set() en C:\xampp\htdocs\bitacora_oriental\model\user.php:523
[2025-01-19 21:58:49] Error: 2 - mail(): Failed to connect to mailserver at &quot;localhost&quot; port 25, verify your &quot;SMTP&quot; and &quot;smtp_port&quot; setting in php.ini or use ini_set() en C:\xampp\htdocs\bitacora_oriental\model\user.php:523
[2025-01-19 21:59:14] Error: 2 - mail(): Failed to connect to mailserver at &quot;localhost&quot; port 25, verify your &quot;SMTP&quot; and &quot;smtp_port&quot; setting in php.ini or use ini_set() en C:\xampp\htdocs\bitacora_oriental\model\user.php:523
[2025-01-19 22:26:49] Error: 2 - Undefined array key "trip" en C:\xampp\htdocs\bitacora_oriental\view\reservation\listRequestsReservationA.php:17
[2025-01-19 22:26:49] Error: 2 - foreach() argument must be of type array|object, null given en C:\xampp\htdocs\bitacora_oriental\view\reservation\listRequestsReservationA.php:20
[2025-01-19 22:27:03] Error: 2 - Undefined array key "trip" en C:\xampp\htdocs\bitacora_oriental\view\reservation\listRequestsReservationA.php:17
[2025-01-19 22:27:03] Error: 2 - foreach() argument must be of type array|object, null given en C:\xampp\htdocs\bitacora_oriental\view\reservation\listRequestsReservationA.php:20
[2025-01-19 22:28:45] Error: 2 - Undefined array key "trip" en C:\xampp\htdocs\bitacora_oriental\view\reservation\listRequestsReservationA.php:17
[2025-01-19 22:28:45] Error: 2 - foreach() argument must be of type array|object, null given en C:\xampp\htdocs\bitacora_oriental\view\reservation\listRequestsReservationA.php:20
[2025-01-19 22:29:05] Error: 2 - Undefined array key "trip" en C:\xampp\htdocs\bitacora_oriental\view\reservation\listRequestsReservationA.php:17
[2025-01-19 22:29:05] Error: 2 - foreach() argument must be of type array|object, null given en C:\xampp\htdocs\bitacora_oriental\view\reservation\listRequestsReservationA.php:20
[2025-01-19 22:29:09] Error: 2 - Undefined array key "trip" en C:\xampp\htdocs\bitacora_oriental\view\reservation\listRequestsReservationA.php:17
[2025-01-19 22:29:09] Error: 2 - foreach() argument must be of type array|object, null given en C:\xampp\htdocs\bitacora_oriental\view\reservation\listRequestsReservationA.php:20
[2025-01-19 22:30:36] Error: 2 - Undefined array key "trip" en C:\xampp\htdocs\bitacora_oriental\view\reservation\listRequestsReservationA.php:17
[2025-01-19 22:30:36] Error: 2 - foreach() argument must be of type array|object, null given en C:\xampp\htdocs\bitacora_oriental\view\reservation\listRequestsReservationA.php:20
[2025-01-19 22:30:41] Error: 2 - Undefined array key "trip" en C:\xampp\htdocs\bitacora_oriental\view\reservation\listRequestsReservationA.php:17
[2025-01-19 22:30:41] Error: 2 - foreach() argument must be of type array|object, null given en C:\xampp\htdocs\bitacora_oriental\view\reservation\listRequestsReservationA.php:20
[2025-01-19 23:04:23] Error: 2 - Undefined array key "admin" en C:\xampp\htdocs\bitacora_oriental\view\reservation\addRequestsReservation.php:42
[2025-01-19 23:05:30] Error: 2 - Undefined array key "admin" en C:\xampp\htdocs\bitacora_oriental\view\reservation\addRequestsReservation.php:42
[2025-01-19 23:09:08] Error: 2 - Undefined array key "admin" en C:\xampp\htdocs\bitacora_oriental\view\reservation\addRequestsReservation.php:42
[2025-01-19 23:09:14] Error: 2 - Undefined array key "admin" en C:\xampp\htdocs\bitacora_oriental\view\reservation\addRequestsReservation.php:42
[2025-01-19 23:09:19] Error: 2 - Undefined array key "admin" en C:\xampp\htdocs\bitacora_oriental\view\reservation\addRequestsReservation.php:42
[2025-01-19 23:14:50] Error: 2 - Undefined array key "admin" en C:\xampp\htdocs\bitacora_oriental\view\reservation\addRequestsReservation.php:42
[2025-01-19 23:14:54] Error: 2 - Undefined array key "admin" en C:\xampp\htdocs\bitacora_oriental\view\reservation\addRequestsReservation.php:42
[2025-01-20 00:09:25] Error: 2 - Undefined array key "admin" en C:\xampp\htdocs\bitacora_oriental\view\reservation\addRequestsReservation.php:42
[2025-01-20 00:10:09] Error: 2 - Undefined array key "admin" en C:\xampp\htdocs\bitacora_oriental\view\reservation\addRequestsReservation.php:42
[2025-01-20 00:11:05] Error: 2 - Undefined array key "admin" en C:\xampp\htdocs\bitacora_oriental\view\reservation\addRequestsReservation.php:42
[2025-01-20 10:02:26] Error: 2 - Undefined array key "admin" en C:\xampp\htdocs\bitacora_oriental\view\reservation\addRequestsReservation.php:42
[2025-01-20 10:31:36] Error: 2 - Undefined array key "user" en C:\xampp\htdocs\bitacora_oriental\view\user\userPanel.php:4
[2025-01-20 10:31:36] Error: 2 - Trying to access array offset on value of type null en C:\xampp\htdocs\bitacora_oriental\view\user\userPanel.php:27
[2025-01-20 10:31:36] Error: 2 - Trying to access array offset on value of type null en C:\xampp\htdocs\bitacora_oriental\view\user\userPanel.php:33
[2025-01-20 10:31:36] Error: 2 - Trying to access array offset on value of type null en C:\xampp\htdocs\bitacora_oriental\view\user\userPanel.php:38
[2025-01-20 10:31:36] Error: 2 - Trying to access array offset on value of type null en C:\xampp\htdocs\bitacora_oriental\view\user\userPanel.php:43
[2025-01-20 10:31:36] Error: 2 - Trying to access array offset on value of type null en C:\xampp\htdocs\bitacora_oriental\view\user\userPanel.php:51
[2025-01-20 10:31:36] Error: 2 - Trying to access array offset on value of type null en C:\xampp\htdocs\bitacora_oriental\view\user\userPanel.php:56
[2025-01-20 10:31:36] Error: 2 - Trying to access array offset on value of type null en C:\xampp\htdocs\bitacora_oriental\view\user\userPanel.php:64
[2025-01-20 10:31:36] Error: 2 - Trying to access array offset on value of type null en C:\xampp\htdocs\bitacora_oriental\view\user\userPanel.php:64
[2025-01-20 10:31:36] Error: 2 - Trying to access array offset on value of type null en C:\xampp\htdocs\bitacora_oriental\view\user\userPanel.php:64
[2025-01-20 10:31:36] Error: 2 - Trying to access array offset on value of type null en C:\xampp\htdocs\bitacora_oriental\view\user\userPanel.php:69
[2025-01-20 10:31:36] Error: 2 - Trying to access array offset on value of type null en C:\xampp\htdocs\bitacora_oriental\view\user\userPanel.php:75
